,ACCIDENT_NO,ACCIDENTDATE,CYCLISTS,CYCLISTS_COUNT_LS,ACCIDENTTIME,ACCIDENT_TYPE,ACCIDENT_TYPE_DESC,DAY_OF_WEEK,DAY_WEEK_DESC,DCA_CODE,DCA Description,LIGHT_CONDITION,LIGHT_CONDITION_DEC,NO_OF_VEHICLES,NO_PERSONS,NO_PERSONS_INJ_2,NO_PERSONS_INJ_3,NO_PERSONS_KILLED,NO_PERSONS_NOT_INJ,POLICE_ATTEND,ROAD_GEOMETRY_DESC,SEVERITY,SEVERITY_DESC,SPEED_ZONE,VEHICLE_ID,INITIAL_DIRECTION,Vehicle Type Desc,FINAL_DIRECTION,DRIVER_INTENT,VEHICLE_MOVEMENT,TRAILER_TYPE,INITIAL_IMPACT,LAMPS,LEVEL_OF_DAMAGE,TRAFFIC_CONTROL_DESC,ROAD_ROUTE_1,ROAD_NAME,ROAD_TYPE,ROAD_NAME_INT,ROAD_TYPE_INT,DISTANCE_LOCATION,DIRECTION_LOCATION,NODE_ID,NODE_TYPE,LGA_NAME,Lga Name All,Lat,Long,Postcode No
14607,T20060031329,15/08/2006,59850,4921,17.45.00,1,Collision with vehicle,3,Tuesday,163,VEHICLE STRIKES DOOR OF PARKED/STATIONARY VEHICLE      ,2,Dusk/Dawn,2,3,0,1,0,2,1,Not at intersection,3,Other Injury,60,B,W ,Bicycle,W ,1,1,H,9,9,9,No control,9999,MACARTHUR,STREET,SPRING,STREET,19,NE,193373,N,MELBOURNE,MELBOURNE,-37.81316,144.97404,3002
14642,T20060031388,16/08/2006,59850,4921,08.30.00,1,Collision with vehicle,4,Wednesday,163,VEHICLE STRIKES DOOR OF PARKED/STATIONARY VEHICLE      ,1,Day,2,2,0,1,0,1,1,Not at intersection,3,Other Injury,60,B,SE,Bicycle,SE,99,99,H,9,9,9,No control,5882,ST KILDA,ROAD,BROMBY,STREET,62,SE,205899,N,MELBOURNE,"PORT PHILLIP,MELBOURNE",-37.83514,144.97494,3004
14861,T20060031870,19/08/2006,59850,4921,13.15.00,2,Struck Pedestrian,7,Saturday,101,PED EMERGES FROM IN FRONT OF PARKED OR STATIONARY VEHICLE  ,1,Day,1,2,1,0,0,1,1,Not at intersection,2,Hospitilisation,50,A,W ,Bicycle,W ,99,99,H,9,9,9,No control,9999,COLLINS,STREET,REGENT,PLACE,24,W,199266,N,MELBOURNE,MELBOURNE,-37.81534,144.96706,3000
14959,T20060032071,21/08/2006,59850,4921,06.45.00,8,No collision and no object struck,2,Monday,174,OUT OF CONTROL ON CARRIAGEWAY (ON STRAIGHT)         ,2,Dusk/Dawn,2,2,0,1,0,1,1,Cross intersection,3,Other Injury,50,B,W ,Bicycle,W ,1,1,H,9,9,9,Stop-go lights,9999,ELIZABETH,STREET,LITTLE COLLINS,STREET,0,N,36924,I,MELBOURNE,MELBOURNE,-37.81523,144.96361,3000
15055,T20060032250,22/08/2006,59850,4921,17.43.00,1,Collision with vehicle,3,Tuesday,100,PED NEAR SIDE. PED HIT BY VEHICLE FROM THE RIGHT.      ,2,Dusk/Dawn,2,3,0,1,0,2,1,Cross intersection,3,Other Injury,50,B,W ,Bicycle,W ,99,99,H,9,9,9,Stop-go lights,9999,ELIZABETH,STREET,LA TROBE,STREET,0,N,65743,I,MELBOURNE,MELBOURNE,-37.81032,144.96136,3000
15056,T20060032250,22/08/2006,59850,4921,17.43.00,1,Collision with vehicle,3,Tuesday,100,PED NEAR SIDE. PED HIT BY VEHICLE FROM THE RIGHT.      ,2,Dusk/Dawn,2,3,0,1,0,2,1,Cross intersection,3,Other Injury,50,B,W ,Bicycle,W ,99,99,H,9,9,9,Stop-go lights,9999,ELIZABETH,STREET,LA TROBE,STREET,0,N,65743,I,MELBOURNE,MELBOURNE,-37.81032,144.96136,3000
15199,T20060032504,24/08/2006,59850,4921,14.40.00,1,Collision with vehicle,5,Thursday,113,RIGHT NEAR (INTERSECTIONS ONLY)               ,1,Day,2,2,0,1,0,1,1,T intersection,3,Other Injury,40,B,N ,Bicycle,N ,1,1,H,9,9,9,No control,9999,SMITH,STREET,KERR,STREET,0,S,36135,I,YARRA,YARRA,-37.79736,144.98455,3066
15325,T20060032809,25/08/2006,59850,4921,22.25.00,1,Collision with vehicle,6,Friday,113,RIGHT NEAR (INTERSECTIONS ONLY)               ,3,Dark Street lights on,2,2,0,1,0,1,1,T intersection,3,Other Injury,50,B,SE,Bicycle,SE,1,1,H,9,9,9,No control,9999,SWALLOW,STREET,GRAHAM,STREET,0,SE,46342,I,PORT PHILLIP,PORT PHILLIP,-37.83839,144.93731,3207
15362,T20060032895,28/08/2006,59850,4921,09.40.00,1,Collision with vehicle,2,Monday,136,RIGHT TURN SIDESWIPE                    ,1,Day,2,2,1,0,0,1,1,Cross intersection,2,Hospitilisation,60,B,N ,Bicycle,E ,2,2,H,9,9,9,No control,5061,SPENCER,STREET,FLINDERS,STREET,0,S,35349,I,MELBOURNE,MELBOURNE,-37.8211,144.95507,3008
15363,T20060032895,28/08/2006,59850,4921,09.40.00,1,Collision with vehicle,2,Monday,136,RIGHT TURN SIDESWIPE                    ,1,Day,2,2,1,0,0,1,1,Cross intersection,2,Hospitilisation,60,B,N ,Bicycle,E ,2,2,H,9,9,9,No control,5061,SPENCER,STREET,FLINDERS,STREET,0,S,35349,I,MELBOURNE,MELBOURNE,-37.8211,144.95507,3008
15365,T20060032898,28/08/2006,59850,4921,07.55.00,1,Collision with vehicle,2,Monday,137,LEFT TURN SIDESWIPE                     ,1,Day,2,2,0,1,0,1,2,Cross intersection,3,Other Injury,50,B,S ,Bicycle,S ,1,1,H,9,9,9,Stop-go lights,5082,VICTORIA,STREET,SWANSTON,STREET,0,W,36264,I,MELBOURNE,MELBOURNE,-37.80666,144.9629,3053
15496,T20060033119,28/08/2006,59850,4921,15.00.00,1,Collision with vehicle,2,Monday,147,VEHICLE STRIKES ANOTHER VEH WHILE EMERGING FROM DRIVEWAY,1,Day,2,2,0,1,0,1,2,Not at intersection,3,Other Injury,50,B,NE,Bicycle,NE,99,99,H,9,9,9,No control,9999,LITTLE LONSDALE,STREET,ZEVENBOOM,LANE,17,E,211055,N,MELBOURNE,MELBOURNE,-37.81137,144.96156,3000
15646,T20060033408,28/08/2006,59850,4921,08.30.00,1,Collision with vehicle,2,Monday,148,VEHICLE OFF FOOTPATH STRIKES VEH ON CARRIAGEWAY,1,Day,2,2,1,0,0,1,2,T intersection,2,Hospitilisation,50,B,N ,Bicycle,N ,99,99,H,9,9,9,No control,2080,HODDLE,STREET,ERIN,STREET,0,S,37062,I,MELBOURNE,"YARRA,MELBOURNE",-37.81627,144.9902,3121
15538,T20060033199,30/08/2006,59850,4921,16.08.00,1,Collision with vehicle,4,Wednesday,163,VEHICLE STRIKES DOOR OF PARKED/STATIONARY VEHICLE      ,1,Day,3,3,1,0,0,2,1,Not at intersection,2,Hospitilisation,60,C,SE,Bicycle,SE,1,1,H,9,9,9,No control,5882,ST KILDA,ROAD,BROMBY,STREET,10,SE,80478,N,MELBOURNE,"PORT PHILLIP,MELBOURNE",-37.83475,144.97461,3004
15601,T20060033322,31/08/2006,59850,4921,18.30.00,1,Collision with vehicle,5,Thursday,120,HEAD ON (NOT OVERTAKING)                  ,3,Dark Street lights on,2,2,0,1,0,1,1,Not at intersection,3,Other Injury,50,B,N ,Bicycle,N ,99,99,H,9,9,9,No control,5499,CHURCH,STREET,BRIDGE,ROAD,30,S,206127,N,YARRA,YARRA,-37.81885,144.99912,3121
15840,T20060033827,4/09/2006,59850,4921,17.15.00,1,Collision with vehicle,2,Monday,135,LANE CHANGE LEFT (NOT OVERTAKING)              ,1,Day,2,2,1,0,0,1,2,T intersection,2,Hospitilisation,60,B,N ,Bicycle,N ,99,99,H,9,9,9,Stop-go lights,2080,HODDLE,STREET,EASTERN IN-HODDLE OF,RAMP,8,N,46046,N,YARRA,YARRA,-37.79598,144.99361,3067
15859,T20060033841,5/09/2006,59850,4921,00.30.00,1,Collision with vehicle,3,Tuesday,148,VEHICLE OFF FOOTPATH STRIKES VEH ON CARRIAGEWAY,3,Dark Street lights on,2,2,0,1,0,1,2,Not at intersection,3,Other Injury,50,B,E ,Bicycle,E ,99,99,H,9,9,9,Stop-go lights,5061,SPENCER,STREET,SIDDELEY,STREET,21,N,124776,N,MELBOURNE,MELBOURNE,-37.82152,144.95527,3008
16020,T20060034182,7/09/2006,59850,4921,15.50.00,8,No collision and no object struck,5,Thursday,174,OUT OF CONTROL ON CARRIAGEWAY (ON STRAIGHT)         ,1,Day,1,1,0,1,0,0,2,Cross intersection,3,Other Injury,60,A,W ,Bicycle,W ,1,1,H,9,9,9,No control,5287,SWAN,STREET,DOCKER,STREET,0,W,37170,I,YARRA,YARRA,-37.82555,144.99673,3121
16293,T20060034737,12/09/2006,59850,4921,14.50.00,1,Collision with vehicle,3,Tuesday,136,RIGHT TURN SIDESWIPE                    ,1,Day,2,2,0,0,1,1,1,Cross intersection,1,Fatal,60,B,SE,Bicycle,SW,99,99,H,9,9,9,Stop-go lights,2510,KINGS,WAY,ALBERT,ROAD,0,NW,370,I,PORT PHILLIP,PORT PHILLIP,-37.83507,144.97113,3205
16862,T20060035710,12/09/2006,59850,4921,08.30.00,1,Collision with vehicle,3,Tuesday,121,RIGHT THROUGH                        ,1,Day,2,2,0,1,0,1,2,T intersection,3,Other Injury,60,B,S ,Bicycle,S ,99,99,H,9,9,9,No control,5499,CHURCH,STREET,CHARLOTTE,STREET,0,N,37208,I,YARRA,YARRA,-37.82503,144.99805,3121
16389,T20060034912,14/09/2006,59850,4921,09.20.00,1,Collision with vehicle,5,Thursday,160,VEHICLE COLLIDES WITH VEHICLE PARKED ON LEFT OF ROAD    ,1,Day,2,1,1,0,0,0,2,Not at intersection,2,Hospitilisation,60,B,NK,Bicycle,NK,1,1,H,9,9,9,Unknown,9999,HOTHAM,STREET,HOTHAM,PLACE,19,E,206359,N,MELBOURNE,MELBOURNE,-37.81406,144.98493,3002
16431,T20060034973,14/09/2006,59850,4921,17.20.00,1,Collision with vehicle,5,Thursday,133,LANE SIDE SWIPE (VEHICLES IN PARALLEL LANES)        ,1,Day,2,2,1,0,0,1,1,Y intersection,2,Hospitilisation,60,B,NW,Bicycle,NW,99,99,H,9,9,9,No control,5882,ST KILDA,ROAD,ALBERT,ROAD,23,SE,238156,N,MELBOURNE,"MELBOURNE,PORT PHILLIP",-37.83364,144.97331,3004
16458,T20060035019,15/09/2006,59850,4921,07.05.00,1,Collision with vehicle,6,Friday,133,LANE SIDE SWIPE (VEHICLES IN PARALLEL LANES)        ,2,Dusk/Dawn,2,2,0,1,0,1,1,Not at intersection,3,Other Injury,60,B,W ,Bicycle,W ,1,1,H,9,9,9,No control,9999,WELLINGTON,PARADE,FLINDERS,STREET,79,E,206387,N,MELBOURNE,MELBOURNE,-37.81534,144.97575,3002
16736,T20060035508,19/09/2006,59850,4921,13.15.00,1,Collision with vehicle,3,Tuesday,159,OTHER OVERTAKING MANOEUVRES NOT INCLUDED IN DCAs 150-154  ,1,Day,2,3,0,1,0,2,1,Not at intersection,3,Other Injury,60,B,N ,Bicycle,N ,7,99,H,9,9,9,No control,9999,SWANSTON,STREET,LA TROBE,STREET,50,SE,126017,N,MELBOURNE,MELBOURNE,-37.81001,144.96402,3000
17249,T20060036502,21/09/2006,59850,4921,15.30.00,8,No collision and no object struck,5,Thursday,174,OUT OF CONTROL ON CARRIAGEWAY (ON STRAIGHT)         ,1,Day,2,2,1,0,0,1,2,Not at intersection,2,Hospitilisation,50,B,N ,Bicycle,N ,99,99,H,9,9,9,No control,9999,SWANSTON,STREET,COLLINS,STREET,51,N,199672,N,MELBOURNE,MELBOURNE,-37.81506,144.96634,3000
16973,T20060035914,22/09/2006,59850,4921,23.10.00,2,Struck Pedestrian,6,Friday,102,FAR SIDE. PED HIT BY VEHICLE FROM THE LEFT         ,3,Dark Street lights on,1,2,2,0,0,0,1,Cross intersection,2,Hospitilisation,50,A,S ,Bicycle,S ,1,1,H,9,9,9,Stop-go lights,5046,ELIZABETH,STREET,VICTORIA,STREET,0,S,36230,I,MELBOURNE,MELBOURNE,-37.80629,144.9595,3000
17076,T20060036183,24/09/2006,59850,4921,11.45.00,1,Collision with vehicle,1,Sunday,132,RIGHT REAR.                         ,1,Day,2,2,0,1,0,1,2,T intersection,3,Other Injury,60,B,N ,Bicycle,E ,2,99,H,9,9,9,No control,5499,CHURCH,STREET,HOWARD,STREET,0,N,37715,I,YARRA,YARRA,-37.83285,144.9967,3121
17056,T20060036149,25/09/2006,59850,4921,09.00.00,1,Collision with vehicle,2,Monday,121,RIGHT THROUGH                        ,1,Day,2,2,1,0,0,1,1,Not at intersection,2,Hospitilisation,60,B,E ,Bicycle,E ,99,99,H,9,9,9,No control,5082,VICTORIA,STREET,EXHIBITION,STREET,18,E,206539,N,MELBOURNE,MELBOURNE,-37.80726,144.96851,3053
17203,T20060036424,27/09/2006,59850,4921,17.20.00,2,Struck Pedestrian,4,Wednesday,100,PED NEAR SIDE. PED HIT BY VEHICLE FROM THE RIGHT.      ,2,Dusk/Dawn,1,3,1,2,0,0,1,Cross intersection,2,Hospitilisation,50,A,E ,Bicycle,E ,1,1,H,9,9,9,Stop-go lights,9999,FLINDERS,STREET,SWANSTON,STREET,0,W,238,I,MELBOURNE,MELBOURNE,-37.81745,144.96744,3000
17204,T20060036424,27/09/2006,59850,4921,17.20.00,2,Struck Pedestrian,4,Wednesday,100,PED NEAR SIDE. PED HIT BY VEHICLE FROM THE RIGHT.      ,2,Dusk/Dawn,1,3,1,2,0,0,1,Cross intersection,2,Hospitilisation,50,A,E ,Bicycle,E ,1,1,H,9,9,9,Stop-go lights,9999,FLINDERS,STREET,SWANSTON,STREET,0,W,238,I,MELBOURNE,MELBOURNE,-37.81745,144.96744,3000
17526,T20060037144,3/10/2006,59850,4921,16.20.00,1,Collision with vehicle,3,Tuesday,121,RIGHT THROUGH                        ,1,Day,2,5,1,0,0,4,1,Cross intersection,2,Hospitilisation,60,B,W ,Bicycle,W ,1,1,H,9,9,9,Stop-go lights,5041,KING,STREET,LA TROBE,STREET,0,S,65831,I,MELBOURNE,MELBOURNE,-37.81247,144.95392,3003
17527,T20060037144,3/10/2006,59850,4921,16.20.00,1,Collision with vehicle,3,Tuesday,121,RIGHT THROUGH                        ,1,Day,2,5,1,0,0,4,1,Cross intersection,2,Hospitilisation,60,B,W ,Bicycle,W ,1,1,H,9,9,9,Stop-go lights,5041,KING,STREET,LA TROBE,STREET,0,S,65831,I,MELBOURNE,MELBOURNE,-37.81247,144.95392,3003
17783,T20060037609,4/10/2006,59850,4921,07.20.00,1,Collision with vehicle,4,Wednesday,121,RIGHT THROUGH                        ,1,Day,2,2,0,1,0,1,2,Multiple intersection,3,Other Injury,60,B,SW,Bicycle,SW,1,1,H,F,2,9,Stop-go lights,9999,WHITEMAN,STREET,KINGS,WAY,0,NE,57472,I,MELBOURNE,MELBOURNE,-37.82414,144.95881,3006
18568,T20060038982,4/10/2006,59850,4921,18.00.00,1,Collision with vehicle,4,Wednesday,133,LANE SIDE SWIPE (VEHICLES IN PARALLEL LANES)        ,2,Dusk/Dawn,2,2,0,1,0,1,2,Not at intersection,3,Other Injury,60,A,N ,Bicycle,N ,1,1,H,1,2,1,No control,5882,ST KILDA,ROAD,TOORAK,ROAD,50,N,206813,N,MELBOURNE,"PORT PHILLIP,MELBOURNE",-37.8358,144.97533,3004
19580,T20060040932,4/10/2006,59850,4921,18.30.00,8,No collision and no object struck,4,Wednesday,174,OUT OF CONTROL ON CARRIAGEWAY (ON STRAIGHT)         ,2,Dusk/Dawn,1,1,1,0,0,0,2,T intersection,2,Hospitilisation,60,A,N ,Bicycle,N ,1,1,H,F,1,6,No control,2080,HODDLE,STREET,STUDLEY,STREET,0,S,36668,I,YARRA,YARRA,-37.80119,144.99276,3067
17760,T20060037540,6/10/2006,59850,4921,17.45.00,1,Collision with vehicle,6,Friday,121,RIGHT THROUGH                        ,1,Day,2,2,0,1,0,1,1,T intersection,3,Other Injury,40,B,E ,Bicycle,E ,1,1,H,1,2,5,No control,5898,TOORAK,ROAD,DARLING,STREET,0,W,37667,I,STONNINGTON,STONNINGTON,-37.83895,144.99131,3141
18506,T20060038885,8/10/2006,59850,4921,16.20.00,8,No collision and no object struck,1,Sunday,174,OUT OF CONTROL ON CARRIAGEWAY (ON STRAIGHT)         ,1,Day,2,2,1,0,0,1,2,Cross intersection,2,Hospitilisation,60,B,S ,Bicycle,S ,1,1,H,F,2,6,Stop-go lights,5082,VICTORIA,STREET,RATHDOWNE,STREET,0,W,29397,I,MELBOURNE,MELBOURNE,-37.80729,144.96885,3053
17984,T20060037978,10/10/2006,59850,4921,07.30.00,1,Collision with vehicle,3,Tuesday,147,VEHICLE STRIKES ANOTHER VEH WHILE EMERGING FROM DRIVEWAY,1,Day,2,2,1,0,0,1,1,Not at intersection,2,Hospitilisation,999,B,W ,Bicycle,W ,1,1,H,1,2,1,No control,2120,FOOTSCRAY,ROAD,APPLETON DOCK,ROAD,52,E,206774,N,MELBOURNE,MELBOURNE,-37.80904,144.92957,3003
18044,T20060038093,10/10/2006,59850,4921,12.30.00,1,Collision with vehicle,3,Tuesday,135,LANE CHANGE LEFT (NOT OVERTAKING)              ,1,Day,2,3,0,1,0,2,2,T intersection,3,Other Injury,50,B,S ,Bicycle,S ,1,1,H,F,2,1,No control,9999,BRUNSWICK,STREET,HANOVER,STREET,3,S,203648,N,YARRA,YARRA,-37.80309,144.97765,3065
19405,T20060040585,11/10/2006,59850,4921,19.45.00,1,Collision with vehicle,4,Wednesday,163,VEHICLE STRIKES DOOR OF PARKED/STATIONARY VEHICLE      ,2,Dusk/Dawn,2,2,0,1,0,1,2,Cross intersection,3,Other Injury,50,A,W ,Bicycle,W ,1,1,H,1,2,6,No control,9999,LITTLE BOURKE,STREET,SWANSTON,STREET,0,E,36940,I,MELBOURNE,MELBOURNE,-37.81255,144.96518,3000
18151,T20060038262,12/10/2006,59850,4921,12.00.00,1,Collision with vehicle,5,Thursday,134,LANE CHANGE RIGHT (NOT OVERTAKING)             ,1,Day,2,2,1,0,0,1,1,Not at intersection,2,Hospitilisation,50,B,E ,Bicycle,E ,6,6,H,9,2,6,No control,5103,WELLINGTON,PARADE,VALE,STREET,24,NW,37044,N,MELBOURNE,MELBOURNE,-37.81675,144.98774,3002
18539,T20060038927,17/10/2006,59850,4921,12.30.00,1,Collision with vehicle,3,Tuesday,163,VEHICLE STRIKES DOOR OF PARKED/STATIONARY VEHICLE      ,1,Day,2,2,0,1,0,1,2,Not at intersection,3,Other Injury,60,B,N ,Bicycle,N ,1,1,H,9,2,1,No control,9999,SMITH,STREET,GREEVES,STREET,24,N,208324,N,YARRA,YARRA,-37.80022,144.98405,3066
18852,T20060039591,22/10/2006,59850,4921,12.15.00,1,Collision with vehicle,1,Sunday,137,LEFT TURN SIDESWIPE                     ,1,Day,2,2,1,0,0,1,1,T intersection,2,Hospitilisation,40,B,N ,Bicycle,NK,1,1,H,9,0,1,No control,9999,BRUNSWICK,STREET,JAMES,STREET,0,N,36467,I,YARRA,YARRA,-37.80409,144.97748,3065
19969,T20060041762,26/10/2006,59850,4921,13.30.00,1,Collision with vehicle,5,Thursday,139,OTHER SAME DIRECTION-MANOUEVRES NOT INCLUDED IN DCAs 130-137,1,Day,2,2,0,1,0,1,2,Cross intersection,3,Other Injury,50,A,NW,Bicycle,NW,1,18,H,N,2,1,No control,5026,HARKER,STREET,FLEMINGTON,ROAD,0,SW,22,I,MELBOURNE,MELBOURNE,-37.7966,144.9512,3052
19528,T20060040816,31/10/2006,59850,4921,08.05.00,1,Collision with vehicle,3,Tuesday,113,RIGHT NEAR (INTERSECTIONS ONLY)               ,1,Day,2,2,1,0,0,1,1,T intersection,2,Hospitilisation,50,B,S ,Bicycle,S ,1,13,H,9,2,1,No control,9999,HOTHAM,STREET,WELLINGTON,STREET,0,W,29406,I,YARRA,YARRA,-37.79651,144.98781,3066
19684,T20060041151,31/10/2006,59850,4921,07.45.00,1,Collision with vehicle,3,Tuesday,133,LANE SIDE SWIPE (VEHICLES IN PARALLEL LANES)        ,1,Day,2,2,1,0,0,1,2,Cross intersection,2,Hospitilisation,60,A,NW,Bicycle,NW,1,18,H,1,2,2,No control,5127,TOORAK,ROAD,KINGS,WAY,0,NW,119,I,MELBOURNE,"PORT PHILLIP,MELBOURNE",-37.83622,144.97554,3004
21270,T20060044462,1/11/2006,59850,4921,17.35.00,1,Collision with vehicle,4,Wednesday,130,REAR END(VEHICLES IN SAME LANE)               ,1,Day,2,2,0,1,0,1,2,Cross intersection,3,Other Injury,50,A,N ,Bicycle,E ,2,2,H,F,2,1,No control,9999,FREEMAN,STREET,MUIR,STREET,0,W,37086,I,YARRA,YARRA,-37.81548,144.99161,3121
20753,T20060043395,6/11/2006,59850,4921,08.10.00,1,Collision with vehicle,2,Monday,137,LEFT TURN SIDESWIPE                     ,1,Day,2,2,0,1,0,1,2,Cross intersection,3,Other Injury,50,A,N ,Bicycle,N ,1,1,H,9,2,1,Stop-go lights,5318,CLARENDON,STREET,NORMANBY,ROAD,0,N,54453,I,MELBOURNE,MELBOURNE,-37.82519,144.95697,3006
19879,T20060041626,8/11/2006,59850,4921,08.42.00,1,Collision with vehicle,4,Wednesday,140,U TURN                           ,1,Day,2,2,1,0,0,1,1,Not at intersection,2,Hospitilisation,50,B,S ,Bicycle,W ,2,2,H,9,2,5,No control,9999,SPRING,STREET,WELLINGTON,PARADE,20,N,75953,N,MELBOURNE,MELBOURNE,-37.81512,144.97479,3002
19880,T20060041626,8/11/2006,59850,4921,08.42.00,1,Collision with vehicle,4,Wednesday,140,U TURN                           ,1,Day,2,2,1,0,0,1,1,Not at intersection,2,Hospitilisation,50,B,S ,Bicycle,W ,2,2,H,9,2,5,No control,9999,SPRING,STREET,WELLINGTON,PARADE,20,N,75953,N,MELBOURNE,MELBOURNE,-37.81512,144.97479,3002
20042,T20060041940,9/11/2006,59850,4921,08.05.00,1,Collision with vehicle,5,Thursday,137,LEFT TURN SIDESWIPE                     ,1,Day,2,2,0,1,0,1,2,T intersection,3,Other Injury,60,B,S ,Bicycle,S ,1,1,H,F,2,1,No control,5127,TOORAK,ROAD,ST KILDA,ROAD,0,E,46819,I,MELBOURNE,"MELBOURNE,PORT PHILLIP",-37.83695,144.97581,3004
20033,T20060041916,10/11/2006,59850,4921,12.06.00,1,Collision with vehicle,6,Friday,143,ENTERING PARKING                      ,1,Day,2,2,1,0,0,1,1,T intersection,2,Hospitilisation,40,B,W ,Bicycle,W ,1,1,H,9,0,1,No control,5948,VICTORIA,STREET,LITTLE LITHGOW,STREET,0,W,37151,I,YARRA,YARRA,-37.81027,144.99777,3121
20068,T20060041999,10/11/2006,59850,4921,17.40.00,1,Collision with vehicle,6,Friday,131,LEFT REAR                          ,1,Day,2,2,0,1,0,1,2,T intersection,3,Other Injury,60,B,SE,Bicycle,SW,3,15,H,R,2,3,Giveway sign,5128,ALBERT,ROAD,STEAD,STREET,0,NE,35346,I,PORT PHILLIP,PORT PHILLIP,-37.83654,144.96955,3205
20254,T20060042423,14/11/2006,59850,4921,08.45.00,1,Collision with vehicle,3,Tuesday,143,ENTERING PARKING                      ,1,Day,2,2,0,1,0,1,2,Not at intersection,3,Other Injury,50,A,NK,Bicycle,NK,1,1,H,F,2,5,Other,9999,ELGIN,STREET,SUTTON,PLACE,15,E,212097,N,MELBOURNE,MELBOURNE,-37.79746,144.97028,3053
20721,T20060043319,21/11/2006,59850,4921,12.30.00,8,No collision and no object struck,3,Tuesday,174,OUT OF CONTROL ON CARRIAGEWAY (ON STRAIGHT)         ,1,Day,1,1,0,1,0,0,2,Cross intersection,3,Other Injury,50,A,W ,Bicycle,W ,1,1,H,9,2,6,Unknown,9999,COLLINS,STREET,SWANSTON,STREET,0,E,29427,I,MELBOURNE,MELBOURNE,-37.81549,144.96654,3000
20851,T20060043574,23/11/2006,59850,4921,16.00.00,1,Collision with vehicle,5,Thursday,121,RIGHT THROUGH                        ,1,Day,2,2,0,1,0,1,1,Cross intersection,3,Other Injury,40,B,N ,Bicycle,N ,1,1,H,1,2,2,No control,9999,BRUNSWICK,STREET,ROSE,STREET,0,N,36494,I,YARRA,YARRA,-37.79595,144.97887,3065
20855,T20060043584,23/11/2006,59850,4921,15.45.00,1,Collision with vehicle,5,Thursday,113,RIGHT NEAR (INTERSECTIONS ONLY)               ,1,Day,2,2,0,1,0,1,1,T intersection,3,Other Injury,60,B,N ,Bicycle,N ,1,1,H,F,2,4,No control,9999,RATHDOWNE,STREET,UNIVERSITY,STREET,0,N,36378,I,MELBOURNE,MELBOURNE,-37.79967,144.97012,3053
21188,T20060044297,28/11/2006,59850,4921,16.45.00,1,Collision with vehicle,3,Tuesday,137,LEFT TURN SIDESWIPE                     ,1,Day,2,2,0,1,0,1,2,Cross intersection,3,Other Injury,60,A,S ,Bicycle,S ,1,1,H,F,2,5,Stop-go lights,5082,VICTORIA,PARADE,NICHOLSON,STREET,0,E,36408,I,MELBOURNE,MELBOURNE,-37.80811,144.97316,3002
23095,T20060048183,28/11/2006,59850,4921,12.00.00,1,Collision with vehicle,3,Tuesday,163,VEHICLE STRIKES DOOR OF PARKED/STATIONARY VEHICLE      ,1,Day,2,2,0,1,0,1,2,Not at intersection,3,Other Injury,60,B,S ,Bicycle,S ,1,99,H,5,2,1,No control,9999,BRUNSWICK,STREET,GREEVES,STREET,35,N,207418,N,YARRA,YARRA,-37.7995,144.97827,3065
21230,T20060044395,29/11/2006,59850,4921,08.20.00,1,Collision with vehicle,4,Wednesday,121,RIGHT THROUGH                        ,1,Day,2,6,0,1,0,5,2,T intersection,3,Other Injury,60,B,E ,Bicycle,E ,1,17,H,F,2,3,No control,9999,ADDERLEY,STREET,LA TROBE,STREET,0,NW,65879,I,MELBOURNE,MELBOURNE,-37.81348,144.95033,3008
21277,T20060044475,30/11/2006,59850,4921,09.05.00,1,Collision with vehicle,5,Thursday,116,LEFT NEAR (INTERSECTIONS ONLY)               ,1,Day,2,2,1,0,0,1,1,T intersection,2,Hospitilisation,50,B,NW,Bicycle,NW,1,13,H,F,2,1,No control,9999,ESPLANADE WEST,,LIARDET,STREET,0,N,55648,I,PORT PHILLIP,PORT PHILLIP,-37.83947,144.94387,3207
21421,T20060044713,1/12/2006,59850,4921,19.50.00,1,Collision with vehicle,6,Friday,110,CROSS TRAFFIC(INTERSECTIONS ONLY)              ,1,Day,2,2,1,0,0,1,2,Cross intersection,2,Hospitilisation,60,B,S ,Bicycle,S ,1,1,H,F,2,6,Stop-go lights,9999,FRANKLIN,STREET,SWANSTON,STREET,0,W,36291,I,MELBOURNE,MELBOURNE,-37.80746,144.96284,3000
21594,T20060045037,4/12/2006,59850,4921,13.05.00,8,No collision and no object struck,2,Monday,174,OUT OF CONTROL ON CARRIAGEWAY (ON STRAIGHT)         ,1,Day,1,1,0,1,0,0,1,Cross intersection,3,Other Injury,999,A,S ,Bicycle,S ,1,1,H,1,2,6,No control,9999,LITTLE BOURKE,STREET,SWANSTON,STREET,0,E,36940,I,MELBOURNE,MELBOURNE,-37.81255,144.96518,3000
23974,T20070001480,7/12/2006,59850,4921,17.00.00,1,Collision with vehicle,5,Thursday,163,VEHICLE STRIKES DOOR OF PARKED/STATIONARY VEHICLE      ,1,Day,2,2,0,1,0,1,2,Not at intersection,3,Other Injury,60,A,SE,Bicycle,SE,1,1,H,F,2,3,No control,5882,ST KILDA,ROAD,DOMAIN,ROAD,20,NW,207410,N,MELBOURNE,"MELBOURNE,PORT PHILLIP",-37.83267,144.97211,3004