,ACCIDENT_NO,ACCIDENTDATE,CYCLISTS,CYCLISTS_COUNT_LS,ACCIDENTTIME,ACCIDENT_TYPE,ACCIDENT_TYPE_DESC,DAY_OF_WEEK,DAY_WEEK_DESC,DCA_CODE,DCA Description,LIGHT_CONDITION,LIGHT_CONDITION_DEC,NO_OF_VEHICLES,NO_PERSONS,NO_PERSONS_INJ_2,NO_PERSONS_INJ_3,NO_PERSONS_KILLED,NO_PERSONS_NOT_INJ,POLICE_ATTEND,ROAD_GEOMETRY_DESC,SEVERITY,SEVERITY_DESC,SPEED_ZONE,VEHICLE_ID,INITIAL_DIRECTION,Vehicle Type Desc,FINAL_DIRECTION,DRIVER_INTENT,VEHICLE_MOVEMENT,TRAILER_TYPE,INITIAL_IMPACT,LAMPS,LEVEL_OF_DAMAGE,TRAFFIC_CONTROL_DESC,ROAD_ROUTE_1,ROAD_NAME,ROAD_TYPE,ROAD_NAME_INT,ROAD_TYPE_INT,DISTANCE_LOCATION,DIRECTION_LOCATION,NODE_ID,NODE_TYPE,LGA_NAME,Lga Name All,Lat,Long,Postcode No
21922,T20060045651,8/12/2006,59850,4921,18.00.00,1,Collision with vehicle,6,Friday,121,RIGHT THROUGH                        ,1,Day,2,2,0,2,0,0,2,T intersection,3,Other Injury,40,A,N ,Bicycle,N ,1,1,H,F,2,1,No control,9999,SMITH,STREET,HODGSON,STREET,0,S,36566,I,YARRA,YARRA,-37.80175,144.98379,3066
21969,T20060045756,9/12/2006,59850,4921,13.00.00,1,Collision with vehicle,7,Saturday,133,LANE SIDE SWIPE (VEHICLES IN PARALLEL LANES)        ,1,Day,2,2,1,0,0,1,1,Not at intersection,2,Hospitilisation,999,A,N ,Bicycle,N ,1,6,H,1,2,1,No control,9999,SWANSTON,STREET,RED CAPE,LANE,3,N,212076,N,MELBOURNE,MELBOURNE,-37.81086,144.96441,3000
22032,T20060045864,9/12/2006,59850,4921,19.30.00,8,No collision and no object struck,7,Saturday,174,OUT OF CONTROL ON CARRIAGEWAY (ON STRAIGHT)         ,2,Dusk/Dawn,2,2,1,0,0,1,2,Cross intersection,2,Hospitilisation,60,A,W ,Bicycle,W ,1,1,H,9,2,1,Stop-go lights,5736,NICHOLSON,STREET,JOHNSTON,STREET,0,S,36430,I,MELBOURNE,"YARRA,MELBOURNE",-37.79795,144.97488,3065
22351,T20060046460,15/12/2006,59850,4921,08.20.00,1,Collision with vehicle,6,Friday,163,VEHICLE STRIKES DOOR OF PARKED/STATIONARY VEHICLE      ,1,Day,2,4,0,1,0,3,1,Not at intersection,3,Other Injury,50,B,N ,Bicycle,N ,1,1,H,F,2,2,No control,9999,SWANSTON,STREET,ST KILDA,ROAD,50,N,1382,N,MELBOURNE,MELBOURNE,-37.8183,144.96783,3000
22364,T20060046475,15/12/2006,59850,4921,10.45.00,1,Collision with vehicle,6,Friday,121,RIGHT THROUGH                        ,1,Day,2,2,1,0,0,1,1,Cross intersection,2,Hospitilisation,40,B,S ,Bicycle,S ,1,1,H,F,2,9,No control,9999,MATER,STREET,WESTGARTH,STREET,0,W,36581,I,YARRA,YARRA,-37.79534,144.98489,3066
22604,T20060046953,18/12/2006,59850,4921,16.10.00,1,Collision with vehicle,2,Monday,163,VEHICLE STRIKES DOOR OF PARKED/STATIONARY VEHICLE      ,1,Day,2,2,0,1,0,1,1,Not at intersection,3,Other Injury,50,B,S ,Bicycle,S ,1,1,H,F,2,1,No control,9999,RUSSELL,STREET,BELMAN,PLACE,14,N,206247,N,MELBOURNE,MELBOURNE,-37.81109,144.96732,3000
23218,T20060048432,19/12/2006,59850,4921,08.00.00,1,Collision with vehicle,3,Tuesday,137,LEFT TURN SIDESWIPE                     ,1,Day,2,2,1,0,0,1,2,Cross intersection,2,Hospitilisation,50,B,S ,Bicycle,S ,3,3,H,N,2,1,Stop-go lights,9999,EXHIBITION,STREET,FLINDERS,LANE,0,N,35367,I,MELBOURNE,MELBOURNE,-37.81502,144.97192,3000
24474,T20070002578,21/12/2006,59850,4921,23.30.00,8,No collision and no object struck,5,Thursday,174,OUT OF CONTROL ON CARRIAGEWAY (ON STRAIGHT)         ,3,Dark Street lights on,1,1,1,0,0,0,2,Not at intersection,2,Hospitilisation,50,A,N ,Bicycle,N ,1,1,H,F,2,6,No control,9999,BRUNSWICK,STREET,JOHNSTON,STREET,20,N,122369,N,YARRA,YARRA,-37.79816,144.9785,3065
23082,T20060048138,27/12/2006,59850,4921,17.35.00,1,Collision with vehicle,4,Wednesday,121,RIGHT THROUGH                        ,1,Day,2,2,0,1,0,1,2,Cross intersection,3,Other Injury,60,B,S ,Bicycle,S ,1,1,H,F,2,3,Stop-go lights,5882,ST KILDA,ROAD,LINLITHGOW,AVENUE,0,N,29387,I,MELBOURNE,MELBOURNE,-37.82332,144.97013,3006
23988,T20070001505,27/12/2006,59850,4921,08.45.00,8,No collision and no object struck,4,Wednesday,174,OUT OF CONTROL ON CARRIAGEWAY (ON STRAIGHT)         ,1,Day,2,2,0,1,0,1,2,Not at intersection,3,Other Injury,60,B,NW,Bicycle,NW,1,5,H,N,2,1,No control,5068,MACAULAY,ROAD,FOGARTY,STREET,30,NW,208312,N,MELBOURNE,MELBOURNE,-37.79744,144.94112,3051
23171,T20060048315,29/12/2006,59850,4921,08.05.00,1,Collision with vehicle,6,Friday,160,VEHICLE COLLIDES WITH VEHICLE PARKED ON LEFT OF ROAD    ,1,Day,2,1,1,0,0,0,1,Not at intersection,2,Hospitilisation,999,B,N ,Bicycle,N ,1,18,H,F,0,6,No control,9999,SWANSTON,STREET,FLINDERS,LANE,29,S,188373,N,MELBOURNE,MELBOURNE,-37.81673,144.9671,3000
23321,T20070000093,1/01/2007,67551,5554,15.00.00,1,Collision with vehicle,2,Monday,133,LANE SIDE SWIPE (VEHICLES IN PARALLEL LANES)        ,1,Day,2,2,0,1,0,1,1,T intersection,3,Other Injury,70,A,NW,Bicycle,N ,3,3,H,R,2,6,Stop-go lights,2120,WURUNDJERI,WAY,FLINDERS,STREET,0,NE,46621,I,MELBOURNE,MELBOURNE,-37.82185,144.95219,3008
25802,T20070004901,3/01/2007,67551,5554,16.30.00,1,Collision with vehicle,4,Wednesday,163,VEHICLE STRIKES DOOR OF PARKED/STATIONARY VEHICLE      ,1,Day,2,2,1,0,0,1,2,Not at intersection,2,Hospitilisation,60,B,NW,Bicycle,NW,1,1,H,F,2,2,No control,5882,ST KILDA,ROAD,SLATER,STREET,114,N,212695,N,MELBOURNE,"MELBOURNE,PORT PHILLIP",-37.8381,144.97622,3004
23675,T20070000841,9/01/2007,67551,5554,09.20.00,1,Collision with vehicle,3,Tuesday,116,LEFT NEAR (INTERSECTIONS ONLY)               ,1,Day,2,2,0,1,0,1,1,Cross intersection,3,Other Injury,60,B,W ,Bicycle,W ,1,1,H,R,2,1,Giveway sign,9999,BANK,STREET,MORAY,STREET,0,E,37557,I,PORT PHILLIP,PORT PHILLIP,-37.8334,144.96356,3205
24516,T20070002709,11/01/2007,67551,5554,17.45.00,1,Collision with vehicle,5,Thursday,133,LANE SIDE SWIPE (VEHICLES IN PARALLEL LANES)        ,9,Unknown,2,2,1,0,0,1,2,Cross intersection,2,Hospitilisation,50,B,S ,Bicycle,S ,1,1,H,R,2,5,Stop-go lights,9999,GRATTAN,STREET,SWANSTON,STREET,0,E,90,I,MELBOURNE,MELBOURNE,-37.80043,144.96398,3053
23868,T20070001220,12/01/2007,67551,5554,17.45.00,1,Collision with vehicle,6,Friday,140,U TURN                           ,1,Day,2,3,0,1,0,2,1,T intersection,3,Other Injury,50,B,E ,Bicycle,E ,1,1,H,F,2,5,Stop-go lights,9999,FLINDERS,STREET,QUEEN,STREET,0,W,36928,I,MELBOURNE,MELBOURNE,-37.8189,144.96248,3000
23869,T20070001220,12/01/2007,67551,5554,17.45.00,1,Collision with vehicle,6,Friday,140,U TURN                           ,1,Day,2,3,0,1,0,2,1,T intersection,3,Other Injury,50,B,E ,Bicycle,E ,1,1,H,F,2,5,Stop-go lights,9999,FLINDERS,STREET,QUEEN,STREET,0,W,36928,I,MELBOURNE,MELBOURNE,-37.8189,144.96248,3000
24058,T20070001649,16/01/2007,67551,5554,18.45.00,1,Collision with vehicle,3,Tuesday,134,LANE CHANGE RIGHT (NOT OVERTAKING)             ,1,Day,2,2,0,1,0,1,1,Not at intersection,3,Other Injury,60,B,W ,Bicycle,W ,6,7,H,4,0,1,No control,5838,WILLIAMSTOWN,ROAD,PAGE,AVENUE,75,E,207307,N,PORT PHILLIP,PORT PHILLIP,-37.83432,144.9284,3207
24077,T20070001682,16/01/2007,67551,5554,09.05.00,1,Collision with vehicle,3,Tuesday,135,LANE CHANGE LEFT (NOT OVERTAKING)              ,1,Day,2,2,0,1,0,1,2,Cross intersection,3,Other Injury,60,B,S ,Bicycle,S ,6,6,H,1,2,6,Stop-go lights,5082,VICTORIA,STREET,RATHDOWNE,STREET,0,W,29397,I,MELBOURNE,MELBOURNE,-37.80729,144.96885,3053
24141,T20070001808,18/01/2007,67551,5554,08.40.00,1,Collision with vehicle,5,Thursday,113,RIGHT NEAR (INTERSECTIONS ONLY)               ,1,Day,2,2,2,0,0,0,2,T intersection,2,Hospitilisation,999,B,N ,Bicycle,N ,1,1,H,F,2,9,No control,5130,FERRARS,STREET,ST VINCENT S,PLACE,0,N,37510,I,PORT PHILLIP,PORT PHILLIP,-37.83881,144.95764,3206
24947,T20070003475,18/01/2007,67551,5554,20.00.00,2,Struck Pedestrian,5,Thursday,100,PED NEAR SIDE. PED HIT BY VEHICLE FROM THE RIGHT.      ,2,Dusk/Dawn,1,2,0,1,0,1,2,Cross intersection,3,Other Injury,50,A,S ,Bicycle,S ,99,1,H,F,2,9,Unknown,9999,LA TROBE,STREET,SWANSTON,STREET,0,W,35358,I,MELBOURNE,MELBOURNE,-37.80959,144.96383,3000
24948,T20070003475,18/01/2007,67551,5554,20.00.00,2,Struck Pedestrian,5,Thursday,100,PED NEAR SIDE. PED HIT BY VEHICLE FROM THE RIGHT.      ,2,Dusk/Dawn,1,2,0,1,0,1,2,Cross intersection,3,Other Injury,50,A,S ,Bicycle,S ,99,1,H,F,2,9,Unknown,9999,LA TROBE,STREET,SWANSTON,STREET,0,W,35358,I,MELBOURNE,MELBOURNE,-37.80959,144.96383,3000
24685,T20070003030,24/01/2007,67551,5554,18.30.00,1,Collision with vehicle,4,Wednesday,121,RIGHT THROUGH                        ,1,Day,2,2,0,1,0,1,2,Not at intersection,3,Other Injury,50,B,E ,Bicycle,E ,1,1,H,F,2,9,No control,9999,LA TROBE,STREET,SUTHERLAND,STREET,54,W,207455,N,MELBOURNE,MELBOURNE,-37.81072,144.95998,3000
24686,T20070003030,24/01/2007,67551,5554,18.30.00,1,Collision with vehicle,4,Wednesday,121,RIGHT THROUGH                        ,1,Day,2,2,0,1,0,1,2,Not at intersection,3,Other Injury,50,B,E ,Bicycle,E ,1,1,H,F,2,9,No control,9999,LA TROBE,STREET,SUTHERLAND,STREET,54,W,207455,N,MELBOURNE,MELBOURNE,-37.81072,144.95998,3000
24551,T20070002769,25/01/2007,67551,5554,17.30.00,1,Collision with vehicle,5,Thursday,163,VEHICLE STRIKES DOOR OF PARKED/STATIONARY VEHICLE      ,1,Day,3,3,2,0,0,1,2,Not at intersection,2,Hospitilisation,60,B,S ,Bicycle,S ,1,1,H,9,2,1,No control,5882,ST KILDA,ROAD,LINLITHGOW,AVENUE,20,S,75499,N,MELBOURNE,MELBOURNE,-37.82349,144.97021,3006
24552,T20070002769,25/01/2007,67551,5554,17.30.00,1,Collision with vehicle,5,Thursday,163,VEHICLE STRIKES DOOR OF PARKED/STATIONARY VEHICLE      ,1,Day,3,3,2,0,0,1,2,Not at intersection,2,Hospitilisation,60,C,S ,Bicycle,S ,1,1,H,F,2,1,No control,5882,ST KILDA,ROAD,LINLITHGOW,AVENUE,20,S,75499,N,MELBOURNE,MELBOURNE,-37.82349,144.97021,3006
24585,T20070002812,25/01/2007,67551,5554,17.45.00,1,Collision with vehicle,5,Thursday,163,VEHICLE STRIKES DOOR OF PARKED/STATIONARY VEHICLE      ,6,Dark Street lights unknown,2,2,0,1,0,1,2,T intersection,3,Other Injury,60,B,S ,Bicycle,S ,1,1,H,8,9,9,No control,5499,CHURCH,STREET,YORKSHIRE,STREET,0,N,37713,I,YARRA,YARRA,-37.83161,144.99687,3121
24765,T20070003160,28/01/2007,67551,5554,01.30.00,8,No collision and no object struck,1,Sunday,170,OFF CARRIAGEWAY TO LEFT                   ,3,Dark Street lights on,1,1,1,0,0,0,1,Not at intersection,2,Hospitilisation,50,A,N ,Bicycle,N ,1,1,H,F,9,6,Stop-go lights,9999,SWANSTON,STREET,LITTLE LA TROBE,STREET,29,S,194614,N,MELBOURNE,MELBOURNE,-37.8093,144.96369,3000
25569,T20070004490,31/01/2007,67551,5554,07.50.00,8,No collision and no object struck,4,Wednesday,172,OFF CARRIAGEWAY TO RIGHT                  ,1,Day,1,1,0,1,0,0,2,Not at intersection,3,Other Injury,50,A,S ,Bicycle,S ,19,19,H,F,2,3,No control,9999,LYGON,STREET,ARGYLE N,PLACE,21,N,210210,N,MELBOURNE,MELBOURNE,-37.80191,144.96673,3053
25874,T20070005041,2/02/2007,67551,5554,15.50.00,1,Collision with vehicle,6,Friday,163,VEHICLE STRIKES DOOR OF PARKED/STATIONARY VEHICLE      ,1,Day,2,2,0,1,0,1,2,Cross intersection,3,Other Injury,60,B,W ,Bicycle,W ,1,1,H,F,2,1,No control,9999,COLLINS,STREET,ELIZABETH,STREET,0,E,35360,I,MELBOURNE,MELBOURNE,-37.81622,144.96407,3000
25451,T20070004265,6/02/2007,67551,5554,08.15.00,1,Collision with vehicle,3,Tuesday,116,LEFT NEAR (INTERSECTIONS ONLY)               ,1,Day,2,2,0,1,0,1,2,Cross intersection,3,Other Injury,60,A,E ,Bicycle,E ,1,1,H,9,2,6,No control,5318,CLARENDON,STREET,NORMANBY,ROAD,0,N,54453,I,MELBOURNE,MELBOURNE,-37.82519,144.95697,3006
41031,T20070035690,6/02/2007,67551,5554,15.40.00,1,Collision with vehicle,3,Tuesday,163,VEHICLE STRIKES DOOR OF PARKED/STATIONARY VEHICLE      ,1,Day,2,2,1,0,0,1,2,Not at intersection,2,Hospitilisation,999,A,W ,Bicycle,W ,1,1,H,5,2,1,No control,5898,TOORAK,ROAD,PUNT,ROAD,14,E,211950,N,STONNINGTON,STONNINGTON,-37.83834,144.98668,3141
25571,T20070004492,8/02/2007,67551,5554,12.17.00,1,Collision with vehicle,5,Thursday,163,VEHICLE STRIKES DOOR OF PARKED/STATIONARY VEHICLE      ,1,Day,2,2,0,1,0,1,2,Not at intersection,3,Other Injury,60,B,W ,Bicycle,W ,1,1,H,F,2,1,No control,9999,LITTLE COLLINS,STREET,KING,STREET,44,W,210221,N,MELBOURNE,MELBOURNE,-37.81751,144.9557,3000
25864,T20070005030,12/02/2007,67551,5554,08.55.00,1,Collision with vehicle,2,Monday,137,LEFT TURN SIDESWIPE                     ,1,Day,2,2,0,1,0,1,1,Cross intersection,3,Other Injury,60,B,S ,Bicycle,S ,1,1,H,1,0,1,Stop sign,9999,LITTLE LONSDALE,STREET,RUSSELL,STREET,0,W,35362,I,MELBOURNE,MELBOURNE,-37.80985,144.96675,3000
26391,T20070006020,13/02/2007,67551,5554,16.50.00,1,Collision with vehicle,3,Tuesday,142,LEAVING PARKING                       ,1,Day,2,2,0,1,0,1,2,Not at intersection,3,Other Injury,50,A,N ,Bicycle,N ,1,1,H,5,2,6,No control,9999,BRUNSWICK,STREET,MOOR,STREET,35,S,210281,N,YARRA,YARRA,-37.80192,144.97785,3065
26117,T20070005482,14/02/2007,67551,5554,18.20.00,1,Collision with vehicle,4,Wednesday,133,LANE SIDE SWIPE (VEHICLES IN PARALLEL LANES)        ,2,Dusk/Dawn,2,2,0,1,0,1,2,Cross intersection,3,Other Injury,60,B,W ,Bicycle,W ,1,1,H,1,2,1,No control,5046,ELIZABETH,STREET,QUEENSBERRY,STREET,0,S,83,I,MELBOURNE,MELBOURNE,-37.80404,144.95847,3000
26325,T20070005902,18/02/2007,67551,5554,11.00.00,1,Collision with vehicle,1,Sunday,139,OTHER SAME DIRECTION-MANOUEVRES NOT INCLUDED IN DCAs 130-137,1,Day,2,4,0,1,0,3,2,Not at intersection,3,Other Injury,999,B,S ,Bicycle,S ,1,1,H,F,2,2,Unknown,9999,SMITH,STREET,PERRY,STREET,11,S,207592,N,YARRA,YARRA,-37.79993,144.9841,3066
26698,T20070006619,19/02/2007,67551,5554,08.15.00,1,Collision with vehicle,2,Monday,160,VEHICLE COLLIDES WITH VEHICLE PARKED ON LEFT OF ROAD    ,1,Day,2,2,1,0,0,1,1,Not at intersection,2,Hospitilisation,50,A,E ,Bicycle,E ,1,1,H,F,2,9,No control,9999,COLLINS,STREET,SPENCER,STREET,21,W,207654,N,MELBOURNE,MELBOURNE,-37.81913,144.95393,3008
33705,T20070020460,19/02/2007,67551,5554,07.00.00,1,Collision with vehicle,2,Monday,116,LEFT NEAR (INTERSECTIONS ONLY)               ,1,Day,2,2,0,1,0,1,1,Cross intersection,3,Other Injury,60,A,E ,Bicycle,E ,1,1,H,5,2,2,No control,5066,DRYBURGH,STREET,MACAULAY,ROAD,0,S,29373,I,MELBOURNE,MELBOURNE,-37.8003,144.94398,3051
30734,T20070014437,20/02/2007,67551,5554,15.00.00,9,Other accident,3,Tuesday,199,UNKNOWN-NO DETAILS ON MANOEUVRES OF ROAD-USERS IN ACCIDENT ,1,Day,1,1,1,0,0,0,2,T intersection,2,Hospitilisation,40,A,S ,Bicycle,S ,6,1,H,F,2,1,No control,5490,CHAPEL,STREET,MALCOLM,STREET,0,N,37717,I,STONNINGTON,STONNINGTON,-37.83683,144.99616,3141
26581,T20070006394,21/02/2007,67551,5554,18.15.00,1,Collision with vehicle,4,Wednesday,147,VEHICLE STRIKES ANOTHER VEH WHILE EMERGING FROM DRIVEWAY,1,Day,2,2,1,0,0,1,2,Not at intersection,2,Hospitilisation,50,A,W ,Bicycle,W ,1,1,H,5,2,2,No control,9999,BALLANTYNE,STREET,CLARENDON,STREET,53,W,212427,N,PORT PHILLIP,PORT PHILLIP,-37.82876,144.95798,3006
27074,T20070007345,23/02/2007,67551,5554,18.30.00,1,Collision with vehicle,6,Friday,147,VEHICLE STRIKES ANOTHER VEH WHILE EMERGING FROM DRIVEWAY,1,Day,2,2,0,2,0,0,2,Cross intersection,3,Other Injury,999,B,W ,Bicycle,W ,1,1,H,F,2,1,Unknown,5871,KINGS,WAY,QUEENS,LANE,0,W,88,I,PORT PHILLIP,PORT PHILLIP,-37.83649,144.97433,3004
27089,T20070007379,23/02/2007,67551,5554,08.30.00,1,Collision with vehicle,6,Friday,121,RIGHT THROUGH                        ,1,Day,2,2,1,0,0,1,1,Cross intersection,2,Hospitilisation,60,A,S ,Bicycle,S ,1,1,H,F,2,6,No control,9999,EASEY,STREET,WELLINGTON,STREET,0,W,36625,I,YARRA,YARRA,-37.79788,144.98758,3066
26701,T20070006622,24/02/2007,67551,5554,01.38.00,1,Collision with vehicle,7,Saturday,130,REAR END(VEHICLES IN SAME LANE)               ,3,Dark Street lights on,2,3,1,0,0,2,1,Cross intersection,2,Hospitilisation,999,A,N ,Bicycle,N ,1,1,H,F,1,2,No control,9999,FLINDERS,LANE,SWANSTON,STREET,0,E,35364,I,MELBOURNE,MELBOURNE,-37.81649,144.96699,3000
26821,T20070006886,25/02/2007,67551,5554,11.30.00,8,No collision and no object struck,1,Sunday,174,OUT OF CONTROL ON CARRIAGEWAY (ON STRAIGHT)         ,1,Day,2,2,0,1,0,1,2,Not at intersection,3,Other Injury,40,B,S ,Bicycle,S ,1,1,H,N,2,6,No control,9999,SWANSTON,STREET,FLINDERS,LANE,53,N,212434,N,MELBOURNE,MELBOURNE,-37.81604,144.96679,3000
26909,T20070007024,26/02/2007,67551,5554,17.15.00,1,Collision with vehicle,2,Monday,137,LEFT TURN SIDESWIPE                     ,1,Day,2,2,0,1,0,1,2,Cross intersection,3,Other Injury,50,B,S ,Bicycle,E ,3,3,H,5,2,1,Stop-go lights,5046,ELIZABETH,STREET,ROYAL,PARADE,0,S,36210,I,MELBOURNE,MELBOURNE,-37.79972,144.95756,3052
26938,T20070007060,26/02/2007,67551,5554,17.30.00,1,Collision with vehicle,2,Monday,163,VEHICLE STRIKES DOOR OF PARKED/STATIONARY VEHICLE      ,1,Day,2,2,1,0,0,1,1,Not at intersection,2,Hospitilisation,60,B,SE,Bicycle,SE,6,6,H,F,2,5,No control,5882,ST KILDA,ROAD,BOWEN,LANE,18,SE,210325,N,MELBOURNE,"PORT PHILLIP,MELBOURNE",-37.83399,144.97381,3004
27099,T20070007398,26/02/2007,67551,5554,16.35.00,1,Collision with vehicle,2,Monday,147,VEHICLE STRIKES ANOTHER VEH WHILE EMERGING FROM DRIVEWAY,1,Day,2,2,0,1,0,1,2,Multiple intersection,3,Other Injury,50,B,NE,Bicycle,SE,2,6,H,9,2,2,Roundabout,9999,FRANKLIN,STREET,QUEEN,STREET,0,W,55437,I,MELBOURNE,MELBOURNE,-37.80887,144.95801,3000
26942,T20070007069,27/02/2007,67551,5554,08.30.00,1,Collision with vehicle,3,Tuesday,133,LANE SIDE SWIPE (VEHICLES IN PARALLEL LANES)        ,1,Day,2,2,0,1,0,1,2,Cross intersection,3,Other Injury,60,B,N ,Bicycle,N ,1,1,H,9,2,6,Stop-go lights,5499,CHURCH,STREET,COTTER,STREET,0,N,29441,I,YARRA,YARRA,-37.83041,144.99708,3121
27423,T20070008019,6/03/2007,67551,5554,09.10.00,1,Collision with vehicle,3,Tuesday,137,LEFT TURN SIDESWIPE                     ,1,Day,2,2,1,0,0,1,1,Cross intersection,2,Hospitilisation,50,B,S ,Bicycle,S ,1,1,H,1,2,1,Stop-go lights,9999,CARDIGAN,STREET,QUEENSBERRY,STREET,0,S,36317,I,MELBOURNE,MELBOURNE,-37.80473,144.96473,3053
27935,T20070008954,6/03/2007,67551,5554,11.30.00,1,Collision with vehicle,3,Tuesday,140,U TURN                           ,1,Day,2,2,0,1,0,1,2,Not at intersection,3,Other Injury,50,B,E ,Bicycle,E ,1,2,H,F,2,2,No control,9999,COLLINS,STREET,WILLIAM,STREET,19,E,196592,N,MELBOURNE,MELBOURNE,-37.81759,144.95931,3000
28449,T20070009886,6/03/2007,67551,5554,09.00.00,1,Collision with vehicle,3,Tuesday,110,CROSS TRAFFIC(INTERSECTIONS ONLY)              ,1,Day,2,2,0,1,0,1,2,Cross intersection,3,Other Injury,50,B,N ,Bicycle,N ,1,1,H,8,2,2,Roundabout,9999,EASTERN,ROAD,NAPIER,STREET,0,N,29461,I,PORT PHILLIP,PORT PHILLIP,-37.8351,144.96636,3205
27643,T20070008381,7/03/2007,67551,5554,17.10.00,1,Collision with vehicle,4,Wednesday,163,VEHICLE STRIKES DOOR OF PARKED/STATIONARY VEHICLE      ,1,Day,2,2,1,0,0,1,2,T intersection,2,Hospitilisation,60,B,E ,Bicycle,E ,1,1,H,F,2,1,No control,5083,VICTORIA,PARADE,SMITH,STREET,0,W,36576,I,YARRA,YARRA,-37.80873,144.98259,3066
27660,T20070008410,8/03/2007,67551,5554,18.45.00,1,Collision with vehicle,5,Thursday,163,VEHICLE STRIKES DOOR OF PARKED/STATIONARY VEHICLE      ,1,Day,2,3,0,1,0,2,1,Not at intersection,3,Other Injury,50,B,NW,Bicycle,NW,1,1,H,F,2,1,No control,5882,ST KILDA,ROAD,BURNLEY,TUNNEL,75,N,212462,N,MELBOURNE,MELBOURNE,-37.82425,144.97056,3006
27678,T20070008445,8/03/2007,67551,5554,23.55.00,1,Collision with vehicle,5,Thursday,163,VEHICLE STRIKES DOOR OF PARKED/STATIONARY VEHICLE      ,3,Dark Street lights on,2,2,0,1,0,1,1,Not at intersection,3,Other Injury,40,B,W ,Bicycle,W ,1,1,H,F,2,6,No control,5853,JOHNSTON,STREET,CAMPBELL,STREET,18,W,210613,N,YARRA,YARRA,-37.79949,144.98942,3066
27739,T20070008542,9/03/2007,67551,5554,14.45.00,1,Collision with vehicle,6,Friday,163,VEHICLE STRIKES DOOR OF PARKED/STATIONARY VEHICLE      ,1,Day,2,2,1,0,0,1,1,Not at intersection,2,Hospitilisation,40,B,N ,Bicycle,N ,1,1,H,F,2,1,No control,9999,SMITH,STREET,JOHNSTON,STREET,20,N,122579,N,YARRA,YARRA,-37.79878,144.9843,3066
27750,T20070008567,9/03/2007,67551,5554,16.20.00,1,Collision with vehicle,6,Friday,148,VEHICLE OFF FOOTPATH STRIKES VEH ON CARRIAGEWAY,1,Day,2,2,0,1,0,1,1,T intersection,3,Other Injury,60,B,W ,Bicycle,W ,1,1,H,5,2,1,Stop-go lights,9999,QUEENSBERRY,STREET,RATHDOWNE,STREET,0,W,36380,I,MELBOURNE,MELBOURNE,-37.80523,144.9692,3053
27761,T20070008607,9/03/2007,67551,5554,19.00.00,1,Collision with vehicle,6,Friday,148,VEHICLE OFF FOOTPATH STRIKES VEH ON CARRIAGEWAY,1,Day,2,2,1,0,0,1,1,Cross intersection,2,Hospitilisation,60,B,S ,Bicycle,S ,1,1,H,F,2,1,Stop-go lights,5325,CITY,ROAD,MONTAGUE,STREET,0,SW,37481,I,PORT PHILLIP,PORT PHILLIP,-37.83275,144.9521,3205
28038,T20070009161,14/03/2007,67551,5554,06.20.00,1,Collision with vehicle,4,Wednesday,121,RIGHT THROUGH                        ,3,Dark Street lights on,2,2,1,0,0,1,2,T intersection,2,Hospitilisation,60,B,S ,Bicycle,S ,1,1,H,F,2,1,No control,9999,CATHEDRAL,PLACE,MACARTHUR,STREET,0,W,35368,I,MELBOURNE,MELBOURNE,-37.81071,144.97545,3002
28143,T20070009346,14/03/2007,67551,5554,16.40.00,1,Collision with vehicle,4,Wednesday,163,VEHICLE STRIKES DOOR OF PARKED/STATIONARY VEHICLE      ,1,Day,2,3,0,1,0,2,1,Not at intersection,3,Other Injury,60,B,N ,Bicycle,N ,1,1,H,F,2,1,No control,9999,ST KILDA,ROAD,SWANSTON,STREET,45,S,209416,N,MELBOURNE,MELBOURNE,-37.81911,144.9682,3000
28153,T20070009371,15/03/2007,67551,5554,17.59.00,1,Collision with vehicle,5,Thursday,110,CROSS TRAFFIC(INTERSECTIONS ONLY)              ,1,Day,2,2,1,0,0,1,1,Cross intersection,2,Hospitilisation,60,B,S ,Bicycle,S ,1,1,H,F,2,1,Stop sign,5499,CHURCH,STREET,AMSTERDAM,STREET,0,N,37712,I,YARRA,YARRA,-37.83103,144.99697,3121
30775,T20070014534,20/03/2007,67551,5554,17.15.00,1,Collision with vehicle,3,Tuesday,116,LEFT NEAR (INTERSECTIONS ONLY)               ,1,Day,2,2,0,1,0,1,2,T intersection,3,Other Injury,999,A,E ,Bicycle,E ,1,1,H,9,2,1,Ped. crossing,5102,LANSDOWNE,STREET,WELLINGTON,PARADE,0,N,29431,I,MELBOURNE,MELBOURNE,-37.81551,144.97736,3002
28617,T20070010279,22/03/2007,67551,5554,08.45.00,1,Collision with vehicle,5,Thursday,137,LEFT TURN SIDESWIPE                     ,1,Day,2,2,0,1,0,1,2,Cross intersection,3,Other Injury,60,B,N ,Bicycle,N ,1,1,H,F,2,9,Roundabout,9999,COVENTRY,STREET,MORAY,STREET,0,W,37555,I,PORT PHILLIP,PORT PHILLIP,-37.83118,144.96254,3205