,ACCIDENT_NO,ACCIDENTDATE,CYCLISTS,CYCLISTS_COUNT_LS,ACCIDENTTIME,ACCIDENT_TYPE,ACCIDENT_TYPE_DESC,DAY_OF_WEEK,DAY_WEEK_DESC,DCA_CODE,DCA Description,LIGHT_CONDITION,LIGHT_CONDITION_DEC,NO_OF_VEHICLES,NO_PERSONS,NO_PERSONS_INJ_2,NO_PERSONS_INJ_3,NO_PERSONS_KILLED,NO_PERSONS_NOT_INJ,POLICE_ATTEND,ROAD_GEOMETRY_DESC,SEVERITY,SEVERITY_DESC,SPEED_ZONE,VEHICLE_ID,INITIAL_DIRECTION,Vehicle Type Desc,FINAL_DIRECTION,DRIVER_INTENT,VEHICLE_MOVEMENT,TRAILER_TYPE,INITIAL_IMPACT,LAMPS,LEVEL_OF_DAMAGE,TRAFFIC_CONTROL_DESC,ROAD_ROUTE_1,ROAD_NAME,ROAD_TYPE,ROAD_NAME_INT,ROAD_TYPE_INT,DISTANCE_LOCATION,DIRECTION_LOCATION,NODE_ID,NODE_TYPE,LGA_NAME,Lga Name All,Lat,Long,Postcode No
28669,T20070010371,22/03/2007,67551,5554,19.55.00,1,Collision with vehicle,5,Thursday,110,CROSS TRAFFIC(INTERSECTIONS ONLY)              ,2,Dusk/Dawn,2,2,0,2,0,0,2,Cross intersection,3,Other Injury,60,B,N ,Bicycle,N ,1,1,H,1,1,2,Unknown,9999,PERRY,STREET,WELLINGTON,STREET,0,E,36629,I,YARRA,YARRA,-37.80016,144.98719,3066
28802,T20070010663,23/03/2007,67551,5554,14.05.00,1,Collision with vehicle,6,Friday,121,RIGHT THROUGH                        ,1,Day,2,5,0,1,0,4,2,T intersection,3,Other Injury,50,B,N ,Bicycle,N ,1,1,H,F,2,1,No control,9999,ABECKETT,STREET,SWANSTON,STREET,0,E,36290,I,MELBOURNE,MELBOURNE,-37.80853,144.96333,3000
28954,T20070010998,27/03/2007,67551,5554,07.50.00,1,Collision with vehicle,3,Tuesday,137,LEFT TURN SIDESWIPE                     ,1,Day,2,2,0,1,0,1,1,T intersection,3,Other Injury,60,B,S ,Bicycle,S ,1,1,H,F,2,1,No control,2080,PUNT,ROAD,STRODE,STREET,0,S,37066,I,MELBOURNE,"MELBOURNE,YARRA",-37.81938,144.98972,3121
28964,T20070011028,27/03/2007,67551,5554,09.02.00,1,Collision with vehicle,3,Tuesday,121,RIGHT THROUGH                        ,1,Day,2,2,1,0,0,1,1,Cross intersection,2,Hospitilisation,40,B,S ,Bicycle,S ,1,1,H,F,2,1,No control,9999,MOLLISON,STREET,NICHOLSON,STREET,0,W,36721,I,YARRA,YARRA,-37.80722,144.99643,3067
29174,T20070011372,29/03/2007,67551,5554,19.10.00,1,Collision with vehicle,4,Thursday,119,OTHER ADJACENT (INTERSECTIONS ONLY)             ,3,Dark Street lights on,2,2,1,0,0,1,1,Cross intersection,2,Hospitilisation,80,B,S ,Bicycle,S ,1,1,H,5,1,5,Stop-go lights,2120,FOOTSCRAY,ROAD,,,33,NK,46648,I,MELBOURNE,MELBOURNE,-37.80932,144.93396,3003
29395,T20070011819,2/04/2007,67551,5554,08.00.00,1,Collision with vehicle,2,Monday,135,LANE CHANGE LEFT (NOT OVERTAKING)              ,1,Day,2,2,0,1,0,1,1,T intersection,3,Other Injury,50,B,E ,Bicycle,E ,1,1,H,1,2,2,No control,9999,DEGRAVES,STREET,FLINDERS,STREET,0,N,36941,I,MELBOURNE,MELBOURNE,-37.81786,144.96603,3000
29396,T20070011819,2/04/2007,67551,5554,08.00.00,1,Collision with vehicle,2,Monday,135,LANE CHANGE LEFT (NOT OVERTAKING)              ,1,Day,2,2,0,1,0,1,1,T intersection,3,Other Injury,50,B,E ,Bicycle,E ,1,1,H,1,2,2,No control,9999,DEGRAVES,STREET,FLINDERS,STREET,0,N,36941,I,MELBOURNE,MELBOURNE,-37.81786,144.96603,3000
29435,T20070011871,2/04/2007,67551,5554,09.20.00,1,Collision with vehicle,2,Monday,135,LANE CHANGE LEFT (NOT OVERTAKING)              ,1,Day,2,2,1,0,0,1,1,Multiple intersection,2,Hospitilisation,60,B,SE,Bicycle,SE,1,1,H,1,2,1,No control,5066,DRYBURGH,STREET,MACAULAY,ROAD,0,S,29373,I,MELBOURNE,MELBOURNE,-37.8003,144.94398,3051
29637,T20070012275,5/04/2007,67551,5554,15.50.00,1,Collision with vehicle,5,Thursday,121,RIGHT THROUGH                        ,1,Day,2,5,1,0,0,4,1,T intersection,2,Hospitilisation,60,B,W ,Bicycle,W ,1,1,H,F,2,1,Stop-go lights,9999,KAVANAGH,STREET,SOUTHBANK,BOULEVARD,0,N,36946,I,MELBOURNE,MELBOURNE,-37.82305,144.96527,3006
33071,T20070019146,9/04/2007,67551,5554,17.45.00,1,Collision with vehicle,2,Monday,110,CROSS TRAFFIC(INTERSECTIONS ONLY)              ,1,Day,2,2,0,1,0,1,2,Cross intersection,3,Other Injury,60,A,E ,Bicycle,E ,1,1,H,F,2,5,No control,9999,CAMBRIDGE,STREET,LANGRIDGE,STREET,0,S,36603,I,YARRA,YARRA,-37.80656,144.9852,3066
30526,T20070014024,12/04/2007,67551,5554,21.40.00,1,Collision with vehicle,5,Thursday,133,LANE SIDE SWIPE (VEHICLES IN PARALLEL LANES)        ,3,Dark Street lights on,2,2,0,1,0,1,2,Not at intersection,3,Other Injury,60,A,N ,Bicycle,N ,7,7,H,1,1,1,No control,9999,ISLINGTON,STREET,VICTORIA,PARADE,79,N,211150,N,YARRA,YARRA,-37.80883,144.99058,3066
30133,T20070013242,13/04/2007,67551,5554,18.20.00,1,Collision with vehicle,6,Friday,137,LEFT TURN SIDESWIPE                     ,3,Dark Street lights on,2,2,0,1,0,1,1,T intersection,3,Other Injury,40,B,NW,Bicycle,NW,1,1,H,F,1,4,No control,2120,WURUNDJERI,WAY,HARBOUR,ESPLANADE,0,E,56424,I,MELBOURNE,MELBOURNE,-37.81278,144.9433,3008
30149,T20070013284,13/04/2007,67551,5554,23.15.00,1,Collision with vehicle,6,Friday,163,VEHICLE STRIKES DOOR OF PARKED/STATIONARY VEHICLE      ,3,Dark Street lights on,2,3,0,1,0,2,1,Not at intersection,3,Other Injury,60,B,W ,Bicycle,W ,1,17,H,5,9,1,No control,9999,SMITH,STREET,VICTORIA,PARADE,22,S,5520,N,MELBOURNE,"MELBOURNE,YARRA",-37.80892,144.98255,3066
30561,T20070014080,13/04/2007,67551,5554,17.00.00,1,Collision with vehicle,6,Friday,163,VEHICLE STRIKES DOOR OF PARKED/STATIONARY VEHICLE      ,1,Day,2,2,0,1,0,1,2,Not at intersection,3,Other Injury,50,A,N ,Bicycle,N ,1,1,H,F,1,1,No control,9999,SMITH,STREET,JOHNSTON,STREET,22,S,211160,N,YARRA,YARRA,-37.79915,144.98424,3066
31576,T20070016057,13/04/2007,67551,5554,14.45.00,1,Collision with vehicle,6,Friday,130,REAR END(VEHICLES IN SAME LANE)               ,1,Day,2,2,1,0,0,1,2,Cross intersection,2,Hospitilisation,50,A,S ,Bicycle,S ,1,1,H,4,2,1,Stop-go lights,5041,KING,STREET,LA TROBE,STREET,0,S,65831,I,MELBOURNE,MELBOURNE,-37.81247,144.95392,3003
31577,T20070016057,13/04/2007,67551,5554,14.45.00,1,Collision with vehicle,6,Friday,130,REAR END(VEHICLES IN SAME LANE)               ,1,Day,2,2,1,0,0,1,2,Cross intersection,2,Hospitilisation,50,A,S ,Bicycle,S ,1,1,H,4,2,1,Stop-go lights,5041,KING,STREET,LA TROBE,STREET,0,S,65831,I,MELBOURNE,MELBOURNE,-37.81247,144.95392,3003
30308,T20070013664,16/04/2007,67551,5554,01.30.00,8,No collision and no object struck,2,Monday,174,OUT OF CONTROL ON CARRIAGEWAY (ON STRAIGHT)         ,3,Dark Street lights on,1,1,0,1,0,0,2,Not at intersection,3,Other Injury,999,A,W ,Bicycle,W ,1,6,H,N,2,6,No control,5285,BRIDGE,ROAD,EUCALYPTUS,STREET,31,W,208451,N,YARRA,YARRA,-37.81844,144.99778,3121
32162,T20070017327,16/04/2007,67551,5554,08.20.00,8,No collision and no object struck,2,Monday,174,OUT OF CONTROL ON CARRIAGEWAY (ON STRAIGHT)         ,1,Day,1,1,0,1,0,0,2,Not at intersection,3,Other Injury,40,A,N ,Bicycle,N ,18,18,H,N,0,6,No control,9999,SWANSTON,STREET,COLLINS,STREET,49,S,208864,N,MELBOURNE,MELBOURNE,-37.81591,144.96673,3000
30292,T20070013640,17/04/2007,67551,5554,09.10.00,1,Collision with vehicle,3,Tuesday,163,VEHICLE STRIKES DOOR OF PARKED/STATIONARY VEHICLE      ,1,Day,2,2,1,0,0,1,1,Not at intersection,2,Hospitilisation,50,B,S ,Bicycle,S ,1,1,H,F,9,1,No control,9999,BRUNSWICK,STREET,ARGYLE,STREET,25,N,210746,N,YARRA,YARRA,-37.79732,144.97864,3065
30344,T20070013746,17/04/2007,67551,5554,09.50.00,1,Collision with vehicle,3,Tuesday,163,VEHICLE STRIKES DOOR OF PARKED/STATIONARY VEHICLE      ,1,Day,2,2,1,0,0,1,1,T intersection,2,Hospitilisation,60,B,W ,Bicycle,W ,1,1,H,9,2,9,No control,9999,GRATTAN,STREET,BARRY,STREET,0,E,36225,I,MELBOURNE,MELBOURNE,-37.79998,144.9599,3053
30356,T20070013755,18/04/2007,67551,5554,08.00.00,1,Collision with vehicle,4,Wednesday,137,LEFT TURN SIDESWIPE                     ,1,Day,2,2,1,0,0,1,1,Cross intersection,2,Hospitilisation,60,B,E ,Bicycle,E ,1,1,H,F,2,6,Stop-go lights,5082,VICTORIA,STREET,BOUVERIE,STREET,0,W,36261,I,MELBOURNE,MELBOURNE,-37.8065,144.96142,3053
31053,T20070014998,19/04/2007,67551,5554,07.30.00,1,Collision with vehicle,5,Thursday,136,RIGHT TURN SIDESWIPE                    ,1,Day,2,2,1,0,0,1,2,Cross intersection,2,Hospitilisation,60,A,E ,Bicycle,S ,2,2,H,4,2,5,Stop-go lights,5102,LANSDOWNE,STREET,ALBERT,STREET,0,N,37007,I,MELBOURNE,MELBOURNE,-37.80983,144.97833,3002
30829,T20070014636,23/04/2007,67551,5554,08.35.00,1,Collision with vehicle,2,Monday,163,VEHICLE STRIKES DOOR OF PARKED/STATIONARY VEHICLE      ,1,Day,3,3,0,1,0,2,1,Not at intersection,3,Other Injury,60,A,N ,Bicycle,N ,1,1,H,F,0,1,No control,5882,ST KILDA,ROAD,SLATER,STREET,50,N,80489,N,MELBOURNE,"PORT PHILLIP,MELBOURNE",-37.83865,144.97642,3004
30949,T20070014818,24/04/2007,67551,5554,18.30.00,1,Collision with vehicle,3,Tuesday,163,VEHICLE STRIKES DOOR OF PARKED/STATIONARY VEHICLE      ,3,Dark Street lights on,2,2,0,1,0,1,2,Not at intersection,3,Other Injury,50,A,E ,Bicycle,E ,1,1,H,5,1,2,No control,5285,BRIDGE,ROAD,TULLO,PLACE,11,E,210757,N,YARRA,YARRA,-37.81863,144.99979,3121
54817,T20080014799,24/04/2007,67551,5554,08.00.00,1,Collision with vehicle,3,Tuesday,163,VEHICLE STRIKES DOOR OF PARKED/STATIONARY VEHICLE      ,1,Day,2,2,0,1,0,1,2,Not at intersection,3,Other Injury,999,B,NW,Bicycle,NW,1,18,H,N,2,1,No control,9999,SWANSTON,STREET,FLINDERS,LANE,20,S,75143,N,MELBOURNE,MELBOURNE,-37.81665,144.96707,3000
30941,T20070014800,25/04/2007,67551,5554,09.00.00,1,Collision with vehicle,4,Wednesday,173,RIGHT OFF CARRIAGEWAY INTO OBJECT/PARKED VEHICLE      ,1,Day,2,3,1,0,0,2,1,Cross intersection,2,Hospitilisation,60,B,W ,Bicycle,W ,1,1,H,8,0,1,No control,5318,CLARENDON,STREET,BANK,STREET,0,N,37544,I,PORT PHILLIP,PORT PHILLIP,-37.83411,144.96108,3205
31085,T20070015072,27/04/2007,67551,5554,10.26.00,1,Collision with vehicle,6,Friday,121,RIGHT THROUGH                        ,1,Day,2,2,0,1,0,1,1,Cross intersection,3,Other Injury,50,B,SE,Bicycle,SE,1,1,H,F,2,4,Stop-go lights,5041,KING,STREET,COLLINS,STREET,0,S,206,I,MELBOURNE,MELBOURNE,-37.81836,144.95663,3000
31481,T20070015873,3/05/2007,67551,5554,12.40.00,1,Collision with vehicle,5,Thursday,116,LEFT NEAR (INTERSECTIONS ONLY)               ,1,Day,2,2,0,2,0,0,1,Cross intersection,3,Other Injury,50,B,E ,Bicycle,E ,1,1,H,5,0,1,No control,9999,GERTRUDE,STREET,NAPIER,STREET,0,W,36510,I,YARRA,YARRA,-37.80598,144.97945,3065
31586,T20070016082,4/05/2007,67551,5554,17.50.00,1,Collision with vehicle,6,Friday,113,RIGHT NEAR (INTERSECTIONS ONLY)               ,3,Dark Street lights on,2,2,0,1,0,1,1,T intersection,3,Other Injury,60,B,W ,Bicycle,W ,1,1,H,F,1,3,No control,9999,ARDEN,STREET,LLOYD,STREET,0,W,36061,I,MELBOURNE,MELBOURNE,-37.79928,144.93512,3031
31594,T20070016102,4/05/2007,67551,5554,20.40.00,1,Collision with vehicle,6,Friday,110,CROSS TRAFFIC(INTERSECTIONS ONLY)              ,3,Dark Street lights on,2,2,0,1,0,1,1,Cross intersection,3,Other Injury,60,B,W ,Bicycle,W ,1,1,H,F,1,5,Ped. crossing,5061,SPENCER,STREET,HAWKE,STREET,0,SE,36105,I,MELBOURNE,MELBOURNE,-37.80709,144.94697,3003
34545,T20070022163,4/05/2007,67551,5554,18.30.00,1,Collision with vehicle,5,Friday,163,VEHICLE STRIKES DOOR OF PARKED/STATIONARY VEHICLE      ,9,Unknown,2,2,0,1,0,1,2,Not at intersection,3,Other Injury,60,B,N ,Bicycle,N ,1,1,H,F,2,2,No control,5882,ST KILDA,ROAD,BOWEN,LANE,20,SE,135499,N,MELBOURNE,"PORT PHILLIP,MELBOURNE",-37.834,144.97382,3004
31648,T20070016219,5/05/2007,67551,5554,18.00.00,1,Collision with vehicle,7,Saturday,142,LEAVING PARKING                       ,1,Day,2,2,0,2,0,0,2,Not at intersection,3,Other Injury,60,B,E ,Bicycle,E ,1,1,H,8,2,1,No control,5287,SWAN,STREET,CREMORNE,STREET,16,W,208675,N,YARRA,YARRA,-37.82489,144.99098,3121
35928,T20070025196,5/05/2007,67551,5554,13.00.00,1,Collision with vehicle,7,Saturday,135,LANE CHANGE LEFT (NOT OVERTAKING)              ,1,Day,2,2,0,1,0,1,2,Not at intersection,3,Other Injury,50,A,N ,Bicycle,N ,1,1,H,1,2,5,No control,5499,CHURCH,STREET,GIBBONS,STREET,11,N,210985,N,YARRA,YARRA,-37.8286,144.99741,3121
41928,T20070037599,5/05/2007,67551,5554,13.00.00,1,Collision with vehicle,7,Saturday,137,LEFT TURN SIDESWIPE                     ,1,Day,2,3,1,0,0,2,2,T intersection,2,Hospitilisation,60,A,N ,Bicycle,N ,1,1,H,F,1,5,No control,5499,CHURCH,STREET,WILLIAM,STREET,0,N,37184,I,YARRA,YARRA,-37.82842,144.99744,3121
31739,T20070016422,7/05/2007,67551,5554,09.40.00,1,Collision with vehicle,2,Monday,135,LANE CHANGE LEFT (NOT OVERTAKING)              ,1,Day,2,2,1,0,0,1,1,T intersection,2,Hospitilisation,50,B,NW,Bicycle,NW,1,1,H,4,2,1,Roundabout,9999,FRANKLIN,STREET,QUEEN,STREET,0,W,36865,I,MELBOURNE,MELBOURNE,-37.8096,144.95823,3000
32329,T20070017652,9/05/2007,67551,5554,07.40.00,1,Collision with vehicle,3,Wednesday,113,RIGHT NEAR (INTERSECTIONS ONLY)               ,1,Day,2,2,0,2,0,0,2,T intersection,3,Other Injury,999,A,W ,Bicycle,W ,1,1,H,F,2,1,No control,5597,LORIMER,STREET,INGLES,STREET,0,E,36777,I,MELBOURNE,MELBOURNE,-37.82205,144.93271,3207
33231,T20070019468,9/05/2007,67551,5554,12.30.00,1,Collision with vehicle,4,Wednesday,130,REAR END(VEHICLES IN SAME LANE)               ,1,Day,2,2,0,1,0,1,2,Not at intersection,3,Other Injury,60,B,E ,Bicycle,E ,1,1,H,R,2,2,No control,9999,PALMERSTON,STREET,RATHDOWNE,STREET,26,W,212802,N,MELBOURNE,MELBOURNE,-37.79628,144.97041,3053
32012,T20070016970,11/05/2007,67551,5554,17.37.00,1,Collision with vehicle,6,Friday,136,RIGHT TURN SIDESWIPE                    ,2,Dusk/Dawn,3,3,1,0,0,2,2,Cross intersection,2,Hospitilisation,50,A,E ,Bicycle,E ,1,1,H,9,2,6,Stop-go lights,9999,COLLINS,STREET,RUSSELL,STREET,0,E,36972,I,MELBOURNE,MELBOURNE,-37.81477,144.969,3000
32177,T20070017352,12/05/2007,67551,5554,17.02.00,4,Collision with a fixed object,7,Saturday,164,PERMANENT OBSTRUCTION ON CARRIAGEWAY            ,2,Dusk/Dawn,1,1,1,0,0,0,1,Not at intersection,2,Hospitilisation,50,A,S ,Bicycle,S ,1,18,H,F,9,1,No control,9999,LENNOX,STREET,SWAN,STREET,30,N,209444,N,YARRA,YARRA,-37.82491,144.99343,3121
32520,T20070018041,15/05/2007,67551,5554,18.15.00,1,Collision with vehicle,3,Tuesday,121,RIGHT THROUGH                        ,2,Dusk/Dawn,2,2,1,0,0,1,2,T intersection,2,Hospitilisation,50,B,W ,Bicycle,W ,1,1,H,N,2,6,No control,5285,BRIDGE,ROAD,VERITY,STREET,0,W,37090,I,YARRA,YARRA,-37.81788,144.99295,3121
32767,T20070018553,15/05/2007,67551,5554,17.00.00,1,Collision with vehicle,3,Tuesday,163,VEHICLE STRIKES DOOR OF PARKED/STATIONARY VEHICLE      ,1,Day,2,3,0,1,0,2,2,Not at intersection,3,Other Injury,60,A,E ,Bicycle,E ,1,1,H,1,2,1,Unknown,5083,VICTORIA,PARADE,CLARENDON,STREET,49,W,211209,N,YARRA,YARRA,-37.80879,144.98326,3066
32270,T20070017544,16/05/2007,67551,5554,07.00.00,1,Collision with vehicle,4,Wednesday,135,LANE CHANGE LEFT (NOT OVERTAKING)              ,2,Dusk/Dawn,2,3,1,0,0,2,1,Not at intersection,2,Hospitilisation,60,B,E ,Bicycle,E ,6,6,H,F,2,9,Giveway sign,5898,TOORAK,ROAD,WILLIAM,STREET,21,W,208778,N,STONNINGTON,STONNINGTON,-37.83917,144.99305,3141
32878,T20070018801,17/05/2007,67551,5554,08.45.00,1,Collision with vehicle,5,Thursday,130,REAR END(VEHICLES IN SAME LANE)               ,1,Day,2,2,0,1,0,1,2,Not at intersection,3,Other Injury,50,A,E ,Bicycle,E ,1,1,H,R,2,9,No control,9999,BROUGHAM,STREET,CHURCH,STREET,49,E,209272,N,YARRA,YARRA,-37.82151,144.99922,3121
32654,T20070018308,21/05/2007,67551,5554,17.30.00,1,Collision with vehicle,2,Monday,113,RIGHT NEAR (INTERSECTIONS ONLY)               ,3,Dark Street lights on,2,2,1,0,0,1,1,T intersection,2,Hospitilisation,60,B,W ,Bicycle,W ,1,1,H,F,1,2,No control,9999,DOUGLAS,STREET,TURNER,STREET,0,S,47471,I,MELBOURNE,MELBOURNE,-37.82381,144.92398,3207
33162,T20070019311,22/05/2007,67551,5554,09.45.00,1,Collision with vehicle,3,Tuesday,130,REAR END(VEHICLES IN SAME LANE)               ,1,Day,2,2,0,1,0,1,2,Cross intersection,3,Other Injury,60,A,S ,Bicycle,S ,1,15,H,R,0,1,Stop-go lights,9999,ELIZABETH,STREET,LITTLE COLLINS,STREET,0,N,36924,I,MELBOURNE,MELBOURNE,-37.81523,144.96361,3000
32789,T20070018622,24/05/2007,67551,5554,07.35.00,1,Collision with vehicle,5,Thursday,121,RIGHT THROUGH                        ,1,Day,2,2,1,0,0,1,1,Cross intersection,2,Hospitilisation,50,A,E ,Bicycle,S ,2,2,H,F,2,2,Stop-go lights,9999,FLINDERS,STREET,QUEENS BRIDGE,STREET,0,W,35356,I,MELBOURNE,MELBOURNE,-37.8193,144.96109,3000
32790,T20070018622,24/05/2007,67551,5554,07.35.00,1,Collision with vehicle,5,Thursday,121,RIGHT THROUGH                        ,1,Day,2,2,1,0,0,1,1,Cross intersection,2,Hospitilisation,50,A,E ,Bicycle,S ,2,2,H,F,2,2,Stop-go lights,9999,FLINDERS,STREET,QUEENS BRIDGE,STREET,0,W,35356,I,MELBOURNE,MELBOURNE,-37.8193,144.96109,3000
32860,T20070018759,25/05/2007,67551,5554,08.25.00,1,Collision with vehicle,6,Friday,121,RIGHT THROUGH                        ,1,Day,2,2,0,1,0,1,1,Not at intersection,3,Other Injury,60,B,S ,Bicycle,S ,1,1,H,9,2,1,No control,5499,CHURCH,STREET,BRIDGE,ROAD,50,N,78133,N,YARRA,YARRA,-37.81814,144.99925,3121
32909,T20070018844,25/05/2007,67551,5554,15.35.00,1,Collision with vehicle,6,Friday,163,VEHICLE STRIKES DOOR OF PARKED/STATIONARY VEHICLE      ,1,Day,2,2,1,0,0,1,1,Cross intersection,2,Hospitilisation,60,B,N ,Bicycle,N ,1,1,H,F,2,1,No control,9999,ELGIN,STREET,LYGON,STREET,0,W,109,I,MELBOURNE,MELBOURNE,-37.79716,144.96756,3053
32991,T20070019020,26/05/2007,67551,5554,17.10.00,1,Collision with vehicle,7,Saturday,111,RIGHT FAR (INTERSECTIONS ONLY)               ,2,Dusk/Dawn,2,5,0,2,0,3,2,Cross intersection,3,Other Injury,60,B,E ,Bicycle,E ,1,1,H,1,2,1,Stop-go lights,9999,ELGIN,STREET,LYGON,STREET,0,W,109,I,MELBOURNE,MELBOURNE,-37.79716,144.96756,3053
33115,T20070019233,28/05/2007,67551,5554,18.15.00,1,Collision with vehicle,2,Monday,121,RIGHT THROUGH                        ,6,Dark Street lights unknown,2,2,0,1,0,1,2,T intersection,3,Other Injury,999,B,S ,Bicycle,S ,1,1,H,F,1,9,Unknown,5101,BRUNTON,AVENUE,JOLIMONT,ROAD,0,N,35372,I,MELBOURNE,MELBOURNE,-37.81825,144.97867,3004
33610,T20070020257,1/06/2007,67551,5554,19.00.00,1,Collision with vehicle,6,Friday,163,VEHICLE STRIKES DOOR OF PARKED/STATIONARY VEHICLE      ,3,Dark Street lights on,2,3,0,1,0,2,2,Not at intersection,3,Other Injury,50,B,E ,Bicycle,E ,1,1,H,F,1,5,No control,9999,COLLINS,STREET,ALFRED,PLACE,30,E,212831,N,MELBOURNE,MELBOURNE,-37.81431,144.97056,3000
33560,T20070020185,4/06/2007,67551,5554,17.45.00,8,No collision and no object struck,2,Monday,174,OUT OF CONTROL ON CARRIAGEWAY (ON STRAIGHT)         ,3,Dark Street lights on,2,2,1,0,0,1,1,Not at intersection,2,Hospitilisation,50,B,S ,Bicycle,S ,1,1,H,N,9,6,No control,9999,ELIZABETH,STREET,FLINDERS,LANE,31,N,209202,N,MELBOURNE,MELBOURNE,-37.81694,144.9644,3000
33579,T20070020217,5/06/2007,67551,5554,08.20.00,1,Collision with vehicle,3,Tuesday,136,RIGHT TURN SIDESWIPE                    ,1,Day,2,2,0,1,0,1,1,Cross intersection,3,Other Injury,60,B,W ,Bicycle,N ,2,3,H,5,1,1,Unknown,2080,HODDLE,STREET,VICTORIA,PARADE,0,S,37052,I,YARRA,YARRA,-37.80961,144.99137,3121
34839,T20070022772,5/06/2007,67551,5554,09.00.00,1,Collision with vehicle,3,Tuesday,110,CROSS TRAFFIC(INTERSECTIONS ONLY)              ,1,Day,2,2,1,0,0,1,1,Cross intersection,2,Hospitilisation,50,B,SW,Bicycle,SW,1,1,H,8,2,1,Roundabout,9999,MOUNTAIN,STREET,PARK,STREET,0,NW,53512,I,PORT PHILLIP,PORT PHILLIP,-37.83792,144.95154,3205
33841,T20070020704,8/06/2007,67551,5554,18.00.00,1,Collision with vehicle,6,Friday,121,RIGHT THROUGH                        ,3,Dark Street lights on,2,2,0,1,0,1,2,Cross intersection,3,Other Injury,50,B,S ,Bicycle,S ,1,1,H,F,1,2,Stop-go lights,5082,VICTORIA,STREET,SWANSTON,STREET,0,W,36264,I,MELBOURNE,MELBOURNE,-37.80666,144.9629,3053
34057,T20070021131,12/06/2007,67551,5554,12.01.00,2,Struck Pedestrian,3,Tuesday,102,FAR SIDE. PED HIT BY VEHICLE FROM THE LEFT         ,1,Day,1,2,1,0,0,1,1,Cross intersection,2,Hospitilisation,60,A,S ,Bicycle,S ,1,1,H,F,2,6,Stop-go lights,9999,BOURKE,STREET,SWANSTON,STREET,0,E,229,I,MELBOURNE,MELBOURNE,-37.81353,144.96563,3000
34574,T20070022238,14/06/2007,67551,5554,17.30.00,1,Collision with vehicle,5,Thursday,121,RIGHT THROUGH                        ,2,Dusk/Dawn,2,2,0,1,0,1,2,Cross intersection,3,Other Injury,40,B,W ,Bicycle,N ,2,2,H,8,2,5,Roundabout,9999,BEACH,STREET,BEACON,VISTA,0,E,66846,I,PORT PHILLIP,PORT PHILLIP,-37.83988,144.92941,3207
34231,T20070021504,15/06/2007,67551,5554,08.10.00,1,Collision with vehicle,6,Friday,121,RIGHT THROUGH                        ,1,Day,2,2,1,0,0,1,1,T intersection,2,Hospitilisation,60,B,N ,Bicycle,N ,1,1,H,F,2,2,Unknown,9999,GLASGOW,STREET,WELLINGTON,STREET,0,W,56601,I,YARRA,YARRA,-37.80694,144.98602,3066
34246,T20070021525,15/06/2007,67551,5554,08.10.00,1,Collision with vehicle,6,Friday,140,U TURN                           ,1,Day,2,3,0,1,0,2,1,Not at intersection,3,Other Injury,50,A,S ,Bicycle,S ,1,1,H,F,1,1,No control,9999,ELIZABETH,STREET,LITTLE LONSDALE,STREET,31,N,209473,N,MELBOURNE,MELBOURNE,-37.81104,144.96169,3000
34687,T20070022432,21/06/2007,67551,5554,06.45.00,1,Collision with vehicle,5,Thursday,140,U TURN                           ,3,Dark Street lights on,2,2,0,1,0,1,2,T intersection,3,Other Injury,60,A,NW,Bicycle,NW,1,1,H,4,1,6,No control,9999,HARBOUR,ESPLANADE,HARBOUR,ESPLANADE,0,N,65926,I,MELBOURNE,MELBOURNE,-37.81499,144.94501,3008
34948,T20070023020,26/06/2007,67551,5554,15.40.00,1,Collision with vehicle,3,Tuesday,147,VEHICLE STRIKES ANOTHER VEH WHILE EMERGING FROM DRIVEWAY,1,Day,2,2,0,1,0,1,1,Not at intersection,3,Other Injury,70,B,S ,Bicycle,S ,1,1,H,8,2,6,No control,2080,HODDLE,STREET,VICTORIA,PARADE,47,N,210974,N,YARRA,YARRA,-37.80919,144.99144,3067
35529,T20070024370,6/07/2007,67551,5554,18.30.00,1,Collision with vehicle,6,Friday,133,LANE SIDE SWIPE (VEHICLES IN PARALLEL LANES)        ,3,Dark Street lights on,2,2,1,0,0,1,2,Not at intersection,2,Hospitilisation,60,B,N ,Bicycle,N ,1,1,H,1,2,1,No control,5499,CHURCH,STREET,CAMERON,STREET,58,S,212929,N,YARRA,YARRA,-37.81733,144.9994,3121
36191,T20070025860,7/07/2007,67551,5554,13.30.00,1,Collision with vehicle,7,Saturday,163,VEHICLE STRIKES DOOR OF PARKED/STATIONARY VEHICLE      ,1,Day,2,2,0,1,0,1,2,Not at intersection,3,Other Injury,60,A,N ,Bicycle,N ,1,1,H,F,2,6,No control,5882,ST KILDA,ROAD,COVENTRY,STREET,50,S,211750,N,MELBOURNE,MELBOURNE,-37.8291,144.97132,3006