,ACCIDENT_NO,ACCIDENTDATE,CYCLISTS,CYCLISTS_COUNT_LS,ACCIDENTTIME,ACCIDENT_TYPE,ACCIDENT_TYPE_DESC,DAY_OF_WEEK,DAY_WEEK_DESC,DCA_CODE,DCA Description,LIGHT_CONDITION,LIGHT_CONDITION_DEC,NO_OF_VEHICLES,NO_PERSONS,NO_PERSONS_INJ_2,NO_PERSONS_INJ_3,NO_PERSONS_KILLED,NO_PERSONS_NOT_INJ,POLICE_ATTEND,ROAD_GEOMETRY_DESC,SEVERITY,SEVERITY_DESC,SPEED_ZONE,VEHICLE_ID,INITIAL_DIRECTION,Vehicle Type Desc,FINAL_DIRECTION,DRIVER_INTENT,VEHICLE_MOVEMENT,TRAILER_TYPE,INITIAL_IMPACT,LAMPS,LEVEL_OF_DAMAGE,TRAFFIC_CONTROL_DESC,ROAD_ROUTE_1,ROAD_NAME,ROAD_TYPE,ROAD_NAME_INT,ROAD_TYPE_INT,DISTANCE_LOCATION,DIRECTION_LOCATION,NODE_ID,NODE_TYPE,LGA_NAME,Lga Name All,Lat,Long,Postcode No
35925,T20070025189,11/07/2007,67551,5554,12.00.00,1,Collision with vehicle,4,Wednesday,113,RIGHT NEAR (INTERSECTIONS ONLY)               ,9,Unknown,2,2,0,2,0,0,2,T intersection,3,Other Injury,50,B,N ,Bicycle,N ,1,1,H,9,1,3,No control,9999,EGAN,STREET,LENNOX,STREET,0,W,37120,I,YARRA,YARRA,-37.8143,144.99525,3121
36484,T20070026424,20/07/2007,67551,5554,12.00.00,1,Collision with vehicle,6,Friday,133,LANE SIDE SWIPE (VEHICLES IN PARALLEL LANES)        ,1,Day,2,2,0,2,0,0,2,Cross intersection,3,Other Injury,40,A,N ,Bicycle,N ,6,6,H,N,2,6,Other,9999,FLINDERS,LANE,SWANSTON,STREET,0,E,35364,I,MELBOURNE,MELBOURNE,-37.81649,144.96699,3000
36485,T20070026424,20/07/2007,67551,5554,12.00.00,1,Collision with vehicle,6,Friday,133,LANE SIDE SWIPE (VEHICLES IN PARALLEL LANES)        ,1,Day,2,2,0,2,0,0,2,Cross intersection,3,Other Injury,40,B,N ,Bicycle,N ,6,6,H,N,2,6,Other,9999,FLINDERS,LANE,SWANSTON,STREET,0,E,35364,I,MELBOURNE,MELBOURNE,-37.81649,144.96699,3000
37678,T20070028837,24/07/2007,67551,5554,09.30.00,1,Collision with vehicle,3,Tuesday,137,LEFT TURN SIDESWIPE                     ,1,Day,2,2,0,1,0,1,2,Y intersection,3,Other Injury,50,A,S ,Bicycle,S ,17,17,H,F,2,1,Stop-go lights,9999,SPRING,STREET,COLLINS,STREET,0,N,36999,I,MELBOURNE,MELBOURNE,-37.81332,144.97395,3002
37679,T20070028837,24/07/2007,67551,5554,09.30.00,1,Collision with vehicle,3,Tuesday,137,LEFT TURN SIDESWIPE                     ,1,Day,2,2,0,1,0,1,2,Y intersection,3,Other Injury,50,A,S ,Bicycle,S ,17,17,H,F,2,1,Stop-go lights,9999,SPRING,STREET,COLLINS,STREET,0,N,36999,I,MELBOURNE,MELBOURNE,-37.81332,144.97395,3002
39302,T20070032160,30/07/2007,67551,5554,18.30.00,1,Collision with vehicle,2,Monday,139,OTHER SAME DIRECTION-MANOUEVRES NOT INCLUDED IN DCAs 130-137,2,Dusk/Dawn,2,2,0,1,0,1,9,Cross intersection,3,Other Injury,50,B,E ,Bicycle,E ,1,1,H,8,2,1,Stop-go lights,9999,COLLINS,STREET,ELIZABETH,STREET,0,E,35360,I,MELBOURNE,MELBOURNE,-37.81622,144.96407,3000
37145,T20070027821,31/07/2007,67551,5554,09.00.00,1,Collision with vehicle,3,Tuesday,147,VEHICLE STRIKES ANOTHER VEH WHILE EMERGING FROM DRIVEWAY,1,Day,2,3,1,0,0,2,2,Not at intersection,2,Hospitilisation,70,B,N ,Bicycle,N ,1,1,H,F,2,2,No control,2080,PUNT,ROAD,ROUT,STREET,63,S,211093,N,MELBOURNE,"MELBOURNE,YARRA",-37.82586,144.98861,3121
37166,T20070027848,31/07/2007,67551,5554,18.10.00,1,Collision with vehicle,3,Tuesday,113,RIGHT NEAR (INTERSECTIONS ONLY)               ,3,Dark Street lights on,2,2,1,0,0,1,1,Cross intersection,2,Hospitilisation,60,B,W ,Bicycle,W ,1,1,H,F,1,1,No control,9999,ARDEN,STREET,LLOYD,STREET,0,W,36061,I,MELBOURNE,MELBOURNE,-37.79928,144.93512,3031
37255,T20070027982,1/08/2007,67551,5554,20.50.00,1,Collision with vehicle,4,Wednesday,140,U TURN                           ,3,Dark Street lights on,2,2,0,1,0,1,2,Cross intersection,3,Other Injury,40,B,E ,Bicycle,E ,1,1,H,F,1,1,No control,5285,BRIDGE,ROAD,CHURCH,STREET,0,W,37196,I,YARRA,YARRA,-37.81858,144.99917,3121
37277,T20070028029,1/08/2007,67551,5554,07.45.00,1,Collision with vehicle,4,Wednesday,163,VEHICLE STRIKES DOOR OF PARKED/STATIONARY VEHICLE      ,1,Day,2,2,0,1,0,1,2,Not at intersection,3,Other Injury,60,A,N ,Bicycle,N ,1,1,H,F,2,1,No control,9999,SWANSTON,STREET,ST KILDA,ROAD,71,N,205184,N,MELBOURNE,MELBOURNE,-37.81812,144.96774,3000
37286,T20070028038,1/08/2007,67551,5554,06.40.00,1,Collision with vehicle,4,Wednesday,137,LEFT TURN SIDESWIPE                     ,6,Dark Street lights unknown,2,2,1,0,0,1,2,T intersection,2,Hospitilisation,60,B,S ,Bicycle,S ,1,1,H,1,1,1,Unknown,9999,MACARTHUR,STREET,ST ANDREWS,PLACE,0,SW,36997,I,MELBOURNE,MELBOURNE,-37.81179,144.97483,3002
37331,T20070028103,2/08/2007,67551,5554,17.15.00,1,Collision with vehicle,5,Thursday,136,RIGHT TURN SIDESWIPE                    ,1,Day,2,2,0,1,0,1,2,T intersection,3,Other Injury,50,A,N ,Bicycle,W ,2,2,H,1,1,1,Roundabout,9999,FRANKLIN,STREET,QUEEN,STREET,0,W,55437,I,MELBOURNE,MELBOURNE,-37.80887,144.95801,3000
37400,T20070028250,3/08/2007,67551,5554,17.10.00,1,Collision with vehicle,6,Friday,130,REAR END(VEHICLES IN SAME LANE)               ,1,Day,2,2,1,0,0,1,1,T intersection,2,Hospitilisation,60,B,N ,Bicycle,N ,1,1,H,R,2,3,Other,9999,QUEENSBERRY,STREET,RATHDOWNE,STREET,0,W,36380,I,MELBOURNE,MELBOURNE,-37.80523,144.9692,3053
45948,T20070045663,3/08/2007,67551,5554,15.30.00,8,No collision and no object struck,6,Friday,174,OUT OF CONTROL ON CARRIAGEWAY (ON STRAIGHT)         ,1,Day,2,2,0,1,0,1,2,Cross intersection,3,Other Injury,50,A,SE,Bicycle,SE,1,1,H,N,0,6,Stop-go lights,5318,CLARENDON,STREET,BRIDPORT,STREET,0,N,46651,I,PORT PHILLIP,PORT PHILLIP,-37.83855,144.96313,3205
37717,T20070028904,9/08/2007,67551,5554,10.15.00,1,Collision with vehicle,5,Thursday,133,LANE SIDE SWIPE (VEHICLES IN PARALLEL LANES)        ,1,Day,2,3,0,1,0,2,1,Cross intersection,3,Other Injury,40,A,N ,Bicycle,N ,1,18,H,1,2,6,No control,5853,JOHNSTON,STREET,BRUNSWICK,STREET,0,W,36500,I,YARRA,YARRA,-37.79834,144.97847,3065
37882,T20070029326,12/08/2007,67551,5554,14.45.00,1,Collision with vehicle,1,Sunday,110,CROSS TRAFFIC(INTERSECTIONS ONLY)              ,1,Day,2,2,0,1,0,1,2,Cross intersection,3,Other Injury,60,A,E ,Bicycle,E ,1,1,H,1,2,1,No control,9999,CARDIGAN,STREET,ELGIN,STREET,0,S,35316,I,MELBOURNE,MELBOURNE,-37.797,144.96608,3053
37971,T20070029522,13/08/2007,67551,5554,15.15.00,1,Collision with vehicle,2,Monday,163,VEHICLE STRIKES DOOR OF PARKED/STATIONARY VEHICLE      ,1,Day,2,2,0,1,0,1,2,Not at intersection,3,Other Injury,60,B,N ,Bicycle,N ,1,1,H,F,2,5,No control,5882,ST KILDA,ROAD,ANZAC,AVENUE,30,S,208967,N,MELBOURNE,MELBOURNE,-37.82775,144.9714,3006
37967,T20070029519,14/08/2007,67551,5554,08.00.00,1,Collision with vehicle,3,Tuesday,143,ENTERING PARKING                      ,1,Day,2,3,1,0,0,2,1,Not at intersection,2,Hospitilisation,50,B,S ,Bicycle,S ,1,1,H,1,0,1,No control,5499,CHURCH,STREET,SWAN,STREET,30,N,78244,N,YARRA,YARRA,-37.82542,144.99798,3121
37979,T20070029530,14/08/2007,67551,5554,10.00.00,1,Collision with vehicle,3,Tuesday,163,VEHICLE STRIKES DOOR OF PARKED/STATIONARY VEHICLE      ,1,Day,2,2,0,1,0,1,2,Cross intersection,3,Other Injury,999,B,N ,Bicycle,N ,1,1,H,F,0,9,Stop-go lights,9999,LITTLE COLLINS,STREET,SWANSTON,STREET,0,W,231,I,MELBOURNE,MELBOURNE,-37.81451,144.96609,3000
38175,T20070029933,17/08/2007,67551,5554,13.45.00,1,Collision with vehicle,6,Friday,163,VEHICLE STRIKES DOOR OF PARKED/STATIONARY VEHICLE      ,1,Day,2,2,0,1,0,1,2,Not at intersection,3,Other Injury,60,A,W ,Bicycle,W ,1,1,H,F,2,2,No control,5853,JOHNSTON,STREET,GOLD,STREET,18,E,210808,N,YARRA,YARRA,-37.79947,144.98925,3066
38840,T20070031237,17/08/2007,67551,5554,08.30.00,2,Struck Pedestrian,6,Friday,100,PED NEAR SIDE. PED HIT BY VEHICLE FROM THE RIGHT.      ,1,Day,1,2,1,1,0,0,2,T intersection,2,Hospitilisation,888,A,W ,Bicycle,W ,99,99,H,F,2,9,No control,5019,ALEXANDRA,AVENUE,YARRA,STREET,0,W,37681,I,STONNINGTON,STONNINGTON,-37.83411,144.99352,3141
38345,T20070030284,20/08/2007,67551,5554,09.45.00,1,Collision with vehicle,2,Monday,163,VEHICLE STRIKES DOOR OF PARKED/STATIONARY VEHICLE      ,1,Day,2,2,0,1,0,1,1,Not at intersection,3,Other Injury,50,B,W ,Bicycle,W ,1,1,H,F,2,1,No control,9999,COLLINS,STREET,ELIZABETH,STREET,44,W,212689,N,MELBOURNE,MELBOURNE,-37.81635,144.9636,3000
42070,T20070037815,20/08/2007,67551,5554,08.55.00,1,Collision with vehicle,2,Monday,121,RIGHT THROUGH                        ,1,Day,2,2,0,1,0,1,2,T intersection,3,Other Injury,50,B,S ,Bicycle,S ,1,1,H,F,2,5,No control,9999,ROBERT,STREET,WELLINGTON,STREET,0,E,36607,I,YARRA,YARRA,-37.8056,144.98624,3066
38544,T20070030687,23/08/2007,67551,5554,16.25.00,1,Collision with vehicle,5,Thursday,137,LEFT TURN SIDESWIPE                     ,1,Day,2,2,1,0,0,1,1,T intersection,2,Hospitilisation,50,B,S ,Bicycle,S ,1,1,H,F,2,6,No control,9999,WILLIAM,STREET,ABECKETT,STREET,0,N,36847,I,MELBOURNE,MELBOURNE,-37.81067,144.95594,3003
38554,T20070030694,23/08/2007,67551,5554,17.25.00,1,Collision with vehicle,5,Thursday,134,LANE CHANGE RIGHT (NOT OVERTAKING)             ,2,Dusk/Dawn,2,2,0,1,0,1,1,Not at intersection,3,Other Injury,60,B,W ,Bicycle,W ,1,1,H,F,2,1,No control,5127,TOORAK,ROAD,ST KILDA,ROAD,47,E,211663,N,MELBOURNE,MELBOURNE,-37.83702,144.97633,3141
38734,T20070031041,26/08/2007,67551,5554,11.20.00,1,Collision with vehicle,1,Sunday,163,VEHICLE STRIKES DOOR OF PARKED/STATIONARY VEHICLE      ,1,Day,2,2,1,0,0,1,1,Not at intersection,2,Hospitilisation,50,A,S ,Bicycle,S ,1,1,H,F,0,6,No control,9999,EXHIBITION,STREET,LITTLE BOURKE,STREET,46,N,211701,N,MELBOURNE,MELBOURNE,-37.81071,144.96993,3000
38949,T20070031426,29/08/2007,67551,5554,16.35.00,2,Struck Pedestrian,4,Wednesday,108,PED STRUCK WALKING TO/FROM OR BOARDING/ALIGHTING VEHICLE.  ,1,Day,1,2,1,1,0,0,1,Cross intersection,2,Hospitilisation,50,A,S ,Bicycle,S ,1,1,H,1,2,1,Stop-go lights,9999,LA TROBE,STREET,SWANSTON,STREET,0,W,35358,I,MELBOURNE,MELBOURNE,-37.80959,144.96383,3000
38950,T20070031426,29/08/2007,67551,5554,16.35.00,2,Struck Pedestrian,4,Wednesday,108,PED STRUCK WALKING TO/FROM OR BOARDING/ALIGHTING VEHICLE.  ,1,Day,1,2,1,1,0,0,1,Cross intersection,2,Hospitilisation,50,A,S ,Bicycle,S ,1,1,H,1,2,1,Stop-go lights,9999,LA TROBE,STREET,SWANSTON,STREET,0,W,35358,I,MELBOURNE,MELBOURNE,-37.80959,144.96383,3000
39453,T20070032419,30/08/2007,67551,5554,14.20.00,2,Struck Pedestrian,5,Thursday,109,ANY MANOEUVRE INVOLVING PED NOT INCLUDED IN DCAs 100-108.  ,1,Day,1,2,0,1,0,1,2,Cross intersection,3,Other Injury,50,A,E ,Bicycle,N ,3,3,H,5,0,6,Stop-go lights,9999,COLLINS,STREET,ELIZABETH,STREET,0,E,35360,I,MELBOURNE,MELBOURNE,-37.81622,144.96407,3000
39069,T20070031675,31/08/2007,67551,5554,12.50.00,1,Collision with vehicle,6,Friday,136,RIGHT TURN SIDESWIPE                    ,1,Day,2,2,0,1,0,1,1,Cross intersection,3,Other Injury,50,A,W ,Bicycle,W ,1,1,H,F,2,6,Stop-go lights,9999,LA TROBE,STREET,SWANSTON,STREET,0,W,35358,I,MELBOURNE,MELBOURNE,-37.80959,144.96383,3000
39070,T20070031675,31/08/2007,67551,5554,12.50.00,1,Collision with vehicle,6,Friday,136,RIGHT TURN SIDESWIPE                    ,1,Day,2,2,0,1,0,1,1,Cross intersection,3,Other Injury,50,A,W ,Bicycle,W ,1,1,H,F,2,6,Stop-go lights,9999,LA TROBE,STREET,SWANSTON,STREET,0,W,35358,I,MELBOURNE,MELBOURNE,-37.80959,144.96383,3000
39335,T20070032209,4/09/2007,67551,5554,16.35.00,1,Collision with vehicle,3,Tuesday,121,RIGHT THROUGH                        ,1,Day,2,2,1,0,0,1,1,Cross intersection,2,Hospitilisation,50,B,W ,Bicycle,W ,1,1,H,F,2,3,Stop-go lights,9999,FLINDERS,STREET,RUSSELL EX,STREET,0,W,240,I,MELBOURNE,MELBOURNE,-37.81674,144.9699,3000
39336,T20070032209,4/09/2007,67551,5554,16.35.00,1,Collision with vehicle,3,Tuesday,121,RIGHT THROUGH                        ,1,Day,2,2,1,0,0,1,1,Cross intersection,2,Hospitilisation,50,B,W ,Bicycle,W ,1,1,H,F,2,3,Stop-go lights,9999,FLINDERS,STREET,RUSSELL EX,STREET,0,W,240,I,MELBOURNE,MELBOURNE,-37.81674,144.9699,3000
39527,T20070032547,4/09/2007,67551,5554,17.30.00,1,Collision with vehicle,3,Tuesday,121,RIGHT THROUGH                        ,2,Dusk/Dawn,2,2,0,1,0,1,2,Cross intersection,3,Other Injury,40,B,E ,Bicycle,E ,1,1,H,F,1,5,No control,5853,JOHNSTON,STREET,YOUNG,STREET,0,W,29401,I,YARRA,YARRA,-37.79846,144.97958,3065
39530,T20070032552,4/09/2007,67551,5554,08.00.00,1,Collision with vehicle,3,Tuesday,160,VEHICLE COLLIDES WITH VEHICLE PARKED ON LEFT OF ROAD    ,1,Day,2,2,1,0,0,1,2,Not at intersection,2,Hospitilisation,60,B,N ,Bicycle,N ,1,1,H,F,2,2,No control,9999,BIRDWOOD,AVENUE,LINLITHGOW,AVENUE,208,S,211854,N,MELBOURNE,MELBOURNE,-37.82823,144.97348,3004
55869,T20080016894,6/09/2007,67551,5554,23.00.00,8,No collision and no object struck,5,Thursday,174,OUT OF CONTROL ON CARRIAGEWAY (ON STRAIGHT)         ,3,Dark Street lights on,2,2,1,0,0,1,1,Cross intersection,2,Hospitilisation,999,A,S ,Bicycle,S ,1,18,H,N,2,9,Stop-go lights,9999,FLINDERS,LANE,SWANSTON,STREET,0,E,35364,I,MELBOURNE,MELBOURNE,-37.81649,144.96699,3000
39476,T20070032475,7/09/2007,67551,5554,18.40.00,1,Collision with vehicle,6,Friday,110,CROSS TRAFFIC(INTERSECTIONS ONLY)              ,2,Dusk/Dawn,2,2,0,1,0,1,1,Cross intersection,3,Other Injury,60,B,N ,Bicycle,N ,1,1,H,F,9,6,No control,5882,ST KILDA,ROAD,WADEY,STREET,0,N,36994,I,MELBOURNE,MELBOURNE,-37.82613,144.97128,3006
39478,T20070032478,7/09/2007,67551,5554,18.35.00,1,Collision with vehicle,6,Friday,110,CROSS TRAFFIC(INTERSECTIONS ONLY)              ,3,Dark Street lights on,2,2,1,0,0,1,1,Cross intersection,2,Hospitilisation,50,B,N ,Bicycle,N ,1,1,H,F,1,9,Roundabout,9999,GREY,STREET,POWLETT,STREET,0,W,29433,I,MELBOURNE,MELBOURNE,-37.81188,144.98597,3002
39858,T20070033274,12/09/2007,67551,5554,18.38.00,1,Collision with vehicle,4,Wednesday,113,RIGHT NEAR (INTERSECTIONS ONLY)               ,3,Dark Street lights on,2,2,1,0,0,1,1,Cross intersection,2,Hospitilisation,60,B,W ,Bicycle,W ,1,1,H,F,1,5,No control,9999,ARDEN,STREET,LLOYD,STREET,0,W,36061,I,MELBOURNE,MELBOURNE,-37.79928,144.93512,3031
39899,T20070033360,13/09/2007,67551,5554,07.45.00,1,Collision with vehicle,5,Thursday,142,LEAVING PARKING                       ,1,Day,2,2,0,1,0,1,2,Not at intersection,3,Other Injury,50,B,N ,Bicycle,N ,1,1,H,F,2,2,No control,9999,BIRDWOOD,AVENUE,LINLITHGOW,AVENUE,42,S,212119,N,MELBOURNE,MELBOURNE,-37.827,144.97243,3004
39901,T20070033361,13/09/2007,67551,5554,16.14.00,1,Collision with vehicle,5,Thursday,121,RIGHT THROUGH                        ,1,Day,2,3,1,0,0,2,1,Cross intersection,2,Hospitilisation,60,B,W ,Bicycle,W ,1,1,H,F,2,2,Stop-go lights,5318,CLARENDON,STREET,WHITEMAN,STREET,0,N,36858,I,MELBOURNE,MELBOURNE,-37.82535,144.95705,3006
39927,T20070033409,13/09/2007,67551,5554,17.30.00,2,Struck Pedestrian,5,Thursday,109,ANY MANOEUVRE INVOLVING PED NOT INCLUDED IN DCAs 100-108.  ,1,Day,1,2,1,0,0,1,2,Not at intersection,2,Hospitilisation,50,A,W ,Bicycle,W ,1,1,H,F,2,1,No control,9999,LONSDALE,STREET,WILLIAM,STREET,29,E,195867,N,MELBOURNE,MELBOURNE,-37.81362,144.95763,3000
39951,T20070033460,14/09/2007,67551,5554,07.40.00,1,Collision with vehicle,6,Friday,121,RIGHT THROUGH                        ,1,Day,2,2,0,1,0,1,2,T intersection,3,Other Injury,60,B,SW,Bicycle,SW,1,1,H,F,2,2,No control,5325,CITY,ROAD,BALSTON,STREET,0,SW,36899,I,MELBOURNE,MELBOURNE,-37.82514,144.96104,3006
40142,T20070033835,14/09/2007,67551,5554,23.00.00,1,Collision with vehicle,6,Friday,163,VEHICLE STRIKES DOOR OF PARKED/STATIONARY VEHICLE      ,3,Dark Street lights on,2,2,0,1,0,1,2,Not at intersection,3,Other Injury,40,B,S ,Bicycle,S ,1,1,H,F,2,1,No control,9999,CHAPEL,STREET,CHAPEL,STREET,18,S,212633,N,STONNINGTON,STONNINGTON,-37.83967,144.99558,3141
40725,T20070034989,19/09/2007,67551,5554,09.40.00,1,Collision with vehicle,4,Wednesday,121,RIGHT THROUGH                        ,1,Day,3,4,0,1,0,3,2,Cross intersection,3,Other Injury,50,B,S ,Bicycle,S ,1,1,H,F,2,5,No control,9999,JOHNSON,STREET,MUNRO,STREET,0,N,36804,I,PORT PHILLIP,PORT PHILLIP,-37.82948,144.9461,3205
41058,T20070035725,19/09/2007,67551,5554,17.45.00,1,Collision with vehicle,4,Wednesday,143,ENTERING PARKING                      ,2,Dusk/Dawn,2,2,1,0,0,1,2,Not at intersection,2,Hospitilisation,50,B,NE,Bicycle,NE,1,3,H,R,1,1,No control,9999,BARKLY,STREET,SHIELS,LANE,31,NE,212246,N,MELBOURNE,MELBOURNE,-37.79957,144.97207,3053
40350,T20070034222,20/09/2007,67551,5554,07.00.00,1,Collision with vehicle,5,Thursday,163,VEHICLE STRIKES DOOR OF PARKED/STATIONARY VEHICLE      ,1,Day,2,2,0,1,0,1,2,Not at intersection,3,Other Injury,60,B,W ,Bicycle,W ,1,1,H,F,2,3,No control,5103,WELLINGTON,PARADE,JOLIMONT,ROAD,74,E,212251,N,MELBOURNE,MELBOURNE,-37.8158,144.97994,3002
40503,T20070034501,22/09/2007,67551,5554,14.30.00,1,Collision with vehicle,7,Saturday,130,REAR END(VEHICLES IN SAME LANE)               ,1,Day,2,2,0,1,0,1,2,Cross intersection,3,Other Injury,40,B,W ,Bicycle,W ,1,1,H,F,2,5,No control,5853,JOHNSTON,STREET,BRUNSWICK,STREET,0,W,36500,I,YARRA,YARRA,-37.79834,144.97847,3065
41342,T20070036378,22/09/2007,67551,5554,06.40.00,1,Collision with vehicle,7,Saturday,113,RIGHT NEAR (INTERSECTIONS ONLY)               ,2,Dusk/Dawn,2,2,0,1,0,1,2,Multiple intersection,3,Other Injury,60,B,N ,Bicycle,N ,1,1,H,8,1,4,No control,5044,FLEMINGTON,ROAD,ELIZABETH,STREET,0,SE,29893,I,MELBOURNE,MELBOURNE,-37.8012,144.95693,3000
40608,T20070034705,24/09/2007,67551,5554,18.15.00,1,Collision with vehicle,2,Monday,134,LANE CHANGE RIGHT (NOT OVERTAKING)             ,2,Dusk/Dawn,2,2,1,0,0,1,1,Cross intersection,2,Hospitilisation,999,B,S ,Bicycle,S ,6,6,H,1,2,4,No control,9999,LITTLE BOURKE,STREET,SWANSTON,STREET,0,E,36940,I,MELBOURNE,MELBOURNE,-37.81255,144.96518,3000
40627,T20070034740,25/09/2007,67551,5554,08.55.00,1,Collision with vehicle,3,Tuesday,121,RIGHT THROUGH                        ,1,Day,2,2,1,0,0,1,1,T intersection,2,Hospitilisation,50,A,E ,Bicycle,E ,1,1,H,F,0,1,No control,9999,EASTERN,ROAD,THOMSON,STREET,61,SE,56513,I,PORT PHILLIP,PORT PHILLIP,-37.83716,144.96758,3205
40650,T20070034786,25/09/2007,67551,5554,15.10.00,1,Collision with vehicle,3,Tuesday,121,RIGHT THROUGH                        ,1,Day,2,2,0,1,0,1,1,Cross intersection,3,Other Injury,60,B,E ,Bicycle,E ,1,1,H,F,2,1,Stop-go lights,9999,ELGIN,STREET,LYGON,STREET,0,W,109,I,MELBOURNE,MELBOURNE,-37.79716,144.96756,3053
40667,T20070034827,25/09/2007,67551,5554,18.20.00,1,Collision with vehicle,3,Tuesday,137,LEFT TURN SIDESWIPE                     ,3,Dark Street lights on,2,3,1,0,0,2,1,T intersection,2,Hospitilisation,60,B,NW,Bicycle,NW,1,1,H,F,2,3,No control,9999,VILLIERS,STREET,LITTLE GEORGE,STREET,57,NE,36188,I,MELBOURNE,MELBOURNE,-37.79891,144.95385,3051
41000,T20070035634,1/10/2007,67551,5554,17.30.00,1,Collision with vehicle,2,Monday,120,HEAD ON (NOT OVERTAKING)                  ,1,Day,2,2,1,0,0,1,2,Not at intersection,2,Hospitilisation,40,A,E ,Bicycle,E ,1,18,H,1,0,2,No control,5287,SWAN,STREET,DOCKER,STREET,14,E,212316,N,YARRA,YARRA,-37.82557,144.99689,3121
41332,T20070036366,2/10/2007,67551,5554,20.30.00,1,Collision with vehicle,3,Tuesday,133,LANE SIDE SWIPE (VEHICLES IN PARALLEL LANES)        ,3,Dark Street lights on,2,2,0,1,0,1,2,Cross intersection,3,Other Injury,60,A,W ,Bicycle,W ,1,1,H,4,1,2,No control,2080,PUNT,ROAD,OLYMPIC,BOULEVARD,0,S,260,I,MELBOURNE,"MELBOURNE,YARRA",-37.82463,144.98884,3121
41319,T20070036335,8/10/2007,67551,5554,07.55.00,1,Collision with vehicle,2,Monday,121,RIGHT THROUGH                        ,1,Day,2,2,0,1,0,1,1,Cross intersection,3,Other Injury,60,B,SW,Bicycle,SW,1,1,H,F,2,5,No control,5325,CITY,ROAD,CLARKE,STREET,0,SW,36872,I,MELBOURNE,MELBOURNE,-37.82678,144.95911,3006
41358,T20070036422,8/10/2007,67551,5554,18.30.00,2,Struck Pedestrian,2,Monday,102,FAR SIDE. PED HIT BY VEHICLE FROM THE LEFT         ,2,Dusk/Dawn,1,2,2,0,0,0,1,Cross intersection,2,Hospitilisation,60,A,N ,Bicycle,N ,1,1,H,F,2,3,Stop-go lights,9999,LITTLE BOURKE,STREET,SWANSTON,STREET,0,E,36940,I,MELBOURNE,MELBOURNE,-37.81255,144.96518,3000
41378,T20070036469,9/10/2007,67551,5554,08.50.00,1,Collision with vehicle,3,Tuesday,163,VEHICLE STRIKES DOOR OF PARKED/STATIONARY VEHICLE      ,1,Day,2,2,1,0,0,1,1,Not at intersection,2,Hospitilisation,60,B,S ,Bicycle,S ,1,1,H,F,2,1,No control,9999,SMITH,STREET,CONDELL,STREET,29,N,212500,N,YARRA,YARRA,-37.80254,144.98365,3066
41389,T20070036522,9/10/2007,67551,5554,16.25.00,1,Collision with vehicle,3,Tuesday,163,VEHICLE STRIKES DOOR OF PARKED/STATIONARY VEHICLE      ,1,Day,2,2,0,1,0,1,2,Not at intersection,3,Other Injury,60,A,N ,Bicycle,N ,1,1,H,F,2,9,No control,9999,ST KILDA,ROAD,SOUTHBANK,PROMENADE BIKE,11,S,212539,N,MELBOURNE,MELBOURNE,-37.8198,144.96852,3006
41422,T20070036557,9/10/2007,67551,5554,08.00.00,1,Collision with vehicle,3,Tuesday,137,LEFT TURN SIDESWIPE                     ,9,Unknown,2,2,0,1,0,1,2,Cross intersection,3,Other Injury,50,B,W ,Bicycle,W ,1,1,H,1,2,6,Stop-go lights,2080,PUNT,ROAD,OLYMPIC,BOULEVARD,0,S,260,I,MELBOURNE,"MELBOURNE,YARRA",-37.82463,144.98884,3121
41708,T20070037178,14/10/2007,67551,5554,06.00.00,1,Collision with vehicle,1,Sunday,130,REAR END(VEHICLES IN SAME LANE)               ,2,Dusk/Dawn,2,2,1,0,0,1,1,Not at intersection,2,Hospitilisation,50,B,W ,Bicycle,W ,1,1,H,R,2,4,No control,5287,SWAN,STREET,OLYMPIC,BOULEVARD,149,E,213557,N,MELBOURNE,MELBOURNE,-37.82353,144.98018,3004
41871,T20070037458,16/10/2007,67551,5554,14.20.00,1,Collision with vehicle,3,Tuesday,136,RIGHT TURN SIDESWIPE                    ,1,Day,2,5,0,1,0,4,1,Cross intersection,3,Other Injury,50,B,W ,Bicycle,W ,1,1,H,F,2,2,Stop-go lights,9999,BOURKE,STREET,RUSSELL,STREET,0,E,36952,I,MELBOURNE,MELBOURNE,-37.81281,144.9681,3000
41884,T20070037500,16/10/2007,67551,5554,19.30.00,1,Collision with vehicle,3,Tuesday,140,U TURN                           ,3,Dark Street lights on,2,2,0,1,0,1,1,T intersection,3,Other Injury,40,A,N ,Bicycle,N ,1,1,H,F,2,4,No control,9999,ANDERSON,STREET,ST LEONARDS,COURT,0,S,56567,I,MELBOURNE,MELBOURNE,-37.8293,144.98467,3141
41918,T20070037588,17/10/2007,67551,5554,13.59.00,1,Collision with vehicle,4,Wednesday,119,OTHER ADJACENT (INTERSECTIONS ONLY)             ,1,Day,2,2,0,1,0,1,2,Cross intersection,3,Other Injury,50,A,S ,Bicycle,S ,1,1,H,4,2,2,Stop-go lights,9999,SPRING,STREET,COLLINS,STREET,0,N,36999,I,MELBOURNE,MELBOURNE,-37.81332,144.97395,3002