,ACCIDENT_NO,ACCIDENTDATE,CYCLISTS,CYCLISTS_COUNT_LS,ACCIDENTTIME,ACCIDENT_TYPE,ACCIDENT_TYPE_DESC,DAY_OF_WEEK,DAY_WEEK_DESC,DCA_CODE,DCA Description,LIGHT_CONDITION,LIGHT_CONDITION_DEC,NO_OF_VEHICLES,NO_PERSONS,NO_PERSONS_INJ_2,NO_PERSONS_INJ_3,NO_PERSONS_KILLED,NO_PERSONS_NOT_INJ,POLICE_ATTEND,ROAD_GEOMETRY_DESC,SEVERITY,SEVERITY_DESC,SPEED_ZONE,VEHICLE_ID,INITIAL_DIRECTION,Vehicle Type Desc,FINAL_DIRECTION,DRIVER_INTENT,VEHICLE_MOVEMENT,TRAILER_TYPE,INITIAL_IMPACT,LAMPS,LEVEL_OF_DAMAGE,TRAFFIC_CONTROL_DESC,ROAD_ROUTE_1,ROAD_NAME,ROAD_TYPE,ROAD_NAME_INT,ROAD_TYPE_INT,DISTANCE_LOCATION,DIRECTION_LOCATION,NODE_ID,NODE_TYPE,LGA_NAME,Lga Name All,Lat,Long,Postcode No
41919,T20070037588,17/10/2007,67551,5554,13.59.00,1,Collision with vehicle,4,Wednesday,119,OTHER ADJACENT (INTERSECTIONS ONLY)             ,1,Day,2,2,0,1,0,1,2,Cross intersection,3,Other Injury,50,A,S ,Bicycle,S ,1,1,H,4,2,2,Stop-go lights,9999,SPRING,STREET,COLLINS,STREET,0,N,36999,I,MELBOURNE,MELBOURNE,-37.81332,144.97395,3002
43276,T20070040502,17/10/2007,67551,5554,12.26.00,1,Collision with vehicle,4,Wednesday,163,VEHICLE STRIKES DOOR OF PARKED/STATIONARY VEHICLE      ,1,Day,2,2,0,1,0,1,2,Not at intersection,3,Other Injury,40,A,S ,Bicycle,S ,1,1,H,5,2,6,No control,9999,SWANSTON,STREET,FLINDERS,STREET,16,N,213684,N,MELBOURNE,MELBOURNE,-37.81732,144.96738,3000
42766,T20070039367,18/10/2007,67551,5554,10.15.00,1,Collision with vehicle,5,Thursday,121,RIGHT THROUGH                        ,1,Day,2,2,0,1,0,1,2,Cross intersection,3,Other Injury,50,A,S ,Bicycle,W ,2,17,H,F,2,5,Stop-go lights,9999,LITTLE BOURKE,STREET,QUEEN,STREET,0,E,36885,I,MELBOURNE,MELBOURNE,-37.81399,144.96024,3000
42157,T20070037974,20/10/2007,67551,5554,12.02.00,1,Collision with vehicle,7,Saturday,121,RIGHT THROUGH                        ,1,Day,2,2,0,1,0,1,2,Cross intersection,3,Other Injury,60,A,N ,Bicycle,N ,1,1,H,F,2,1,Stop-go lights,9999,ELGIN,STREET,RATHDOWNE,STREET,0,W,36370,I,MELBOURNE,MELBOURNE,-37.79748,144.97049,3053
42336,T20070038309,22/10/2007,67551,5554,18.30.00,1,Collision with vehicle,2,Monday,110,CROSS TRAFFIC(INTERSECTIONS ONLY)              ,5,Dark No street lights,2,2,1,0,0,1,1,Cross intersection,2,Hospitilisation,50,B,E ,Bicycle,E ,1,1,H,F,2,1,No control,9999,CROMWELL,STREET,GIPPS,STREET,0,N,36654,I,YARRA,YARRA,-37.80481,144.99026,3066
44363,T20070042619,24/10/2007,67551,5554,07.45.00,8,No collision and no object struck,4,Wednesday,174,OUT OF CONTROL ON CARRIAGEWAY (ON STRAIGHT)         ,1,Day,2,2,0,1,0,1,2,Not at intersection,3,Other Injury,50,A,SE,Bicycle,SE,1,1,H,N,2,6,No control,9999,SWANSTON,STREET,LITTLE BOURKE,STREET,19,S,213658,N,MELBOURNE,MELBOURNE,-37.81271,144.96526,3000
42710,T20070039183,29/10/2007,67551,5554,09.25.00,1,Collision with vehicle,2,Monday,137,LEFT TURN SIDESWIPE                     ,1,Day,2,2,0,1,0,1,1,Cross intersection,3,Other Injury,50,B,S ,Bicycle,S ,1,1,H,1,0,6,No control,5061,SPENCER,STREET,JEFFCOTT,STREET,0,S,36821,I,MELBOURNE,MELBOURNE,-37.8121,144.95093,3003
42760,T20070039349,30/10/2007,67551,5554,09.40.00,7,Fall from or in moving vehicle,3,Tuesday,190,FELL IN/FROM VEHICLE                    ,1,Day,2,2,1,0,0,1,2,Not at intersection,2,Hospitilisation,50,A,SE,Bicycle,SE,1,17,H,N,2,1,Stop-go lights,5046,ELIZABETH,STREET,QUEENSBERRY,STREET,20,N,119920,N,MELBOURNE,MELBOURNE,-37.80387,144.95839,3000
42769,T20070039373,30/10/2007,67551,5554,19.00.00,1,Collision with vehicle,3,Tuesday,148,VEHICLE OFF FOOTPATH STRIKES VEH ON CARRIAGEWAY,1,Day,2,2,1,0,0,1,1,T intersection,2,Hospitilisation,50,B,S ,Bicycle,S ,8,8,H,F,2,1,No control,9999,RICH,STREET,TURNER,STREET,0,N,54429,I,YARRA,YARRA,-37.79928,144.99715,3067
42905,T20070039634,1/11/2007,67551,5554,18.10.00,1,Collision with vehicle,5,Thursday,133,LANE SIDE SWIPE (VEHICLES IN PARALLEL LANES)        ,1,Day,2,2,0,1,0,1,1,Not at intersection,3,Other Injury,60,B,N ,Bicycle,N ,1,1,H,4,2,3,No control,5882,ST KILDA,ROAD,LINLITHGOW,AVENUE,32,S,126880,N,MELBOURNE,MELBOURNE,-37.82358,144.97025,3006
42987,T20070039806,2/11/2007,67551,5554,17.33.00,1,Collision with vehicle,6,Friday,133,LANE SIDE SWIPE (VEHICLES IN PARALLEL LANES)        ,1,Day,2,2,0,1,0,1,2,Cross intersection,3,Other Injury,60,A,E ,Bicycle,E ,1,1,H,1,2,1,No control,9999,BRUNSWICK,STREET,VICTORIA,STREET,0,N,36499,I,YARRA,YARRA,-37.79906,144.97834,3065
43603,T20070041203,3/11/2007,67551,5554,17.10.00,8,No collision and no object struck,7,Saturday,174,OUT OF CONTROL ON CARRIAGEWAY (ON STRAIGHT)         ,1,Day,2,2,0,1,0,1,2,Not at intersection,3,Other Injury,60,A,E ,Bicycle,E ,1,1,H,N,2,1,No control,5898,TOORAK,ROAD,POWELL,STREET,13,E,213854,N,STONNINGTON,STONNINGTON,-37.83877,144.98994,3141
43214,T20070040380,6/11/2007,67551,5554,08.30.00,2,Struck Pedestrian,3,Tuesday,109,ANY MANOEUVRE INVOLVING PED NOT INCLUDED IN DCAs 100-108.  ,1,Day,1,2,0,1,0,1,2,Not at intersection,3,Other Injury,999,A,E ,Bicycle,E ,1,1,H,F,0,9,No control,9999,GRATTAN,STREET,BERKELEY,STREET,29,E,213768,N,MELBOURNE,MELBOURNE,-37.7999,144.95915,3053
43415,T20070040792,7/11/2007,67551,5554,01.00.00,1,Collision with vehicle,4,Wednesday,121,RIGHT THROUGH                        ,3,Dark Street lights on,2,2,0,1,0,1,2,Cross intersection,3,Other Injury,40,B,W ,Bicycle,W ,1,1,H,1,1,3,Stop-go lights,5853,JOHNSTON,STREET,BRUNSWICK,STREET,0,W,36500,I,YARRA,YARRA,-37.79834,144.97847,3065
43833,T20070041620,13/11/2007,67551,5554,20.45.00,1,Collision with vehicle,3,Tuesday,163,VEHICLE STRIKES DOOR OF PARKED/STATIONARY VEHICLE      ,3,Dark Street lights on,2,2,0,1,0,1,2,Not at intersection,3,Other Injury,60,B,E ,Bicycle,E ,1,1,H,F,2,1,No control,5948,VICTORIA,STREET,LITTLE LITHGOW,STREET,26,E,213920,N,YARRA,YARRA,-37.8103,144.99806,3121
45109,T20070044021,13/11/2007,67551,5554,17.40.00,1,Collision with vehicle,3,Tuesday,163,VEHICLE STRIKES DOOR OF PARKED/STATIONARY VEHICLE      ,1,Day,2,2,0,1,0,1,2,Not at intersection,3,Other Injury,999,B,NW,Bicycle,NW,1,13,H,F,2,5,No control,5882,ST KILDA,ROAD,PARK,STREET,32,SE,214277,N,MELBOURNE,"MELBOURNE,PORT PHILLIP",-37.83252,144.97199,3004
43730,T20070041417,14/11/2007,67551,5554,11.00.00,1,Collision with vehicle,4,Wednesday,137,LEFT TURN SIDESWIPE                     ,1,Day,2,3,1,0,0,2,1,Cross intersection,2,Hospitilisation,60,A,NW,Bicycle,NW,3,3,H,5,2,1,Stop-go lights,5318,CLARENDON,STREET,CITY,ROAD,0,N,36875,I,MELBOURNE,MELBOURNE,-37.82764,144.9581,3006
43904,T20070041757,16/11/2007,67551,5554,16.50.00,1,Collision with vehicle,6,Friday,121,RIGHT THROUGH                        ,1,Day,2,2,0,2,0,0,2,Cross intersection,3,Other Injury,50,B,E ,Bicycle,E ,1,1,H,F,0,1,No control,9999,CAMBRIDGE,STREET,PEEL,STREET,0,S,36605,I,YARRA,YARRA,-37.80523,144.98543,3066
44924,T20070043672,16/11/2007,67551,5554,12.30.00,1,Collision with vehicle,6,Friday,160,VEHICLE COLLIDES WITH VEHICLE PARKED ON LEFT OF ROAD    ,1,Day,2,2,0,1,0,1,2,Not at intersection,3,Other Injury,40,A,SW,Bicycle,SW,1,1,H,F,2,6,No control,9999,COLLINS,STREET,ALFRED,PLACE,29,E,214214,N,MELBOURNE,MELBOURNE,-37.81432,144.97055,3000
44068,T20070042090,19/11/2007,67551,5554,09.04.00,1,Collision with vehicle,2,Monday,163,VEHICLE STRIKES DOOR OF PARKED/STATIONARY VEHICLE      ,1,Day,2,3,1,0,0,2,1,Not at intersection,2,Hospitilisation,50,B,W ,Bicycle,W ,1,1,H,5,2,9,No control,9999,GRATTAN,STREET,CARDIGAN,STREET,16,W,213989,N,MELBOURNE,MELBOURNE,-37.80057,144.96527,3053
44110,T20070042165,19/11/2007,67551,5554,08.35.00,1,Collision with vehicle,2,Monday,143,ENTERING PARKING                      ,1,Day,2,2,0,1,0,1,2,Not at intersection,3,Other Injury,60,B,N ,Bicycle,N ,1,1,H,F,2,1,No control,9999,MORAY,STREET,THOMSON,STREET,29,S,213939,N,PORT PHILLIP,PORT PHILLIP,-37.8375,144.96546,3205
44835,T20070043536,19/11/2007,67551,5554,08.00.00,1,Collision with vehicle,1,Monday,140,U TURN                           ,1,Day,2,2,0,1,0,1,2,Not at intersection,3,Other Injury,999,A,S ,Bicycle,S ,1,1,H,F,2,6,Unknown,5736,NICHOLSON,STREET,MURCHISON,STREET,32,S,284844,N,MELBOURNE,"MELBOURNE,YARRA",-37.80034,144.97447,3065
44284,T20070042458,20/11/2007,67551,5554,17.25.00,1,Collision with vehicle,3,Tuesday,137,LEFT TURN SIDESWIPE                     ,9,Unknown,2,2,0,1,0,1,2,Cross intersection,3,Other Injury,999,B,N ,Bicycle,W ,3,3,H,R,2,9,Stop-go lights,2120,FOOTSCRAY ROAD -WURUNDJERI,WAY,DOCKLANDS,DRIVE,0,E,36794,I,MELBOURNE,MELBOURNE,-37.81284,144.94288,3008
44971,T20070043758,20/11/2007,67551,5554,08.50.00,1,Collision with vehicle,3,Tuesday,136,RIGHT TURN SIDESWIPE                    ,1,Day,2,2,1,0,0,1,2,Cross intersection,2,Hospitilisation,50,B,W ,Bicycle,N ,2,2,H,F,2,9,Stop-go lights,5082,VICTORIA,PARADE,NICHOLSON,STREET,0,E,36408,I,MELBOURNE,MELBOURNE,-37.80811,144.97316,3002
44259,T20070042426,21/11/2007,67551,5554,10.30.00,1,Collision with vehicle,4,Wednesday,121,RIGHT THROUGH                        ,1,Day,2,2,0,1,0,1,1,T intersection,3,Other Injury,40,B,W ,Bicycle,W ,1,1,H,F,2,1,No control,5898,TOORAK,ROAD,CUNNINGHAM,STREET,0,W,37720,I,STONNINGTON,STONNINGTON,-37.83966,144.99693,3141
44265,T20070042432,21/11/2007,67551,5554,07.35.00,2,Struck Pedestrian,4,Wednesday,106,VEH STRIKES PED ON FOOTPATH/MEDIAN/TRAFFIC ISLAND.,1,Day,1,2,0,1,0,1,1,Not at intersection,3,Other Injury,999,A,N ,Bicycle,N ,1,1,H,F,2,6,No control,9999,ST KILDA,ROAD,SWANSTON,STREET,0,N,1412,N,MELBOURNE,MELBOURNE,-37.81872,144.96802,3000
44676,T20070043277,21/11/2007,67551,5554,06.45.00,4,Collision with a fixed object,4,Wednesday,173,RIGHT OFF CARRIAGEWAY INTO OBJECT/PARKED VEHICLE      ,2,Dusk/Dawn,2,2,1,0,0,1,2,Not at intersection,2,Hospitilisation,50,A,SW,Bicycle,SW,1,1,H,N,0,6,No control,9999,COLLINS,STREET,SWANSTON,STREET,14,E,214045,N,MELBOURNE,MELBOURNE,-37.81545,144.96669,3000
53613,T20080012755,22/11/2007,67551,5554,08.40.00,1,Collision with vehicle,5,Thursday,137,LEFT TURN SIDESWIPE                     ,1,Day,2,2,1,0,0,1,2,Cross intersection,2,Hospitilisation,60,B,NW,Bicycle,NW,1,13,H,F,2,2,No control,2510,KINGS,WAY,BANK,STREET,0,NW,367,I,PORT PHILLIP,PORT PHILLIP,-37.83242,144.96694,3205
44419,T20070042769,23/11/2007,67551,5554,13.23.00,1,Collision with vehicle,6,Friday,122,LEFT THROUGH                        ,1,Day,2,2,0,1,0,1,2,Cross intersection,3,Other Injury,60,B,E ,Bicycle,E ,1,1,H,R,0,3,Stop-go lights,9999,GERTRUDE,STREET,LANGRIDGE,STREET,0,W,36572,I,YARRA,YARRA,-37.80637,144.98299,3066
44470,T20070042850,23/11/2007,67551,5554,19.16.00,1,Collision with vehicle,6,Friday,148,VEHICLE OFF FOOTPATH STRIKES VEH ON CARRIAGEWAY,1,Day,2,2,1,0,0,1,1,T intersection,2,Hospitilisation,60,B,S ,Bicycle,S ,1,1,H,F,2,1,No control,2080,PUNT,ROAD,KELSO,STREET,0,S,37048,I,MELBOURNE,"MELBOURNE,YARRA",-37.82797,144.98824,3121
44697,T20070043307,24/11/2007,67551,5554,17.50.00,1,Collision with vehicle,7,Saturday,119,OTHER ADJACENT (INTERSECTIONS ONLY)             ,1,Day,2,2,0,1,0,1,2,Cross intersection,3,Other Injury,50,B,N ,Bicycle,N ,1,1,H,F,2,5,Stop-go lights,9999,FLINDERS,STREET,QUEENS BRIDGE,STREET,0,W,35356,I,MELBOURNE,MELBOURNE,-37.8193,144.96109,3000
44698,T20070043307,24/11/2007,67551,5554,17.50.00,1,Collision with vehicle,7,Saturday,119,OTHER ADJACENT (INTERSECTIONS ONLY)             ,1,Day,2,2,0,1,0,1,2,Cross intersection,3,Other Injury,50,B,N ,Bicycle,N ,1,1,H,F,2,5,Stop-go lights,9999,FLINDERS,STREET,QUEENS BRIDGE,STREET,0,W,35356,I,MELBOURNE,MELBOURNE,-37.8193,144.96109,3000
44730,T20070043348,27/11/2007,67551,5554,09.30.00,1,Collision with vehicle,3,Tuesday,143,ENTERING PARKING                      ,1,Day,2,2,0,1,0,1,2,Not at intersection,3,Other Injury,50,B,S ,Bicycle,S ,1,1,H,F,0,2,No control,9999,GISBORNE,STREET,ALBERT,STREET,15,S,75879,N,MELBOURNE,MELBOURNE,-37.80967,144.97563,3002
44901,T20070043641,30/11/2007,67551,5554,08.40.00,1,Collision with vehicle,6,Friday,135,LANE CHANGE LEFT (NOT OVERTAKING)              ,1,Day,2,2,2,0,0,0,1,Not at intersection,2,Hospitilisation,60,B,N ,Bicycle,N ,1,1,H,1,2,2,No control,5882,ST KILDA,ROAD,SLATER,STREET,101,N,202871,N,MELBOURNE,"MELBOURNE,PORT PHILLIP",-37.83821,144.97626,3004
45177,T20070044152,30/11/2007,67551,5554,17.50.00,1,Collision with vehicle,6,Friday,116,LEFT NEAR (INTERSECTIONS ONLY)               ,1,Day,2,2,0,1,0,1,2,T intersection,3,Other Injury,50,B,E ,Bicycle,E ,1,1,H,5,2,2,Stop-go lights,9999,FLINDERS,STREET,QUEEN,STREET,0,W,36928,I,MELBOURNE,MELBOURNE,-37.8189,144.96248,3000
45178,T20070044152,30/11/2007,67551,5554,17.50.00,1,Collision with vehicle,6,Friday,116,LEFT NEAR (INTERSECTIONS ONLY)               ,1,Day,2,2,0,1,0,1,2,T intersection,3,Other Injury,50,B,E ,Bicycle,E ,1,1,H,5,2,2,Stop-go lights,9999,FLINDERS,STREET,QUEEN,STREET,0,W,36928,I,MELBOURNE,MELBOURNE,-37.8189,144.96248,3000
59378,T20080023800,30/11/2007,67551,5554,17.36.00,8,No collision and no object struck,6,Friday,174,OUT OF CONTROL ON CARRIAGEWAY (ON STRAIGHT)         ,1,Day,1,1,0,1,0,0,2,T intersection,3,Other Injury,40,A,W ,Bicycle,W ,17,1,H,N,2,1,No control,5853,JOHNSTON,STREET,SYDNEY,STREET,0,W,36669,I,YARRA,YARRA,-37.79979,144.99241,3066
44978,T20070043788,1/12/2007,67551,5554,08.25.00,1,Collision with vehicle,7,Saturday,129,OTHER OPPOSING MANOEUVRES NOT INCLUDED IN DCAs 120-125.   ,1,Day,2,2,1,0,0,1,1,Not at intersection,2,Hospitilisation,999,A,N ,Bicycle,E ,2,2,H,F,2,1,No control,9999,SWANSTON,STREET,LITTLE BOURKE,STREET,30,S,126414,N,MELBOURNE,MELBOURNE,-37.8128,144.9653,3000
45120,T20070044041,3/12/2007,67551,5554,08.55.00,1,Collision with vehicle,2,Monday,163,VEHICLE STRIKES DOOR OF PARKED/STATIONARY VEHICLE      ,1,Day,2,2,1,0,0,1,1,Not at intersection,2,Hospitilisation,50,B,NW,Bicycle,NW,1,8,H,F,2,1,No control,5061,SPENCER,STREET,ROSSLYN,STREET,16,NW,214248,N,MELBOURNE,MELBOURNE,-37.80916,144.94929,3003
45291,T20070044363,5/12/2007,67551,5554,09.03.00,1,Collision with vehicle,4,Wednesday,133,LANE SIDE SWIPE (VEHICLES IN PARALLEL LANES)        ,1,Day,2,2,0,1,0,1,1,T intersection,3,Other Injury,70,A,N ,Bicycle,N ,1,1,H,1,2,2,Stop-go lights,2080,HODDLE,STREET,ELIZABETH,STREET,0,S,46984,I,MELBOURNE,"MELBOURNE,YARRA",-37.81095,144.99114,3121
45366,T20070044467,6/12/2007,67551,5554,07.15.00,1,Collision with vehicle,5,Thursday,121,RIGHT THROUGH                        ,1,Day,2,2,0,1,0,1,1,T intersection,3,Other Injury,60,B,W ,Bicycle,W ,1,1,H,F,2,1,No control,5287,SWAN,STREET,WELLINGTON,STREET,0,W,37072,I,YARRA,YARRA,-37.82475,144.9899,3121
45628,T20070045013,10/12/2007,67551,5554,08.55.00,1,Collision with vehicle,2,Monday,110,CROSS TRAFFIC(INTERSECTIONS ONLY)              ,1,Day,2,2,0,1,0,1,1,Multiple intersection,3,Other Injury,50,B,N ,Bicycle,N ,1,1,H,R,2,3,Roundabout,5044,FLEMINGTON,ROAD,ELIZABETH,STREET,0,SE,29893,I,MELBOURNE,MELBOURNE,-37.8012,144.95693,3000
45804,T20070045367,10/12/2007,67551,5554,18.15.00,1,Collision with vehicle,2,Monday,163,VEHICLE STRIKES DOOR OF PARKED/STATIONARY VEHICLE      ,1,Day,2,2,1,0,0,1,1,Not at intersection,2,Hospitilisation,60,B,W ,Bicycle,W ,1,1,H,F,2,1,No control,5083,VICTORIA,PARADE,CLARENDON,STREET,24,E,214371,N,YARRA,YARRA,-37.80888,144.98408,3066
45686,T20070045160,11/12/2007,67551,5554,08.11.00,1,Collision with vehicle,3,Tuesday,121,RIGHT THROUGH                        ,1,Day,2,2,1,0,0,1,1,T intersection,2,Hospitilisation,50,B,S ,Bicycle,S ,1,1,H,1,2,4,No control,5882,ST KILDA,ROAD,ANZAC,AVENUE,0,N,36995,I,MELBOURNE,MELBOURNE,-37.82748,144.97142,3006
45690,T20070045162,11/12/2007,67551,5554,08.32.00,1,Collision with vehicle,3,Tuesday,110,CROSS TRAFFIC(INTERSECTIONS ONLY)              ,1,Day,2,2,0,1,0,1,1,Cross intersection,3,Other Injury,50,B,S ,Bicycle,S ,1,1,H,F,2,3,Roundabout,9999,DRUMMOND,STREET,PELHAM,STREET,0,N,36353,I,MELBOURNE,MELBOURNE,-37.80298,144.96805,3053
45702,T20070045188,11/12/2007,67551,5554,12.24.00,1,Collision with vehicle,3,Tuesday,111,RIGHT FAR (INTERSECTIONS ONLY)               ,1,Day,2,3,1,0,0,2,1,Cross intersection,2,Hospitilisation,50,B,S ,Bicycle,S ,1,13,H,F,2,6,Stop-go lights,5082,VICTORIA,STREET,SWANSTON,STREET,0,W,36264,I,MELBOURNE,MELBOURNE,-37.80666,144.9629,3053
45744,T20070045270,11/12/2007,67551,5554,10.30.00,1,Collision with vehicle,3,Tuesday,137,LEFT TURN SIDESWIPE                     ,1,Day,2,2,0,1,0,1,2,T intersection,3,Other Injury,60,B,N ,Bicycle,N ,1,1,H,F,2,6,Stop-go lights,2080,PUNT,ROAD,ALEXANDRA,AVENUE,0,S,263,I,MELBOURNE,"STONNINGTON,MELBOURNE",-37.83063,144.98785,3141
71601,T20080048259,11/12/2007,67551,5554,19.30.00,1,Collision with vehicle,3,Tuesday,121,RIGHT THROUGH                        ,1,Day,2,2,1,0,0,1,2,Not at intersection,2,Hospitilisation,999,A,S ,Bicycle,S ,1,1,H,9,2,5,No control,9999,SWANSTON,STREET,CORNELL,PLACE,45,S,145130,N,MELBOURNE,MELBOURNE,-37.80545,144.96311,3053
45845,T20070045465,12/12/2007,67551,5554,18.30.00,1,Collision with vehicle,4,Wednesday,137,LEFT TURN SIDESWIPE                     ,1,Day,2,2,0,1,0,1,2,Cross intersection,3,Other Injury,60,A,N ,Bicycle,N ,1,1,H,F,2,1,No control,5736,NICHOLSON,STREET,CARLTON,STREET,0,S,36432,I,MELBOURNE,"YARRA,MELBOURNE",-37.80122,144.97433,3065
45847,T20070045475,12/12/2007,67551,5554,19.15.00,1,Collision with vehicle,4,Wednesday,148,VEHICLE OFF FOOTPATH STRIKES VEH ON CARRIAGEWAY,1,Day,2,2,0,1,0,1,2,T intersection,3,Other Injury,60,A,N ,Bicycle,N ,1,1,H,F,2,3,No control,2080,PUNT,ROAD,KELSO,STREET,0,S,37048,I,MELBOURNE,"MELBOURNE,YARRA",-37.82797,144.98824,3121
45898,T20070045563,13/12/2007,67551,5554,10.30.00,1,Collision with vehicle,5,Thursday,163,VEHICLE STRIKES DOOR OF PARKED/STATIONARY VEHICLE      ,1,Day,2,2,0,1,0,1,2,Not at intersection,3,Other Injury,50,B,NW,Bicycle,NW,1,1,H,F,2,6,Stop-go lights,5046,ELIZABETH,STREET,VICTORIA,STREET,90,N,214433,N,MELBOURNE,MELBOURNE,-37.80551,144.95915,3000
46126,T20070046029,16/12/2007,67551,5554,17.40.00,1,Collision with vehicle,1,Sunday,148,VEHICLE OFF FOOTPATH STRIKES VEH ON CARRIAGEWAY,1,Day,2,2,0,1,0,1,1,Cross intersection,3,Other Injury,50,B,N ,Bicycle,N ,1,1,H,F,2,1,No control,9999,ABBOTSFORD,STREET,OSHANASSY,STREET,0,S,36097,I,MELBOURNE,MELBOURNE,-37.79981,144.94603,3051
46140,T20070046052,16/12/2007,67551,5554,21.15.00,8,No collision and no object struck,1,Sunday,174,OUT OF CONTROL ON CARRIAGEWAY (ON STRAIGHT)         ,3,Dark Street lights on,1,1,1,0,0,0,1,Not at intersection,2,Hospitilisation,40,A,S ,Bicycle,S ,1,18,H,F,2,6,No control,9999,BRUNSWICK,STREET,KING WILLIAM,STREET,39,N,214454,N,YARRA,YARRA,-37.80199,144.97784,3065
46190,T20070046160,17/12/2007,67551,5554,17.10.00,1,Collision with vehicle,2,Monday,121,RIGHT THROUGH                        ,1,Day,2,3,1,0,0,2,1,Not at intersection,2,Hospitilisation,60,B,NE,Bicycle,NE,1,1,H,F,2,2,No control,5325,CITY,ROAD,POWER,STREET,52,SW,214525,N,MELBOURNE,MELBOURNE,-37.8242,144.96214,3006
46219,T20070046217,18/12/2007,67551,5554,09.00.00,1,Collision with vehicle,3,Tuesday,121,RIGHT THROUGH                        ,1,Day,2,2,1,0,0,1,1,T intersection,2,Hospitilisation,60,B,S ,Bicycle,S ,1,1,H,F,2,6,No control,9999,PELHAM,STREET,RATHDOWNE,STREET,0,W,36379,I,MELBOURNE,MELBOURNE,-37.80314,144.96955,3053
46262,T20070046301,18/12/2007,67551,5554,18.40.00,1,Collision with vehicle,3,Tuesday,121,RIGHT THROUGH                        ,1,Day,2,2,0,2,0,0,2,T intersection,3,Other Injury,50,B,E ,Bicycle,E ,1,1,H,F,9,5,No control,9999,DAVID,STREET,ELGIN,STREET,0,S,36398,I,MELBOURNE,MELBOURNE,-37.79762,144.97181,3053
46580,T20070047060,18/12/2007,67551,5554,09.35.00,1,Collision with vehicle,3,Tuesday,163,VEHICLE STRIKES DOOR OF PARKED/STATIONARY VEHICLE      ,1,Day,2,3,0,2,0,1,2,Cross intersection,3,Other Injury,50,B,NE,Bicycle,NE,1,1,H,N,2,1,Stop-go lights,9999,COLLINS,STREET,SWANSTON,STREET,0,E,29427,I,MELBOURNE,MELBOURNE,-37.81549,144.96654,3000
47935,T20080001851,20/12/2007,67551,5554,10.00.00,8,No collision and no object struck,5,Thursday,174,OUT OF CONTROL ON CARRIAGEWAY (ON STRAIGHT)         ,1,Day,1,1,0,1,0,0,2,Not at intersection,3,Other Injury,999,A,N ,Bicycle,N ,6,6,H,1,0,6,No control,2120,MONTAGUE,STREET,MONTAGUE-WEST GATE OUT ON,RAMP,46,NW,214726,N,PORT PHILLIP,PORT PHILLIP,-37.82719,144.94683,3205
46460,T20070046783,21/12/2007,67551,5554,07.23.00,1,Collision with vehicle,6,Friday,163,VEHICLE STRIKES DOOR OF PARKED/STATIONARY VEHICLE      ,1,Day,2,2,0,1,0,1,2,Not at intersection,3,Other Injury,50,B,N ,Bicycle,N ,1,1,H,F,2,2,No control,9999,ANDERSON,STREET,FAIRLIE,COURT,20,S,214490,N,MELBOURNE,MELBOURNE,-37.83277,144.98398,3141
46925,T20070047830,29/12/2007,67551,5554,22.20.00,1,Collision with vehicle,6,Saturday,129,OTHER OPPOSING MANOEUVRES NOT INCLUDED IN DCAs 120-125.   ,3,Dark Street lights on,2,2,0,1,0,1,2,Not at intersection,3,Other Injury,50,A,N ,Bicycle,NK,1,1,H,F,2,2,No control,9999,NAPIER,STREET,GERTRUDE,STREET,70,N,284875,N,YARRA,YARRA,-37.80536,144.97955,3065
46973,T20070047949,31/12/2007,67551,5554,07.40.00,1,Collision with vehicle,2,Monday,111,RIGHT FAR (INTERSECTIONS ONLY)               ,1,Day,2,2,1,0,0,1,1,Cross intersection,2,Hospitilisation,60,B,S ,Bicycle,E ,2,2,H,F,2,1,Roundabout,5046,ELIZABETH,STREET,ROYAL,PARADE,0,S,36210,I,MELBOURNE,MELBOURNE,-37.79972,144.95756,3052
47281,T20080000568,4/01/2008,75604,6216,07.00.00,1,Collision with vehicle,6,Friday,121,RIGHT THROUGH                        ,2,Dusk/Dawn,2,2,1,0,0,1,2,Cross intersection,2,Hospitilisation,999,B,W ,Bicycle,W ,1,1,H,1,0,5,Stop-go lights,5285,BRIDGE,ROAD,LENNOX,STREET,0,W,37122,I,YARRA,YARRA,-37.81807,144.99462,3121
47525,T20080001032,9/01/2008,75604,6216,16.00.00,1,Collision with vehicle,4,Wednesday,163,VEHICLE STRIKES DOOR OF PARKED/STATIONARY VEHICLE      ,1,Day,2,2,0,1,0,1,2,Not at intersection,3,Other Injury,50,B,SW,Bicycle,SW,1,1,H,5,2,6,No control,9999,FLINDERS,STREET,CHAPTER HOUSE,LANE,21,W,217675,N,MELBOURNE,MELBOURNE,-37.81729,144.96799,3000
47526,T20080001032,9/01/2008,75604,6216,16.00.00,1,Collision with vehicle,4,Wednesday,163,VEHICLE STRIKES DOOR OF PARKED/STATIONARY VEHICLE      ,1,Day,2,2,0,1,0,1,2,Not at intersection,3,Other Injury,50,B,SW,Bicycle,SW,1,1,H,5,2,6,No control,9999,FLINDERS,STREET,CHAPTER HOUSE,LANE,21,W,217675,N,MELBOURNE,MELBOURNE,-37.81729,144.96799,3000