,ACCIDENT_NO,ACCIDENTDATE,CYCLISTS,CYCLISTS_COUNT_LS,ACCIDENTTIME,ACCIDENT_TYPE,ACCIDENT_TYPE_DESC,DAY_OF_WEEK,DAY_WEEK_DESC,DCA_CODE,DCA Description,LIGHT_CONDITION,LIGHT_CONDITION_DEC,NO_OF_VEHICLES,NO_PERSONS,NO_PERSONS_INJ_2,NO_PERSONS_INJ_3,NO_PERSONS_KILLED,NO_PERSONS_NOT_INJ,POLICE_ATTEND,ROAD_GEOMETRY_DESC,SEVERITY,SEVERITY_DESC,SPEED_ZONE,VEHICLE_ID,INITIAL_DIRECTION,Vehicle Type Desc,FINAL_DIRECTION,DRIVER_INTENT,VEHICLE_MOVEMENT,TRAILER_TYPE,INITIAL_IMPACT,LAMPS,LEVEL_OF_DAMAGE,TRAFFIC_CONTROL_DESC,ROAD_ROUTE_1,ROAD_NAME,ROAD_TYPE,ROAD_NAME_INT,ROAD_TYPE_INT,DISTANCE_LOCATION,DIRECTION_LOCATION,NODE_ID,NODE_TYPE,LGA_NAME,Lga Name All,Lat,Long,Postcode No
47561,T20080001090,9/01/2008,75604,6216,21.00.00,1,Collision with vehicle,4,Wednesday,113,RIGHT NEAR (INTERSECTIONS ONLY)               ,2,Dusk/Dawn,2,2,0,1,0,1,2,T intersection,3,Other Injury,999,A,W ,Bicycle,W ,1,99,H,8,1,6,Unknown,9999,ARDEN,STREET,LLOYD,STREET,0,W,36061,I,MELBOURNE,MELBOURNE,-37.79928,144.93512,3031
47596,T20080001157,11/01/2008,75604,6216,14.45.00,1,Collision with vehicle,6,Friday,147,VEHICLE STRIKES ANOTHER VEH WHILE EMERGING FROM DRIVEWAY,1,Day,2,2,0,1,0,1,2,Not at intersection,3,Other Injury,999,B,W ,Bicycle,W ,1,1,H,F,2,2,No control,9999,STURT,STREET,MILES,STREET,51,S,214779,N,MELBOURNE,MELBOURNE,-37.82877,144.96576,3006
47738,T20080001413,13/01/2008,75604,6216,15.34.00,1,Collision with vehicle,1,Sunday,122,LEFT THROUGH                        ,1,Day,2,2,0,1,0,1,1,Cross intersection,3,Other Injury,999,B,S ,Bicycle,S ,1,1,H,8,2,1,Stop-go lights,9999,LONSDALE,STREET,SWANSTON,STREET,0,E,35363,I,MELBOURNE,MELBOURNE,-37.81156,144.96473,3000
48015,T20080001999,18/01/2008,75604,6216,16.00.00,1,Collision with vehicle,6,Friday,147,VEHICLE STRIKES ANOTHER VEH WHILE EMERGING FROM DRIVEWAY,1,Day,2,3,0,1,0,2,2,Not at intersection,3,Other Injury,60,B,W ,Bicycle,W ,1,1,H,4,2,2,No control,9999,PARK,STREET,HOWE,CRESCENT,25,E,214927,N,PORT PHILLIP,PORT PHILLIP,-37.83615,144.95838,3205
48036,T20080002034,18/01/2008,75604,6216,18.15.00,1,Collision with vehicle,6,Friday,143,ENTERING PARKING                      ,1,Day,2,4,0,1,0,3,1,Not at intersection,3,Other Injury,50,B,E ,Bicycle,E ,1,1,H,1,2,6,No control,9999,ALEXANDRA,AVENUE,ANDERSON,STREET,201,W,201780,N,MELBOURNE,MELBOURNE,-37.82797,144.98262,3004
48182,T20080002423,21/01/2008,75604,6216,16.10.00,1,Collision with vehicle,2,Monday,137,LEFT TURN SIDESWIPE                     ,1,Day,2,2,0,1,0,1,2,Cross intersection,3,Other Injury,60,B,N ,Bicycle,N ,1,1,H,F,2,1,Stop-go lights,9999,BOUVERIE,STREET,QUEENSBERRY,STREET,0,N,36258,I,MELBOURNE,MELBOURNE,-37.80439,144.96178,3053
48741,T20080003595,22/01/2008,75604,6216,20.30.00,8,No collision and no object struck,3,Tuesday,174,OUT OF CONTROL ON CARRIAGEWAY (ON STRAIGHT)         ,3,Dark Street lights on,2,2,1,0,0,1,2,Not at intersection,2,Hospitilisation,40,B,W ,Bicycle,W ,1,1,H,F,2,6,Unknown,9999,HARBOUR,ESPLANADE,BOURKE,STREET,158,N,235405,N,MELBOURNE,MELBOURNE,-37.81765,144.94615,3008
52731,T20080010891,29/01/2008,75604,6216,16.50.00,8,No collision and no object struck,3,Tuesday,174,OUT OF CONTROL ON CARRIAGEWAY (ON STRAIGHT)         ,1,Day,1,1,0,1,0,0,2,Not at intersection,3,Other Injury,50,A,N ,Bicycle,N ,6,1,H,F,2,1,No control,9999,BRUNSWICK,STREET,VICTORIA,STREET,20,S,141997,N,YARRA,YARRA,-37.79924,144.97831,3065
48935,T20080003939,31/01/2008,75604,6216,08.30.00,1,Collision with vehicle,5,Thursday,130,REAR END(VEHICLES IN SAME LANE)               ,1,Day,2,2,0,1,0,1,2,Not at intersection,3,Other Injury,60,A,W ,Bicycle,W ,17,17,H,F,2,1,No control,5839,NORMANBY,ROAD,CLARENDON,STREET,54,SW,215032,N,MELBOURNE,MELBOURNE,-37.82556,144.9565,3006
49039,T20080004132,4/02/2008,75604,6216,10.52.00,8,No collision and no object struck,2,Monday,174,OUT OF CONTROL ON CARRIAGEWAY (ON STRAIGHT)         ,1,Day,1,1,1,0,0,0,1,Not at intersection,2,Hospitilisation,999,A,S ,Bicycle,S ,1,1,H,5,0,1,No control,9999,SWANSTON,STREET,LITTLE BOURKE,STREET,31,N,215201,N,MELBOURNE,MELBOURNE,-37.81228,144.96506,3000
53843,T20080013127,4/02/2008,75604,6216,17.00.00,1,Collision with vehicle,2,Monday,136,RIGHT TURN SIDESWIPE                    ,1,Day,2,2,0,1,0,1,2,T intersection,3,Other Injury,999,B,NW,Bicycle,N ,2,2,H,1,2,1,No control,9999,NICHOLSON,STREET,SPRING,STREET,0,S,35838,I,MELBOURNE,MELBOURNE,-37.81069,144.97273,3002
53844,T20080013127,4/02/2008,75604,6216,17.00.00,1,Collision with vehicle,2,Monday,136,RIGHT TURN SIDESWIPE                    ,1,Day,2,2,0,1,0,1,2,T intersection,3,Other Injury,999,B,NW,Bicycle,N ,2,2,H,1,2,1,No control,9999,NICHOLSON,STREET,SPRING,STREET,0,S,35838,I,MELBOURNE,MELBOURNE,-37.81069,144.97273,3002
49041,T20080004137,5/02/2008,75604,6216,07.45.00,1,Collision with vehicle,3,Tuesday,163,VEHICLE STRIKES DOOR OF PARKED/STATIONARY VEHICLE      ,1,Day,2,2,0,1,0,1,1,T intersection,3,Other Injury,50,B,W ,Bicycle,W ,1,1,H,F,2,2,No control,9999,BOND,STREET,FLINDERS,LANE,0,S,48654,I,MELBOURNE,MELBOURNE,-37.81776,144.96258,3000
49046,T20080004140,5/02/2008,75604,6216,08.29.00,1,Collision with vehicle,3,Tuesday,163,VEHICLE STRIKES DOOR OF PARKED/STATIONARY VEHICLE      ,1,Day,2,3,1,2,0,0,1,Cross intersection,2,Hospitilisation,50,B,E ,Bicycle,E ,1,1,H,F,2,3,No control,9999,LA TROBE,STREET,RUSSELL,STREET,0,W,65670,I,MELBOURNE,MELBOURNE,-37.80888,144.9663,3000
49047,T20080004140,5/02/2008,75604,6216,08.29.00,1,Collision with vehicle,3,Tuesday,163,VEHICLE STRIKES DOOR OF PARKED/STATIONARY VEHICLE      ,1,Day,2,3,1,2,0,0,1,Cross intersection,2,Hospitilisation,50,B,E ,Bicycle,E ,1,1,H,F,2,3,No control,9999,LA TROBE,STREET,RUSSELL,STREET,0,W,65670,I,MELBOURNE,MELBOURNE,-37.80888,144.9663,3000
49074,T20080004172,5/02/2008,75604,6216,08.52.00,2,Struck Pedestrian,3,Tuesday,100,PED NEAR SIDE. PED HIT BY VEHICLE FROM THE RIGHT.      ,1,Day,1,2,0,2,0,0,1,Cross intersection,3,Other Injury,50,A,S ,Bicycle,S ,1,1,H,F,2,1,Stop-go lights,9999,LA TROBE,STREET,SWANSTON,STREET,0,W,35358,I,MELBOURNE,MELBOURNE,-37.80959,144.96383,3000
49075,T20080004172,5/02/2008,75604,6216,08.52.00,2,Struck Pedestrian,3,Tuesday,100,PED NEAR SIDE. PED HIT BY VEHICLE FROM THE RIGHT.      ,1,Day,1,2,0,2,0,0,1,Cross intersection,3,Other Injury,50,A,S ,Bicycle,S ,1,1,H,F,2,1,Stop-go lights,9999,LA TROBE,STREET,SWANSTON,STREET,0,W,35358,I,MELBOURNE,MELBOURNE,-37.80959,144.96383,3000
49299,T20080004555,5/02/2008,75604,6216,19.30.00,1,Collision with vehicle,3,Tuesday,133,LANE SIDE SWIPE (VEHICLES IN PARALLEL LANES)        ,2,Dusk/Dawn,2,2,0,1,0,1,2,Cross intersection,3,Other Injury,50,B,S ,Bicycle,S ,1,6,H,R,2,1,No control,9999,FLINDERS,STREET,SWANSTON,STREET,0,W,238,I,MELBOURNE,MELBOURNE,-37.81745,144.96744,3000
49300,T20080004555,5/02/2008,75604,6216,19.30.00,1,Collision with vehicle,3,Tuesday,133,LANE SIDE SWIPE (VEHICLES IN PARALLEL LANES)        ,2,Dusk/Dawn,2,2,0,1,0,1,2,Cross intersection,3,Other Injury,50,B,S ,Bicycle,S ,1,6,H,R,2,1,No control,9999,FLINDERS,STREET,SWANSTON,STREET,0,W,238,I,MELBOURNE,MELBOURNE,-37.81745,144.96744,3000
49352,T20080004632,8/02/2008,75604,6216,17.45.00,1,Collision with vehicle,5,Friday,133,LANE SIDE SWIPE (VEHICLES IN PARALLEL LANES)        ,1,Day,2,2,1,0,0,1,1,Not at intersection,2,Hospitilisation,60,A,W ,Bicycle,W ,1,1,H,1,2,3,No control,9999,GERTRUDE,STREET,YOUNG,STREET,0,W,36509,I,YARRA,YARRA,-37.80587,144.97835,3065
56008,T20080017193,8/02/2008,75604,6216,19.00.00,1,Collision with vehicle,6,Friday,110,CROSS TRAFFIC(INTERSECTIONS ONLY)              ,9,Unknown,2,2,0,1,0,1,2,Cross intersection,3,Other Injury,50,B,SE,Bicycle,NK,1,1,H,1,9,9,No control,9999,ALBERT,STREET,GRAHAM,STREET,0,SW,55413,I,PORT PHILLIP,PORT PHILLIP,-37.83585,144.93513,3207
49622,T20080005191,12/02/2008,75604,6216,19.20.00,1,Collision with vehicle,3,Tuesday,139,OTHER SAME DIRECTION-MANOUEVRES NOT INCLUDED IN DCAs 130-137,2,Dusk/Dawn,2,3,1,0,0,2,1,Not at intersection,2,Hospitilisation,60,B,W ,Bicycle,W ,1,99,H,N,2,6,No control,5948,VICTORIA,STREET,NICHOLSON,STREET,18,E,218555,N,YARRA,YARRA,-37.81011,144.99624,3121
49706,T20080005325,12/02/2008,75604,6216,08.50.00,1,Collision with vehicle,3,Tuesday,137,LEFT TURN SIDESWIPE                     ,1,Day,2,2,1,0,0,1,2,Not at intersection,2,Hospitilisation,60,B,NW,Bicycle,NW,1,1,H,F,2,1,No control,5882,ST KILDA,ROAD,SLATER,STREET,102,S,215237,N,MELBOURNE,"PORT PHILLIP,MELBOURNE",-37.83997,144.9769,3004
49759,T20080005427,14/02/2008,75604,6216,16.04.00,1,Collision with vehicle,5,Thursday,111,RIGHT FAR (INTERSECTIONS ONLY)               ,1,Day,2,2,0,1,0,1,2,T intersection,3,Other Injury,40,B,W ,Bicycle,N ,1,2,H,F,2,1,Giveway sign,9999,SMITH,STREET,LEICESTER,STREET,0,S,36587,I,YARRA,YARRA,-37.79597,144.98479,3066
49799,T20080005495,15/02/2008,75604,6216,09.00.00,1,Collision with vehicle,6,Friday,163,VEHICLE STRIKES DOOR OF PARKED/STATIONARY VEHICLE      ,1,Day,2,3,0,1,0,2,2,Not at intersection,3,Other Injury,50,B,S ,Bicycle,S ,1,1,H,1,2,9,Unknown,9999,ELIZABETH,STREET,FLINDERS,STREET,32,N,216959,N,MELBOURNE,MELBOURNE,-37.8179,144.96485,3000
49892,T20080005664,16/02/2008,75604,6216,09.50.00,1,Collision with vehicle,7,Saturday,163,VEHICLE STRIKES DOOR OF PARKED/STATIONARY VEHICLE      ,1,Day,2,2,1,0,0,1,1,Not at intersection,2,Hospitilisation,60,B,SE,Bicycle,SE,1,1,H,F,2,1,No control,5882,ST KILDA,ROAD,BOWEN,LANE,44,SE,215303,N,MELBOURNE,"MELBOURNE,PORT PHILLIP",-37.83414,144.97403,3004
50013,T20080005889,16/02/2008,75604,6216,10.45.00,8,No collision and no object struck,7,Saturday,174,OUT OF CONTROL ON CARRIAGEWAY (ON STRAIGHT)         ,1,Day,2,2,0,1,0,1,2,Cross intersection,3,Other Injury,50,A,S ,Bicycle,S ,99,11,H,6,2,9,No control,5046,ELIZABETH,STREET,VICTORIA,STREET,0,S,36230,I,MELBOURNE,MELBOURNE,-37.80629,144.9595,3000
50051,T20080006000,18/02/2008,75604,6216,09.30.00,1,Collision with vehicle,2,Monday,163,VEHICLE STRIKES DOOR OF PARKED/STATIONARY VEHICLE      ,1,Day,2,3,0,1,0,2,2,Not at intersection,3,Other Injury,60,B,SE,Bicycle,SE,7,7,H,F,2,1,Stop-go lights,5046,ELIZABETH,STREET,VICTORIA,STREET,21,N,217376,N,MELBOURNE,MELBOURNE,-37.80612,144.95942,3000
51739,T20080008980,18/02/2008,75604,6216,08.48.00,8,No collision and no object struck,2,Monday,174,OUT OF CONTROL ON CARRIAGEWAY (ON STRAIGHT)         ,1,Day,2,2,0,1,0,1,2,Cross intersection,3,Other Injury,50,A,N ,Bicycle,N ,1,1,H,N,9,1,No control,9999,FLINDERS,LANE,WILLIAM,STREET,0,E,35354,I,MELBOURNE,MELBOURNE,-37.81862,144.95956,3000
50138,T20080006109,19/02/2008,75604,6216,00.30.00,1,Collision with vehicle,3,Tuesday,140,U TURN                           ,3,Dark Street lights on,2,2,0,1,0,1,2,Cross intersection,3,Other Injury,50,B,N ,Bicycle,N ,1,1,H,F,1,1,No control,9999,EXHIBITION,STREET,LONSDALE,STREET,0,N,36966,I,MELBOURNE,MELBOURNE,-37.81013,144.96966,3000
50269,T20080006301,19/02/2008,75604,6216,19.10.00,1,Collision with vehicle,3,Tuesday,116,LEFT NEAR (INTERSECTIONS ONLY)               ,1,Day,2,2,0,1,0,1,2,T intersection,3,Other Injury,999,B,N ,Bicycle,N ,1,1,H,8,0,1,No control,9999,ROSSLYN,STREET,WILLIAM,STREET,0,SW,36196,I,MELBOURNE,MELBOURNE,-37.80692,144.9542,3003
50311,T20080006399,21/02/2008,75604,6216,13.50.00,1,Collision with vehicle,5,Thursday,119,OTHER ADJACENT (INTERSECTIONS ONLY)             ,1,Day,2,3,0,1,0,2,2,Cross intersection,3,Other Injury,60,B,NK,Bicycle,NK,99,99,H,F,2,9,Stop-go lights,9999,ELGIN,STREET,LYGON,STREET,0,W,109,I,MELBOURNE,MELBOURNE,-37.79716,144.96756,3053
51555,T20080008614,24/02/2008,75604,6216,11.15.00,1,Collision with vehicle,1,Sunday,137,LEFT TURN SIDESWIPE                     ,1,Day,2,2,1,0,0,1,1,Cross intersection,2,Hospitilisation,50,B,W ,Bicycle,SW,1,1,H,F,2,1,Stop-go lights,5325,CITY,ROAD,MONTAGUE,STREET,0,SW,37481,I,PORT PHILLIP,PORT PHILLIP,-37.83275,144.9521,3205
50600,T20080006980,26/02/2008,75604,6216,07.00.00,1,Collision with vehicle,3,Tuesday,130,REAR END(VEHICLES IN SAME LANE)               ,1,Day,2,2,0,1,0,1,2,T intersection,3,Other Injury,60,B,W ,Bicycle,W ,1,1,H,8,2,1,Unknown,5287,SWAN,STREET,LENNOX,STREET,0,W,37135,I,YARRA,YARRA,-37.82518,144.99339,3121
50805,T20080007283,28/02/2008,75604,6216,08.30.00,1,Collision with vehicle,5,Thursday,137,LEFT TURN SIDESWIPE                     ,1,Day,2,2,0,1,0,1,2,T intersection,3,Other Injury,40,A,S ,Bicycle,S ,1,1,H,F,2,2,Other,9999,WILLIAM,STREET,ABECKETT,STREET,0,N,36847,I,MELBOURNE,MELBOURNE,-37.81067,144.95594,3003
51438,T20080008424,2/03/2008,75604,6216,21.00.00,7,Fall from or in moving vehicle,1,Sunday,174,OUT OF CONTROL ON CARRIAGEWAY (ON STRAIGHT)         ,6,Dark Street lights unknown,1,1,1,0,0,0,2,T intersection,2,Hospitilisation,50,A,N ,Bicycle,N ,2,1,H,F,2,9,No control,9999,RICH,STREET,TURNER,STREET,0,N,54429,I,YARRA,YARRA,-37.79928,144.99715,3067
51114,T20080007827,3/03/2008,75604,6216,13.00.00,1,Collision with vehicle,2,Monday,133,LANE SIDE SWIPE (VEHICLES IN PARALLEL LANES)        ,1,Day,2,2,1,0,0,1,1,Cross intersection,2,Hospitilisation,50,B,E ,Bicycle,E ,1,1,H,1,2,6,No control,9999,CARDIGAN,STREET,GRATTAN,STREET,0,S,100,I,MELBOURNE,MELBOURNE,-37.80059,144.96545,3053
51760,T20080009017,3/03/2008,75604,6216,15.10.00,1,Collision with vehicle,2,Monday,133,LANE SIDE SWIPE (VEHICLES IN PARALLEL LANES)        ,1,Day,2,2,1,0,0,1,2,Not at intersection,2,Hospitilisation,60,A,NW,Bicycle,NW,1,1,H,R,2,5,Stop-go lights,2510,KINGS,WAY,STURT,STREET,9,NW,215794,N,MELBOURNE,MELBOURNE,-37.83055,144.96514,3006
51208,T20080008024,4/03/2008,75604,6216,17.11.00,2,Struck Pedestrian,3,Tuesday,102,FAR SIDE. PED HIT BY VEHICLE FROM THE LEFT         ,1,Day,1,2,1,1,0,0,1,Not at intersection,2,Hospitilisation,999,A,S ,Bicycle,S ,99,99,H,F,2,9,No control,9999,SWANSTON,STREET,BOURKE,STREET,15,S,126437,N,MELBOURNE,MELBOURNE,-37.81366,144.96569,3000
51210,T20080008029,4/03/2008,75604,6216,17.30.00,1,Collision with vehicle,3,Tuesday,121,RIGHT THROUGH                        ,1,Day,2,2,1,0,0,1,1,T intersection,2,Hospitilisation,60,B,N ,Bicycle,N ,1,1,H,F,9,4,No control,9999,RATHDOWNE,STREET,UNIVERSITY,STREET,0,N,36378,I,MELBOURNE,MELBOURNE,-37.79967,144.97012,3053
52218,T20080009938,4/03/2008,75604,6216,01.12.00,1,Collision with vehicle,3,Tuesday,163,VEHICLE STRIKES DOOR OF PARKED/STATIONARY VEHICLE      ,6,Dark Street lights unknown,3,3,0,1,0,2,1,Not at intersection,3,Other Injury,50,B,SE,Bicycle,SE,1,1,H,F,2,5,No control,5882,ST KILDA,ROAD,BROMBY,STREET,94,SE,215851,N,MELBOURNE,"PORT PHILLIP,MELBOURNE",-37.8354,144.9751,3004
51232,T20080008055,5/03/2008,75604,6216,07.07.00,1,Collision with vehicle,4,Wednesday,121,RIGHT THROUGH                        ,1,Day,2,3,1,0,0,2,1,Cross intersection,2,Hospitilisation,60,B,SW,Bicycle,SW,1,1,H,F,9,2,No control,5325,CITY,ROAD,CLARKE,STREET,0,SW,36872,I,MELBOURNE,MELBOURNE,-37.82678,144.95911,3006
51362,T20080008292,6/03/2008,75604,6216,15.09.00,1,Collision with vehicle,5,Thursday,137,LEFT TURN SIDESWIPE                     ,1,Day,2,2,1,0,0,1,1,Not at intersection,2,Hospitilisation,60,B,W ,Bicycle,W ,1,1,H,N,2,2,No control,9999,ARDEN,STREET,LAURENS,STREET,26,W,215680,N,MELBOURNE,MELBOURNE,-37.80006,144.9417,3051
52265,T20080010021,6/03/2008,75604,6216,20.00.00,1,Collision with vehicle,5,Thursday,139,OTHER SAME DIRECTION-MANOUEVRES NOT INCLUDED IN DCAs 130-137,1,Day,2,2,0,1,0,1,2,Not at intersection,3,Other Injury,60,B,N ,Bicycle,N ,1,1,H,1,2,1,No control,9999,ST KILDA,ROAD,ALEXANDRA,AVENUE,66,S,216858,N,MELBOURNE,MELBOURNE,-37.82128,144.9692,3006
52022,T20080009577,11/03/2008,75604,6216,08.30.00,1,Collision with vehicle,3,Tuesday,134,LANE CHANGE RIGHT (NOT OVERTAKING)             ,1,Day,2,2,0,1,0,1,2,Cross intersection,3,Other Injury,40,A,S ,Bicycle,S ,1,6,H,4,2,1,Stop-go lights,9999,BOURKE,STREET,ELIZABETH,STREET,0,E,35359,I,MELBOURNE,MELBOURNE,-37.81425,144.96316,3000
52117,T20080009745,17/03/2008,75604,6216,09.00.00,2,Struck Pedestrian,2,Monday,100,PED NEAR SIDE. PED HIT BY VEHICLE FROM THE RIGHT.      ,1,Day,1,2,1,1,0,0,2,Cross intersection,2,Hospitilisation,50,A,W ,Bicycle,W ,1,1,H,F,2,3,Stop-go lights,9999,LONSDALE,STREET,RUSSELL,STREET,0,E,236,I,MELBOURNE,MELBOURNE,-37.81084,144.9672,3000
52220,T20080009943,19/03/2008,75604,6216,00.55.00,8,No collision and no object struck,4,Wednesday,184,OUT OF CONTROL ON CARRIAGEWAY (ON BEND)           ,3,Dark Street lights on,1,1,1,0,0,0,1,Not at intersection,2,Hospitilisation,40,A,N ,Bicycle,N ,1,1,H,N,1,1,No control,9999,LINLITHGOW,AVENUE,LINLITHGOW,AVENUE,43,S,215853,N,MELBOURNE,MELBOURNE,-37.82392,144.97148,3004
52312,T20080010094,20/03/2008,75604,6216,08.48.00,1,Collision with vehicle,5,Thursday,110,CROSS TRAFFIC(INTERSECTIONS ONLY)              ,1,Day,2,2,1,0,0,1,1,Cross intersection,2,Hospitilisation,60,A,NW,Bicycle,NW,1,1,H,F,2,1,Stop-go lights,5130,FERRARS,STREET,PARK,STREET,0,N,35397,I,PORT PHILLIP,PORT PHILLIP,-37.83665,144.95664,3205
52648,T20080010761,25/03/2008,75604,6216,16.40.00,1,Collision with vehicle,3,Tuesday,125,LEFT/LEFT. BOTH VEHs FROM OPPOSITE DIRECTIONS TURNING LEFT. ,1,Day,2,2,1,0,0,1,1,Y intersection,2,Hospitilisation,60,B,E ,Bicycle,NW,3,1,H,F,2,1,No control,5287,SWAN,STREET,STEWART,STREET,0,W,35740,I,YARRA,YARRA,-37.82508,144.99256,3121
52664,T20080010786,25/03/2008,75604,6216,17.35.00,1,Collision with vehicle,3,Tuesday,163,VEHICLE STRIKES DOOR OF PARKED/STATIONARY VEHICLE      ,1,Day,2,2,0,1,0,1,2,T intersection,3,Other Injury,50,B,N ,Bicycle,N ,1,1,H,F,2,6,No control,9999,ERROL,PLACE,ERROL,STREET,0,W,56939,I,MELBOURNE,MELBOURNE,-37.80461,144.94935,3051
56634,T20080018451,26/03/2008,75604,6216,18.00.00,8,No collision and no object struck,4,Wednesday,174,OUT OF CONTROL ON CARRIAGEWAY (ON STRAIGHT)         ,2,Dusk/Dawn,2,2,1,0,0,1,2,Not at intersection,2,Hospitilisation,40,A,N ,Bicycle,N ,1,1,H,N,1,1,No control,9999,BRUNSWICK,STREET,KING WILLIAM,STREET,31,S,225311,N,YARRA,YARRA,-37.80262,144.97773,3065
53116,T20080011709,1/04/2008,75604,6216,17.00.00,1,Collision with vehicle,3,Tuesday,121,RIGHT THROUGH                        ,1,Day,2,2,0,1,0,1,2,Cross intersection,3,Other Injury,60,A,W ,Bicycle,W ,1,1,H,F,2,5,No control,9999,CHARLES,STREET,GIPPS,STREET,0,N,36699,I,YARRA,YARRA,-37.8053,144.99529,3067
53461,T20080012464,1/04/2008,75604,6216,10.20.00,1,Collision with vehicle,3,Tuesday,121,RIGHT THROUGH                        ,1,Day,2,2,0,1,0,1,2,Cross intersection,3,Other Injury,50,B,S ,Bicycle,S ,1,1,H,F,2,1,Stop-go lights,5082,VICTORIA,STREET,SWANSTON,STREET,0,W,36264,I,MELBOURNE,MELBOURNE,-37.80666,144.9629,3053
53384,T20080012307,2/04/2008,75604,6216,06.40.00,1,Collision with vehicle,4,Wednesday,116,LEFT NEAR (INTERSECTIONS ONLY)               ,6,Dark Street lights unknown,2,2,0,1,0,1,2,T intersection,3,Other Injury,60,A,N ,Bicycle,N ,1,1,H,F,9,1,Unknown,5882,ST KILDA,ROAD,GRANT,STREET,0,N,29429,I,MELBOURNE,MELBOURNE,-37.82495,144.97088,3006
53219,T20080011914,3/04/2008,75604,6216,11.20.00,1,Collision with vehicle,5,Thursday,163,VEHICLE STRIKES DOOR OF PARKED/STATIONARY VEHICLE      ,1,Day,2,2,0,1,0,1,1,Not at intersection,3,Other Injury,50,B,S ,Bicycle,S ,1,1,H,F,2,6,No control,9999,ELIZABETH,STREET,ABECKETT,STREET,56,N,216928,N,MELBOURNE,MELBOURNE,-37.80877,144.96065,3000
53355,T20080012213,4/04/2008,75604,6216,15.00.00,1,Collision with vehicle,6,Friday,148,VEHICLE OFF FOOTPATH STRIKES VEH ON CARRIAGEWAY,1,Day,2,2,1,0,0,1,2,Cross intersection,2,Hospitilisation,50,A,W ,Bicycle,W ,1,1,H,F,2,1,No control,5717,GRAHAM,STREET,ALBERT,STREET,0,NW,37380,I,PORT PHILLIP,PORT PHILLIP,-37.83591,144.93503,3207
53604,T20080012749,8/04/2008,75604,6216,16.33.00,1,Collision with vehicle,2,Tuesday,160,VEHICLE COLLIDES WITH VEHICLE PARKED ON LEFT OF ROAD    ,1,Day,2,1,1,0,0,0,2,Not at intersection,2,Hospitilisation,60,A,W ,Bicycle,W ,1,1,H,F,2,9,No control,2120,FOOTSCRAY,ROAD,FOOTSCRAY-CITYLINK OUT ON,RAMP,367,W,286102,N,MELBOURNE,MELBOURNE,-37.80878,144.92927,3003
53606,T20080012751,8/04/2008,75604,6216,16.30.00,6,Vehicle overturned (no collision),3,Tuesday,174,OUT OF CONTROL ON CARRIAGEWAY (ON STRAIGHT)         ,1,Day,1,1,0,1,0,0,2,Not at intersection,3,Other Injury,60,B,W ,Bicycle,W ,1,1,H,R,2,2,No control,9999,FLINDERS,STREET,ELIZABETH,STREET,34,E,216866,N,MELBOURNE,MELBOURNE,-37.81807,144.96533,3000
53607,T20080012751,8/04/2008,75604,6216,16.30.00,6,Vehicle overturned (no collision),3,Tuesday,174,OUT OF CONTROL ON CARRIAGEWAY (ON STRAIGHT)         ,1,Day,1,1,0,1,0,0,2,Not at intersection,3,Other Injury,60,B,W ,Bicycle,W ,1,1,H,R,2,2,No control,9999,FLINDERS,STREET,ELIZABETH,STREET,34,E,216866,N,MELBOURNE,MELBOURNE,-37.81807,144.96533,3000
55880,T20080016908,8/04/2008,75604,6216,13.00.00,1,Collision with vehicle,3,Tuesday,137,LEFT TURN SIDESWIPE                     ,1,Day,2,2,0,1,0,1,2,Cross intersection,3,Other Injury,50,B,N ,Bicycle,N ,1,13,H,F,0,1,Stop-go lights,9999,LITTLE COLLINS,STREET,WILLIAM,STREET,0,W,36868,I,MELBOURNE,MELBOURNE,-37.81666,144.95866,3000
53548,T20080012666,9/04/2008,75604,6216,14.13.00,1,Collision with vehicle,4,Wednesday,140,U TURN                           ,1,Day,2,2,0,1,0,1,1,Not at intersection,3,Other Injury,999,A,S ,Bicycle,S ,1,18,H,F,2,2,No control,9999,SWANSTON,STREET,BOURKE,STREET,20,S,126436,N,MELBOURNE,MELBOURNE,-37.8137,144.96571,3000
53933,T20080013294,9/04/2008,75604,6216,17.35.00,8,No collision and no object struck,4,Wednesday,170,OFF CARRIAGEWAY TO LEFT                   ,1,Day,2,2,0,1,0,1,2,Not at intersection,3,Other Injury,50,A,N ,Bicycle,N ,1,1,H,1,2,2,No control,5061,SPENCER,STREET,FRANCIS,STREET,10,S,124684,N,MELBOURNE,MELBOURNE,-37.81865,144.95395,3008
53934,T20080013294,9/04/2008,75604,6216,17.35.00,8,No collision and no object struck,4,Wednesday,170,OFF CARRIAGEWAY TO LEFT                   ,1,Day,2,2,0,1,0,1,2,Not at intersection,3,Other Injury,50,A,N ,Bicycle,N ,1,1,H,1,2,2,No control,5061,SPENCER,STREET,FRANCIS,STREET,10,S,124684,N,MELBOURNE,MELBOURNE,-37.81865,144.95395,3008