,ACCIDENT_NO,ACCIDENTDATE,CYCLISTS,CYCLISTS_COUNT_LS,ACCIDENTTIME,ACCIDENT_TYPE,ACCIDENT_TYPE_DESC,DAY_OF_WEEK,DAY_WEEK_DESC,DCA_CODE,DCA Description,LIGHT_CONDITION,LIGHT_CONDITION_DEC,NO_OF_VEHICLES,NO_PERSONS,NO_PERSONS_INJ_2,NO_PERSONS_INJ_3,NO_PERSONS_KILLED,NO_PERSONS_NOT_INJ,POLICE_ATTEND,ROAD_GEOMETRY_DESC,SEVERITY,SEVERITY_DESC,SPEED_ZONE,VEHICLE_ID,INITIAL_DIRECTION,Vehicle Type Desc,FINAL_DIRECTION,DRIVER_INTENT,VEHICLE_MOVEMENT,TRAILER_TYPE,INITIAL_IMPACT,LAMPS,LEVEL_OF_DAMAGE,TRAFFIC_CONTROL_DESC,ROAD_ROUTE_1,ROAD_NAME,ROAD_TYPE,ROAD_NAME_INT,ROAD_TYPE_INT,DISTANCE_LOCATION,DIRECTION_LOCATION,NODE_ID,NODE_TYPE,LGA_NAME,Lga Name All,Lat,Long,Postcode No
53660,T20080012826,10/04/2008,75604,6216,16.10.00,1,Collision with vehicle,5,Thursday,160,VEHICLE COLLIDES WITH VEHICLE PARKED ON LEFT OF ROAD    ,1,Day,2,1,1,0,0,0,1,Not at intersection,2,Hospitilisation,40,B,SW,Bicycle,SW,1,1,H,F,9,9,No control,9999,ALBERT ROAD,DRIVE,AUGHTIE,DRIVE,79,N,216177,N,PORT PHILLIP,PORT PHILLIP,-37.83943,144.9644,3206
53953,T20080013318,14/04/2008,75604,6216,12.25.00,1,Collision with vehicle,2,Monday,163,VEHICLE STRIKES DOOR OF PARKED/STATIONARY VEHICLE      ,1,Day,3,3,0,1,0,2,1,Not at intersection,3,Other Injury,50,B,E ,Bicycle,E ,1,1,H,F,2,1,No control,9999,COLLINS,STREET,ELIZABETH,STREET,57,W,216211,N,MELBOURNE,MELBOURNE,-37.81639,144.96346,3000
54020,T20080013431,15/04/2008,75604,6216,09.00.00,1,Collision with vehicle,3,Tuesday,121,RIGHT THROUGH                        ,1,Day,2,2,0,1,0,1,1,Cross intersection,3,Other Injury,60,B,S ,Bicycle,S ,1,1,H,F,2,2,Stop-go lights,9999,ABECKETT,STREET,QUEEN,STREET,0,E,38836,I,MELBOURNE,MELBOURNE,-37.80996,144.9584,3000
54100,T20080013536,15/04/2008,75604,6216,17.15.00,1,Collision with vehicle,3,Tuesday,121,RIGHT THROUGH                        ,1,Day,2,2,0,2,0,0,2,Cross intersection,3,Other Injury,40,B,N ,Bicycle,N ,1,1,H,F,0,2,No control,9999,BRUNSWICK,STREET,VICTORIA,STREET,0,N,36499,I,YARRA,YARRA,-37.79906,144.97834,3065
54165,T20080013644,16/04/2008,75604,6216,16.00.00,4,Collision with a fixed object,4,Wednesday,164,PERMANENT OBSTRUCTION ON CARRIAGEWAY            ,1,Day,2,2,0,1,0,1,1,Cross intersection,3,Other Injury,60,B,E ,Bicycle,E ,1,1,H,4,2,4,No control,9999,GERTRUDE,STREET,GORE,STREET,0,W,36545,I,YARRA,YARRA,-37.80624,144.98181,3065
54178,T20080013663,16/04/2008,75604,6216,18.20.00,1,Collision with vehicle,4,Wednesday,137,LEFT TURN SIDESWIPE                     ,3,Dark Street lights on,2,2,1,0,0,1,1,T intersection,2,Hospitilisation,60,B,NW,Bicycle,NW,1,1,H,1,1,1,No control,5882,ST KILDA,ROAD,BOWEN,CRESCENT,0,NW,37587,I,MELBOURNE,"MELBOURNE,PORT PHILLIP",-37.83457,144.97445,3004
55836,T20080016822,16/04/2008,75604,6216,18.30.00,1,Collision with vehicle,4,Wednesday,163,VEHICLE STRIKES DOOR OF PARKED/STATIONARY VEHICLE      ,3,Dark Street lights on,2,2,0,1,0,1,2,Not at intersection,3,Other Injury,50,B,S ,Bicycle,S ,1,1,H,F,1,3,Stop-go lights,9999,ELIZABETH,STREET,BOURKE,STREET,21,N,216790,N,MELBOURNE,MELBOURNE,-37.81407,144.96308,3000
54218,T20080013702,17/04/2008,75604,6216,01.05.00,8,No collision and no object struck,5,Thursday,174,OUT OF CONTROL ON CARRIAGEWAY (ON STRAIGHT)         ,3,Dark Street lights on,1,1,1,0,0,0,1,Not at intersection,2,Hospitilisation,50,A,S ,Bicycle,S ,1,1,H,F,2,6,Ped. crossing,9999,SWANSTON,STREET,FLINDERS,STREET,26,S,216251,N,MELBOURNE,MELBOURNE,-37.81767,144.96754,3000
54598,T20080014338,18/04/2008,75604,6216,19.15.00,1,Collision with vehicle,6,Friday,163,VEHICLE STRIKES DOOR OF PARKED/STATIONARY VEHICLE      ,3,Dark Street lights on,3,2,0,1,0,1,1,Not at intersection,3,Other Injury,60,B,N ,Bicycle,N ,1,1,H,F,1,2,No control,5736,NICHOLSON,STREET,ARGYLE,STREET,39,S,74394,N,MELBOURNE,"MELBOURNE,YARRA",-37.79751,144.97495,3065
54436,T20080014056,19/04/2008,75604,6216,12.20.00,1,Collision with vehicle,7,Saturday,143,ENTERING PARKING                      ,1,Day,2,2,1,0,0,1,1,Not at intersection,2,Hospitilisation,50,B,E ,Bicycle,E ,1,1,H,1,2,1,No control,9999,HIGHETT,STREET,CHURCH,STREET,40,W,216653,N,YARRA,YARRA,-37.81582,144.99922,3121
54592,T20080014326,21/04/2008,75604,6216,07.45.00,1,Collision with vehicle,2,Monday,110,CROSS TRAFFIC(INTERSECTIONS ONLY)              ,9,Unknown,2,2,0,1,0,1,2,Cross intersection,3,Other Injury,50,A,N ,Bicycle,N ,1,1,H,F,9,9,Stop-go lights,9999,BATMANS HILL,DRIVE,COLLINS,STREET,0,NW,24024,I,MELBOURNE,MELBOURNE,-37.82066,144.94869,3008
54619,T20080014380,21/04/2008,75604,6216,03.30.00,1,Collision with vehicle,2,Monday,163,VEHICLE STRIKES DOOR OF PARKED/STATIONARY VEHICLE      ,6,Dark Street lights unknown,2,2,0,1,0,1,2,Not at intersection,3,Other Injury,999,A,W ,Bicycle,W ,1,1,H,F,9,1,No control,5853,JOHNSTON,STREET,JOHNSTON,PLACE,13,W,216331,N,YARRA,YARRA,-37.79801,144.97538,3065
54663,T20080014503,22/04/2008,75604,6216,15.20.00,1,Collision with vehicle,3,Tuesday,163,VEHICLE STRIKES DOOR OF PARKED/STATIONARY VEHICLE      ,1,Day,2,2,1,0,0,1,1,Not at intersection,2,Hospitilisation,60,A,N ,Bicycle,N ,1,1,H,F,2,1,No control,5882,ST KILDA,ROAD,SLATER,STREET,141,N,216354,N,MELBOURNE,"PORT PHILLIP,MELBOURNE",-37.83786,144.97614,3004
54777,T20080014739,24/04/2008,75604,6216,07.30.00,1,Collision with vehicle,5,Thursday,133,LANE SIDE SWIPE (VEHICLES IN PARALLEL LANES)        ,1,Day,2,2,1,0,0,1,1,Cross intersection,2,Hospitilisation,999,A,N ,Bicycle,N ,1,17,H,1,2,1,No control,9999,FLINDERS,STREET,SWANSTON,STREET,0,W,238,I,MELBOURNE,MELBOURNE,-37.81745,144.96744,3000
54778,T20080014739,24/04/2008,75604,6216,07.30.00,1,Collision with vehicle,5,Thursday,133,LANE SIDE SWIPE (VEHICLES IN PARALLEL LANES)        ,1,Day,2,2,1,0,0,1,1,Cross intersection,2,Hospitilisation,999,A,N ,Bicycle,N ,1,17,H,1,2,1,No control,9999,FLINDERS,STREET,SWANSTON,STREET,0,W,238,I,MELBOURNE,MELBOURNE,-37.81745,144.96744,3000
54827,T20080014819,24/04/2008,75604,6216,19.00.00,1,Collision with vehicle,5,Thursday,163,VEHICLE STRIKES DOOR OF PARKED/STATIONARY VEHICLE      ,3,Dark Street lights on,2,2,1,0,0,1,1,Not at intersection,2,Hospitilisation,50,B,W ,Bicycle,W ,1,1,H,F,9,1,No control,9999,LA TROBE,STREET,SUTHERLAND,STREET,66,W,218118,N,MELBOURNE,MELBOURNE,-37.81076,144.95986,3000
54828,T20080014819,24/04/2008,75604,6216,19.00.00,1,Collision with vehicle,5,Thursday,163,VEHICLE STRIKES DOOR OF PARKED/STATIONARY VEHICLE      ,3,Dark Street lights on,2,2,1,0,0,1,1,Not at intersection,2,Hospitilisation,50,B,W ,Bicycle,W ,1,1,H,F,9,1,No control,9999,LA TROBE,STREET,SUTHERLAND,STREET,66,W,218118,N,MELBOURNE,MELBOURNE,-37.81076,144.95986,3000
55223,T20080015633,30/04/2008,75604,6216,15.45.00,1,Collision with vehicle,4,Wednesday,163,VEHICLE STRIKES DOOR OF PARKED/STATIONARY VEHICLE      ,1,Day,2,3,0,1,0,2,1,Not at intersection,3,Other Injury,50,A,S ,Bicycle,S ,1,1,H,F,2,6,No control,9999,SWANSTON,STREET,LITTLE LA TROBE,STREET,15,S,126002,N,MELBOURNE,MELBOURNE,-37.80917,144.96363,3000
55391,T20080015935,2/05/2008,75604,6216,16.40.00,8,No collision and no object struck,6,Friday,174,OUT OF CONTROL ON CARRIAGEWAY (ON STRAIGHT)         ,1,Day,2,2,1,0,0,1,1,T intersection,2,Hospitilisation,60,A,E ,Bicycle,E ,1,1,H,N,2,1,No control,5853,JOHNSTON,STREET,TRENERRY,CRESCENT,0,W,35344,I,YARRA,YARRA,-37.80052,144.99994,3067
55615,T20080016418,2/05/2008,75604,6216,22.00.00,1,Collision with vehicle,6,Friday,163,VEHICLE STRIKES DOOR OF PARKED/STATIONARY VEHICLE      ,3,Dark Street lights on,2,3,1,0,0,2,1,Not at intersection,2,Hospitilisation,60,B,W ,Bicycle,W ,1,1,H,F,2,1,No control,9999,GRATTAN,STREET,ELIZABETH,STREET,96,W,216903,N,MELBOURNE,MELBOURNE,-37.7996,144.95647,3052
55472,T20080016145,3/05/2008,75604,6216,13.10.00,1,Collision with vehicle,7,Saturday,110,CROSS TRAFFIC(INTERSECTIONS ONLY)              ,1,Day,2,3,1,0,0,2,1,Cross intersection,2,Hospitilisation,50,A,SW,Bicycle,SW,1,1,H,5,2,1,Stop-go lights,9999,LONSDALE,STREET,SPRING,STREET,0,E,36985,I,MELBOURNE,MELBOURNE,-37.8094,144.97214,3002
55473,T20080016145,3/05/2008,75604,6216,13.10.00,1,Collision with vehicle,7,Saturday,110,CROSS TRAFFIC(INTERSECTIONS ONLY)              ,1,Day,2,3,1,0,0,2,1,Cross intersection,2,Hospitilisation,50,A,SW,Bicycle,SW,1,1,H,5,2,1,Stop-go lights,9999,LONSDALE,STREET,SPRING,STREET,0,E,36985,I,MELBOURNE,MELBOURNE,-37.8094,144.97214,3002
57786,T20080020650,4/05/2008,75604,6216,15.00.00,4,Collision with a fixed object,1,Sunday,171,LEFT OFF CARRIAGEWAY INTO OBJECT/PARKED VEHICLE       ,1,Day,1,1,1,0,0,0,9,Not at intersection,2,Hospitilisation,999,A,W ,Bicycle,W ,8,1,H,F,9,9,No control,9999,LA TROBE,STREET,HARBOUR,ESPLANADE,50,E,217807,N,MELBOURNE,MELBOURNE,-37.81484,144.94554,3008
56218,T20080017551,7/05/2008,75604,6216,21.00.00,1,Collision with vehicle,4,Wednesday,133,LANE SIDE SWIPE (VEHICLES IN PARALLEL LANES)        ,3,Dark Street lights on,2,2,1,0,0,1,2,Not at intersection,2,Hospitilisation,50,A,E ,Bicycle,E ,1,1,H,R,1,6,No control,5853,JOHNSTON,STREET,BRUNSWICK,STREET,47,E,217040,N,YARRA,YARRA,-37.79839,144.97899,3065
55751,T20080016657,8/05/2008,75604,6216,11.30.00,1,Collision with vehicle,5,Thursday,163,VEHICLE STRIKES DOOR OF PARKED/STATIONARY VEHICLE      ,1,Day,2,2,0,1,0,1,2,Cross intersection,3,Other Injury,50,B,N ,Bicycle,N ,1,1,H,F,2,9,No control,9999,DRUMMOND,STREET,QUEENSBERRY,STREET,0,N,36355,I,MELBOURNE,MELBOURNE,-37.80506,144.9677,3053
60391,T20080025847,9/05/2008,75604,6216,18.00.00,1,Collision with vehicle,6,Friday,137,LEFT TURN SIDESWIPE                     ,6,Dark Street lights unknown,2,2,0,1,0,1,2,Cross intersection,3,Other Injury,50,B,N ,Bicycle,N ,1,1,H,F,2,5,Stop-go lights,9999,LITTLE BOURKE,STREET,WILLIAM,STREET,0,E,36851,I,MELBOURNE,MELBOURNE,-37.8147,144.95776,3000
56155,T20080017457,14/05/2008,75604,6216,19.13.00,1,Collision with vehicle,4,Wednesday,110,CROSS TRAFFIC(INTERSECTIONS ONLY)              ,3,Dark Street lights on,2,2,0,1,0,1,2,Cross intersection,3,Other Injury,50,B,N ,Bicycle,N ,1,1,H,5,1,1,Roundabout,9999,DORCAS,STREET,MORAY,STREET,0,W,37556,I,PORT PHILLIP,PORT PHILLIP,-37.83229,144.96305,3205
56201,T20080017540,14/05/2008,75604,6216,17.00.00,1,Collision with vehicle,4,Wednesday,148,VEHICLE OFF FOOTPATH STRIKES VEH ON CARRIAGEWAY,1,Day,2,2,0,1,0,1,2,Not at intersection,3,Other Injury,50,A,S ,Bicycle,S ,2,2,H,F,0,5,No control,9999,COLLINS,STREET,ALFRED,PLACE,19,E,216445,N,MELBOURNE,MELBOURNE,-37.81435,144.97044,3000
57022,T20080019212,15/05/2008,75604,6216,07.30.00,1,Collision with vehicle,5,Thursday,160,VEHICLE COLLIDES WITH VEHICLE PARKED ON LEFT OF ROAD    ,2,Dusk/Dawn,2,1,0,1,0,0,2,Not at intersection,3,Other Injury,50,A,N ,Bicycle,N ,1,18,H,F,2,1,No control,9999,SWANSTON,STREET,FLINDERS,STREET,15,N,75137,N,MELBOURNE,MELBOURNE,-37.81733,144.96738,3000
56600,T20080018357,20/05/2008,75604,6216,18.25.00,1,Collision with vehicle,3,Tuesday,132,RIGHT REAR.                         ,3,Dark Street lights on,3,3,0,1,0,2,1,Cross intersection,3,Other Injury,50,C,E ,Bicycle,E ,17,18,H,N,1,6,Stop-go lights,5318,CLARENDON,STREET,DORCAS,STREET,0,N,37543,I,PORT PHILLIP,PORT PHILLIP,-37.83301,144.96057,3205
56714,T20080018583,20/05/2008,75604,6216,11.50.00,1,Collision with vehicle,3,Tuesday,130,REAR END(VEHICLES IN SAME LANE)               ,1,Day,2,2,0,1,0,1,2,Not at intersection,3,Other Injury,70,B,S ,Bicycle,S ,1,1,H,R,2,1,No control,2080,PUNT,ROAD,KELSO,STREET,34,N,217190,N,MELBOURNE,"MELBOURNE,YARRA",-37.82766,144.9883,3121
63181,T20080031582,21/05/2008,75604,6216,08.50.00,1,Collision with vehicle,4,Wednesday,133,LANE SIDE SWIPE (VEHICLES IN PARALLEL LANES)        ,1,Day,2,2,1,0,0,1,2,Cross intersection,2,Hospitilisation,60,B,E ,Bicycle,E ,1,1,H,1,2,9,Stop-go lights,5046,ELIZABETH,STREET,ROYAL,PARADE,0,S,36210,I,MELBOURNE,MELBOURNE,-37.79972,144.95756,3052
74515,T20090005119,22/05/2008,75604,6216,12.30.00,8,No collision and no object struck,5,Thursday,174,OUT OF CONTROL ON CARRIAGEWAY (ON STRAIGHT)         ,1,Day,1,1,1,0,0,0,2,Cross intersection,2,Hospitilisation,999,A,S ,Bicycle,S ,6,6,H,F,9,6,No control,9999,LITTLE COLLINS,STREET,SWANSTON,STREET,0,W,231,I,MELBOURNE,MELBOURNE,-37.81451,144.96609,3000
57411,T20080019915,24/05/2008,75604,6216,20.30.00,8,No collision and no object struck,7,Saturday,174,OUT OF CONTROL ON CARRIAGEWAY (ON STRAIGHT)         ,6,Dark Street lights unknown,2,2,1,0,0,1,2,Not at intersection,2,Hospitilisation,50,B,E ,Bicycle,E ,1,18,H,N,2,1,No control,9999,BOURKE,STREET,RUSSELL,PLACE,45,E,216744,N,MELBOURNE,MELBOURNE,-37.81297,144.96756,3000
57003,T20080019169,27/05/2008,75604,6216,06.30.00,1,Collision with vehicle,3,Tuesday,121,RIGHT THROUGH                        ,3,Dark Street lights on,2,2,1,0,0,1,2,Cross intersection,2,Hospitilisation,60,B,NW,Bicycle,NW,1,1,H,F,2,3,No control,5987,MONTAGUE,STREET,WOODGATE,STREET,0,NW,36824,I,PORT PHILLIP,PORT PHILLIP,-37.82958,144.94902,3205
57091,T20080019344,28/05/2008,75604,6216,09.50.00,1,Collision with vehicle,4,Wednesday,163,VEHICLE STRIKES DOOR OF PARKED/STATIONARY VEHICLE      ,1,Day,2,3,0,1,0,2,1,Not at intersection,3,Other Injury,50,B,W ,Bicycle,W ,1,1,H,F,2,1,No control,9999,COLLINS,STREET,COLLINS,PLACE,28,E,214327,N,MELBOURNE,MELBOURNE,-37.81348,144.97341,3000
57493,T20080020081,28/05/2008,75604,6216,06.30.00,1,Collision with vehicle,4,Wednesday,121,RIGHT THROUGH                        ,2,Dusk/Dawn,2,2,0,2,0,0,2,Not at intersection,3,Other Injury,50,B,W ,Bicycle,W ,1,1,H,1,2,5,Stop-go lights,9999,COLLINS,STREET,SWANSTON,STREET,24,E,199205,N,MELBOURNE,MELBOURNE,-37.81542,144.9668,3000
57262,T20080019627,29/05/2008,75604,6216,18.30.00,1,Collision with vehicle,5,Thursday,135,LANE CHANGE LEFT (NOT OVERTAKING)              ,6,Dark Street lights unknown,2,3,0,1,0,2,2,Y intersection,3,Other Injury,60,B,N ,Bicycle,N ,1,1,H,F,1,1,No control,5065,PEEL,STREET,BEDFORD,STREET,0,S,10610,I,MELBOURNE,MELBOURNE,-37.80168,144.95672,3051
57439,T20080019977,2/06/2008,75604,6216,08.30.00,8,No collision and no object struck,2,Monday,174,OUT OF CONTROL ON CARRIAGEWAY (ON STRAIGHT)         ,1,Day,2,2,0,1,0,1,1,Not at intersection,3,Other Injury,60,B,SE,Bicycle,SE,1,1,H,1,0,6,No control,5044,FLEMINGTON,ROAD,GRATTAN,STREET,19,SE,186544,N,MELBOURNE,MELBOURNE,-37.79978,144.95519,3051
57447,T20080019992,2/06/2008,75604,6216,08.15.00,1,Collision with vehicle,2,Monday,134,LANE CHANGE RIGHT (NOT OVERTAKING)             ,1,Day,3,3,0,1,0,2,1,Not at intersection,3,Other Injury,60,C,E ,Bicycle,NK,1,1,H,8,2,3,Unknown,2510,KINGS,WAY,PALMERSTON,CRESCENT,69,SE,197102,N,PORT PHILLIP,PORT PHILLIP,-37.83469,144.97041,3205
57602,T20080020278,2/06/2008,75604,6216,18.35.00,1,Collision with vehicle,2,Monday,135,LANE CHANGE LEFT (NOT OVERTAKING)              ,3,Dark Street lights on,2,2,1,0,0,1,1,Not at intersection,2,Hospitilisation,50,B,N ,Bicycle,N ,1,1,H,1,1,4,No control,9999,ST KILDA,ROAD,ST KILDA,ROAD,6,S,217027,N,MELBOURNE,MELBOURNE,-37.82007,144.96864,3006
57586,T20080020220,3/06/2008,75604,6216,17.30.00,1,Collision with vehicle,3,Tuesday,117,LEFT/RIGHT FAR (INTERSECTIONS ONLY)             ,3,Dark Street lights on,2,2,0,1,0,1,1,Cross intersection,3,Other Injury,50,B,N ,Bicycle,E ,2,1,H,F,1,1,Roundabout,9999,CARDIGAN,STREET,FARADAY,STREET,0,S,36303,I,MELBOURNE,MELBOURNE,-37.79851,144.96582,3053
57769,T20080020615,6/06/2008,75604,6216,16.34.00,1,Collision with vehicle,6,Friday,143,ENTERING PARKING                      ,1,Day,2,3,0,1,0,2,1,Not at intersection,3,Other Injury,50,B,W ,Bicycle,W ,1,1,H,1,2,6,No control,9999,COLLINS,STREET,EXHIBITION,STREET,16,W,201131,N,MELBOURNE,MELBOURNE,-37.8141,144.9713,3000
58005,T20080021132,10/06/2008,75604,6216,17.45.00,1,Collision with vehicle,3,Tuesday,113,RIGHT NEAR (INTERSECTIONS ONLY)               ,3,Dark Street lights on,2,2,0,1,0,1,1,T intersection,3,Other Injury,60,B,W ,Bicycle,W ,1,1,H,5,1,5,No control,5853,JOHNSTON,STREET,HUNTER,STREET,0,W,36732,I,YARRA,YARRA,-37.80038,144.99844,3067
63118,T20080031466,11/06/2008,75604,6216,14.00.00,1,Collision with vehicle,4,Wednesday,163,VEHICLE STRIKES DOOR OF PARKED/STATIONARY VEHICLE      ,1,Day,2,2,0,1,0,1,2,Cross intersection,3,Other Injury,60,A,E ,Bicycle,E ,1,1,H,F,0,1,Stop-go lights,9999,COLLINS,STREET,ELIZABETH,STREET,0,E,35360,I,MELBOURNE,MELBOURNE,-37.81622,144.96407,3000
58989,T20080023068,12/06/2008,75604,6216,17.45.00,8,No collision and no object struck,5,Thursday,174,OUT OF CONTROL ON CARRIAGEWAY (ON STRAIGHT)         ,6,Dark Street lights unknown,1,1,0,1,0,0,2,Not at intersection,3,Other Injury,50,A,N ,Bicycle,N ,1,1,H,9,1,1,No control,9999,DODDS,STREET,MILES,STREET,15,S,217635,N,MELBOURNE,MELBOURNE,-37.82902,144.96703,3006
59757,T20080024579,12/06/2008,75604,6216,08.00.00,1,Collision with vehicle,5,Thursday,163,VEHICLE STRIKES DOOR OF PARKED/STATIONARY VEHICLE      ,1,Day,2,2,1,0,0,1,2,Cross intersection,2,Hospitilisation,50,B,S ,Bicycle,S ,1,1,H,F,9,1,No control,5318,CLARENDON,STREET,DORCAS,STREET,0,N,37543,I,PORT PHILLIP,PORT PHILLIP,-37.83301,144.96057,3205
60374,T20080025817,12/06/2008,75604,6216,15.15.00,1,Collision with vehicle,5,Thursday,131,LEFT REAR                          ,1,Day,2,2,1,0,0,1,2,Cross intersection,2,Hospitilisation,60,A,S ,Bicycle,S ,1,1,H,F,2,4,Stop-go lights,5061,SPENCER,STREET,LA TROBE,STREET,0,S,65851,I,MELBOURNE,MELBOURNE,-37.81317,144.95144,3008
60375,T20080025817,12/06/2008,75604,6216,15.15.00,1,Collision with vehicle,5,Thursday,131,LEFT REAR                          ,1,Day,2,2,1,0,0,1,2,Cross intersection,2,Hospitilisation,60,A,S ,Bicycle,S ,1,1,H,F,2,4,Stop-go lights,5061,SPENCER,STREET,LA TROBE,STREET,0,S,65851,I,MELBOURNE,MELBOURNE,-37.81317,144.95144,3008
58166,T20080021451,13/06/2008,75604,6216,08.52.00,1,Collision with vehicle,6,Friday,121,RIGHT THROUGH                        ,1,Day,2,2,1,0,0,1,1,Cross intersection,2,Hospitilisation,60,B,E ,Bicycle,E ,1,1,H,F,0,2,No control,9999,LANGRIDGE,STREET,OXFORD,STREET,0,W,36573,I,YARRA,YARRA,-37.80652,144.98432,3066
58354,T20080021860,15/06/2008,75604,6216,18.00.00,1,Collision with vehicle,1,Sunday,113,RIGHT NEAR (INTERSECTIONS ONLY)               ,6,Dark Street lights unknown,2,2,1,0,0,1,2,T intersection,2,Hospitilisation,999,B,W ,Bicycle,W ,1,1,H,F,2,2,Unknown,9999,ARDEN,STREET,LLOYD,STREET,0,W,36061,I,MELBOURNE,MELBOURNE,-37.79928,144.93512,3031
58575,T20080022283,19/06/2008,75604,6216,07.50.00,8,No collision and no object struck,5,Thursday,174,OUT OF CONTROL ON CARRIAGEWAY (ON STRAIGHT)         ,1,Day,2,3,0,1,0,2,1,T intersection,3,Other Injury,50,A,E ,Bicycle,S ,2,2,H,N,2,1,No control,9999,EXPLORATION,LANE,LA TROBE,STREET,0,N,65647,I,MELBOURNE,MELBOURNE,-37.80839,144.96796,3000
58576,T20080022283,19/06/2008,75604,6216,07.50.00,8,No collision and no object struck,5,Thursday,174,OUT OF CONTROL ON CARRIAGEWAY (ON STRAIGHT)         ,1,Day,2,3,0,1,0,2,1,T intersection,3,Other Injury,50,A,E ,Bicycle,S ,2,2,H,N,2,1,No control,9999,EXPLORATION,LANE,LA TROBE,STREET,0,N,65647,I,MELBOURNE,MELBOURNE,-37.80839,144.96796,3000
58622,T20080022361,19/06/2008,75604,6216,17.35.00,1,Collision with vehicle,5,Thursday,110,CROSS TRAFFIC(INTERSECTIONS ONLY)              ,3,Dark Street lights on,2,2,0,1,0,1,1,Cross intersection,3,Other Injury,50,B,E ,Bicycle,E ,1,1,H,1,2,1,No control,9999,CAMBRIDGE,STREET,LANGRIDGE,STREET,0,S,36603,I,YARRA,YARRA,-37.80656,144.9852,3066
58636,T20080022397,19/06/2008,75604,6216,18.00.00,1,Collision with vehicle,5,Thursday,163,VEHICLE STRIKES DOOR OF PARKED/STATIONARY VEHICLE      ,3,Dark Street lights on,2,2,0,1,0,1,2,Not at intersection,3,Other Injury,50,A,N ,Bicycle,N ,1,1,H,5,9,6,No control,9999,LYGON,STREET,FARADAY,STREET,30,S,121393,N,MELBOURNE,MELBOURNE,-37.79894,144.96724,3053
58891,T20080022873,23/06/2008,75604,6216,09.20.00,1,Collision with vehicle,2,Monday,130,REAR END(VEHICLES IN SAME LANE)               ,1,Day,4,2,1,0,0,1,1,Not at intersection,2,Hospitilisation,50,D,N ,Bicycle,N ,1,1,H,R,0,3,No control,9999,LYGON,STREET,UNIVERSITY,STREET,18,S,217570,N,MELBOURNE,MELBOURNE,-37.79951,144.96714,3053
58947,T20080023004,24/06/2008,75604,6216,08.14.00,1,Collision with vehicle,3,Tuesday,140,U TURN                           ,1,Day,2,2,0,1,0,1,1,Cross intersection,3,Other Injury,50,B,E ,Bicycle,E ,1,1,H,F,2,1,Stop-go lights,5882,ST KILDA,ROAD,SLATER,STREET,0,N,37590,I,MELBOURNE,"PORT PHILLIP,MELBOURNE",-37.83908,144.97658,3004
59146,T20080023352,26/06/2008,75604,6216,14.01.00,1,Collision with vehicle,5,Thursday,121,RIGHT THROUGH                        ,1,Day,2,3,1,0,0,2,1,Cross intersection,2,Hospitilisation,60,B,S ,Bicycle,S ,1,1,H,F,2,5,Stop-go lights,5082,VICTORIA,STREET,RATHDOWNE,STREET,0,W,29397,I,MELBOURNE,MELBOURNE,-37.80729,144.96885,3053
60095,T20080025174,27/06/2008,75604,6216,21.06.00,1,Collision with vehicle,6,Friday,148,VEHICLE OFF FOOTPATH STRIKES VEH ON CARRIAGEWAY,3,Dark Street lights on,2,2,0,1,0,1,1,T intersection,3,Other Injury,50,B,W ,Bicycle,W ,1,1,H,F,9,2,No control,9999,BOUVERIE,STREET,GRATTAN,STREET,0,N,36272,I,MELBOURNE,MELBOURNE,-37.80027,144.96251,3053
59249,T20080023552,28/06/2008,75604,6216,10.52.00,1,Collision with vehicle,7,Saturday,148,VEHICLE OFF FOOTPATH STRIKES VEH ON CARRIAGEWAY,1,Day,2,2,1,0,0,1,1,Cross intersection,2,Hospitilisation,50,B,S ,Bicycle,S ,1,1,H,5,2,1,Stop-go lights,5083,VICTORIA,PARADE,MORRISON,PLACE,0,E,222038,I,MELBOURNE,MELBOURNE,-37.80853,144.97675,3002
59343,T20080023727,29/06/2008,75604,6216,18.15.00,1,Collision with vehicle,1,Sunday,163,VEHICLE STRIKES DOOR OF PARKED/STATIONARY VEHICLE      ,3,Dark Street lights on,2,2,0,1,0,1,2,Not at intersection,3,Other Injury,60,A,N ,Bicycle,N ,1,1,H,F,9,9,No control,9999,RATHDOWNE,STREET,PINKYS,LANE,20,N,217313,N,MELBOURNE,MELBOURNE,-37.7978,144.97042,3053
60068,T20080025108,2/07/2008,75604,6216,07.00.00,1,Collision with vehicle,4,Wednesday,137,LEFT TURN SIDESWIPE                     ,2,Dusk/Dawn,2,2,0,1,0,1,2,Cross intersection,3,Other Injury,60,A,NW,Bicycle,NW,1,18,H,F,1,5,Unknown,5130,FERRARS,STREET,BRIDPORT,STREET,0,N,37539,I,PORT PHILLIP,PORT PHILLIP,-37.83998,144.95818,3206