,ACCIDENT_NO,ACCIDENTDATE,CYCLISTS,CYCLISTS_COUNT_LS,ACCIDENTTIME,ACCIDENT_TYPE,ACCIDENT_TYPE_DESC,DAY_OF_WEEK,DAY_WEEK_DESC,DCA_CODE,DCA Description,LIGHT_CONDITION,LIGHT_CONDITION_DEC,NO_OF_VEHICLES,NO_PERSONS,NO_PERSONS_INJ_2,NO_PERSONS_INJ_3,NO_PERSONS_KILLED,NO_PERSONS_NOT_INJ,POLICE_ATTEND,ROAD_GEOMETRY_DESC,SEVERITY,SEVERITY_DESC,SPEED_ZONE,VEHICLE_ID,INITIAL_DIRECTION,Vehicle Type Desc,FINAL_DIRECTION,DRIVER_INTENT,VEHICLE_MOVEMENT,TRAILER_TYPE,INITIAL_IMPACT,LAMPS,LEVEL_OF_DAMAGE,TRAFFIC_CONTROL_DESC,ROAD_ROUTE_1,ROAD_NAME,ROAD_TYPE,ROAD_NAME_INT,ROAD_TYPE_INT,DISTANCE_LOCATION,DIRECTION_LOCATION,NODE_ID,NODE_TYPE,LGA_NAME,Lga Name All,Lat,Long,Postcode No
59822,T20080024716,3/07/2008,75604,6216,18.00.00,1,Collision with vehicle,5,Thursday,137,LEFT TURN SIDESWIPE                     ,5,Dark No street lights,2,3,0,1,0,2,2,T intersection,3,Other Injury,60,B,SW,Bicycle,SW,1,1,H,N,2,1,No control,9999,EASTERN,ROAD,HEATHER,STREET,0,N,47362,I,PORT PHILLIP,PORT PHILLIP,-37.83305,144.96542,3205
59987,T20080024968,8/07/2008,75604,6216,20.00.00,1,Collision with vehicle,3,Tuesday,140,U TURN                           ,3,Dark Street lights on,2,2,0,1,0,1,1,Not at intersection,3,Other Injury,40,B,N ,Bicycle,N ,1,1,H,5,2,1,No control,5490,CHAPEL,STREET,ALMEIDA,CRESCENT,37,S,217708,N,STONNINGTON,STONNINGTON,-37.83883,144.99575,3141
59988,T20080024969,8/07/2008,75604,6216,04.22.00,8,No collision and no object struck,3,Tuesday,174,OUT OF CONTROL ON CARRIAGEWAY (ON STRAIGHT)         ,3,Dark Street lights on,2,2,1,0,0,1,1,Not at intersection,2,Hospitilisation,50,A,E ,Bicycle,E ,1,18,H,N,1,1,No control,9999,FLINDERS,STREET,OLIVER,LANE,17,W,218057,N,MELBOURNE,MELBOURNE,-37.81666,144.97016,3000
59989,T20080024969,8/07/2008,75604,6216,04.22.00,8,No collision and no object struck,3,Tuesday,174,OUT OF CONTROL ON CARRIAGEWAY (ON STRAIGHT)         ,3,Dark Street lights on,2,2,1,0,0,1,1,Not at intersection,2,Hospitilisation,50,A,E ,Bicycle,E ,1,18,H,N,1,1,No control,9999,FLINDERS,STREET,OLIVER,LANE,17,W,218057,N,MELBOURNE,MELBOURNE,-37.81666,144.97016,3000
60099,T20080025177,10/07/2008,75604,6216,12.34.00,1,Collision with vehicle,5,Thursday,163,VEHICLE STRIKES DOOR OF PARKED/STATIONARY VEHICLE      ,1,Day,2,2,0,2,0,0,2,Cross intersection,3,Other Injury,50,B,S ,Bicycle,S ,1,1,H,5,1,6,No control,9999,EXHIBITION,STREET,LONSDALE,STREET,0,N,36966,I,MELBOURNE,MELBOURNE,-37.81013,144.96966,3000
60646,T20080026270,10/07/2008,75604,6216,07.30.00,1,Collision with vehicle,5,Thursday,133,LANE SIDE SWIPE (VEHICLES IN PARALLEL LANES)        ,3,Dark Street lights on,2,2,0,1,0,1,2,T intersection,3,Other Injury,70,B,E ,Bicycle,E ,15,15,H,8,2,4,Stop-go lights,2120,FOOTSCRAY,ROAD,FOOTSCRAY-CITYLINK OUT ON,RAMP,259,W,36810,N,MELBOURNE,MELBOURNE,-37.80891,144.93049,3003
60269,T20080025621,14/07/2008,75604,6216,08.00.00,1,Collision with vehicle,2,Monday,116,LEFT NEAR (INTERSECTIONS ONLY)               ,1,Day,2,2,0,1,0,1,1,T intersection,3,Other Injury,60,B,N ,Bicycle,N ,1,1,H,8,2,1,No control,5882,ST KILDA,ROAD,GRANT,STREET,0,N,29429,I,MELBOURNE,MELBOURNE,-37.82495,144.97088,3006
60297,T20080025660,14/07/2008,75604,6216,11.00.00,1,Collision with vehicle,2,Monday,121,RIGHT THROUGH                        ,1,Day,2,2,0,1,0,1,1,T intersection,3,Other Injury,60,B,SE,Bicycle,SW,2,2,H,F,2,1,No control,5882,ST KILDA,ROAD,BOWEN,LANE,20,NW,37584,N,MELBOURNE,"PORT PHILLIP,MELBOURNE",-37.83376,144.97347,3004
60359,T20080025768,14/07/2008,75604,6216,16.30.00,1,Collision with vehicle,2,Monday,139,OTHER SAME DIRECTION-MANOUEVRES NOT INCLUDED IN DCAs 130-137,1,Day,2,6,0,1,0,5,2,Not at intersection,3,Other Injury,60,B,NE,Bicycle,NE,15,1,H,F,2,4,No control,2240,CITY,ROAD,SOUTHBANK,BOULEVARD,35,SW,220431,N,MELBOURNE,MELBOURNE,-37.8229,144.96367,3006
60362,T20080025779,15/07/2008,75604,6216,13.20.00,1,Collision with vehicle,3,Tuesday,110,CROSS TRAFFIC(INTERSECTIONS ONLY)              ,1,Day,2,2,0,1,0,1,2,Cross intersection,3,Other Injury,50,A,NE,Bicycle,NE,1,1,H,N,2,9,Unknown,9999,LONSDALE,STREET,SWANSTON,STREET,0,E,35363,I,MELBOURNE,MELBOURNE,-37.81156,144.96473,3000
60466,T20080025981,16/07/2008,75604,6216,17.36.00,1,Collision with vehicle,4,Wednesday,121,RIGHT THROUGH                        ,3,Dark Street lights on,2,2,0,1,0,1,1,T intersection,3,Other Injury,60,B,SW,Bicycle,SW,1,1,H,F,2,9,No control,5838,WILLIAMSTOWN,ROAD,BRIDGE,STREET,0,E,37393,I,PORT PHILLIP,PORT PHILLIP,-37.83242,144.93829,3207
60879,T20080026869,17/07/2008,75604,6216,18.15.00,1,Collision with vehicle,5,Thursday,110,CROSS TRAFFIC(INTERSECTIONS ONLY)              ,3,Dark Street lights on,2,2,1,0,0,1,2,Cross intersection,2,Hospitilisation,60,B,E ,Bicycle,E ,1,1,H,F,1,5,No control,5853,JOHNSTON,STREET,GORE,STREET,0,W,29403,I,YARRA,YARRA,-37.79883,144.98308,3065
66191,T20080037740,17/07/2008,75604,6216,08.30.00,1,Collision with vehicle,5,Thursday,163,VEHICLE STRIKES DOOR OF PARKED/STATIONARY VEHICLE      ,1,Day,2,2,0,1,0,1,2,Not at intersection,3,Other Injury,999,A,SW,Bicycle,SW,1,1,H,F,2,9,No control,9999,WHITEMAN,STREET,KINGS,WAY,71,SW,74556,N,MELBOURNE,MELBOURNE,-37.82481,144.95797,3006
60568,T20080026159,18/07/2008,75604,6216,06.55.00,1,Collision with vehicle,6,Friday,113,RIGHT NEAR (INTERSECTIONS ONLY)               ,3,Dark Street lights on,2,2,1,0,0,1,1,T intersection,2,Hospitilisation,60,B,W ,Bicycle,W ,1,1,H,F,1,1,Giveway sign,9999,DOUGLAS,STREET,TURNER,STREET,0,S,47471,I,MELBOURNE,MELBOURNE,-37.82381,144.92398,3207
60681,T20080026387,18/07/2008,75604,6216,18.10.00,1,Collision with vehicle,6,Friday,113,RIGHT NEAR (INTERSECTIONS ONLY)               ,3,Dark Street lights on,2,2,0,1,0,1,2,Cross intersection,3,Other Injury,60,A,N ,Bicycle,N ,1,1,H,F,1,5,No control,9999,HOTHAM,STREET,WELLINGTON,STREET,0,W,29406,I,YARRA,YARRA,-37.79651,144.98781,3066
60775,T20080026647,21/07/2008,75604,6216,15.30.00,1,Collision with vehicle,2,Monday,130,REAR END(VEHICLES IN SAME LANE)               ,1,Day,2,3,1,0,0,2,1,Cross intersection,2,Hospitilisation,50,B,S ,Bicycle,S ,1,17,H,F,2,6,Stop-go lights,9999,COLLINS,STREET,WILLIAM,STREET,0,E,36867,I,MELBOURNE,MELBOURNE,-37.81764,144.95911,3000
60994,T20080027084,24/07/2008,75604,6216,16.40.00,1,Collision with vehicle,5,Thursday,130,REAR END(VEHICLES IN SAME LANE)               ,1,Day,4,4,1,1,0,2,1,Not at intersection,2,Hospitilisation,50,D,W ,Bicycle,NK,1,1,H,1,2,5,Stop-go lights,9999,BRUNSWICK,STREET,GERTRUDE,STREET,20,S,122236,N,YARRA,YARRA,-37.80593,144.97718,3065
61067,T20080027225,25/07/2008,75604,6216,15.18.00,1,Collision with vehicle,6,Friday,137,LEFT TURN SIDESWIPE                     ,1,Day,2,2,1,0,0,1,1,Not at intersection,2,Hospitilisation,60,B,E ,Bicycle,E ,1,1,H,F,9,3,Stop-go lights,5287,OLYMPIC,BOULEVARD,PUNT,ROAD,304,W,217832,N,MELBOURNE,MELBOURNE,-37.8242,144.98546,3004
61580,T20080028318,30/07/2008,75604,6216,19.00.00,1,Collision with vehicle,4,Wednesday,163,VEHICLE STRIKES DOOR OF PARKED/STATIONARY VEHICLE      ,6,Dark Street lights unknown,2,2,1,0,0,1,2,Not at intersection,2,Hospitilisation,60,B,N ,Bicycle,N ,1,15,H,F,1,6,No control,5499,CHURCH,STREET,CHARLOTTE,STREET,23,S,78247,N,YARRA,YARRA,-37.82524,144.99801,3121
62610,T20080030379,3/08/2008,75604,6216,13.00.00,1,Collision with vehicle,1,Sunday,149,OTHER MANOEUVRING NOT INCLUDED IN DCAs 140-148       ,1,Day,2,2,0,1,0,1,2,Not at intersection,3,Other Injury,40,B,S ,Bicycle,S ,1,1,H,N,0,6,No control,9999,MARION,LANE,ROYAL,LANE,25,E,218296,N,YARRA,YARRA,-37.80512,144.97479,3065
61667,T20080028495,4/08/2008,75604,6216,09.00.00,1,Collision with vehicle,2,Monday,143,ENTERING PARKING                      ,1,Day,2,2,1,0,0,1,1,Not at intersection,2,Hospitilisation,60,B,S ,Bicycle,S ,1,1,H,F,2,1,No control,9999,WELLINGTON,STREET,JOHNSTON,STREET,30,N,218167,N,YARRA,YARRA,-37.79901,144.98739,3066
61743,T20080028671,5/08/2008,75604,6216,11.14.00,1,Collision with vehicle,3,Tuesday,133,LANE SIDE SWIPE (VEHICLES IN PARALLEL LANES)        ,1,Day,2,2,1,0,0,1,1,Not at intersection,2,Hospitilisation,60,A,W ,Bicycle,W ,1,1,H,4,2,1,No control,5083,VICTORIA,PARADE,VICTORIA,PARADE,0,W,217984,I,YARRA,YARRA,-37.80796,144.97541,3065
61748,T20080028675,5/08/2008,75604,6216,12.39.00,1,Collision with vehicle,3,Tuesday,110,CROSS TRAFFIC(INTERSECTIONS ONLY)              ,1,Day,2,2,1,0,0,1,1,Cross intersection,2,Hospitilisation,50,B,N ,Bicycle,N ,1,1,H,F,2,5,Stop-go lights,9999,COLLINS,STREET,EXHIBITION,STREET,0,E,36990,I,MELBOURNE,MELBOURNE,-37.81405,144.97147,3000
61838,T20080028845,6/08/2008,75604,6216,18.30.00,1,Collision with vehicle,4,Wednesday,110,CROSS TRAFFIC(INTERSECTIONS ONLY)              ,3,Dark Street lights on,2,2,1,0,0,1,1,Cross intersection,2,Hospitilisation,50,B,N ,Bicycle,N ,1,1,H,5,2,2,Giveway sign,9999,GREY,STREET,POWLETT,STREET,0,W,29433,I,MELBOURNE,MELBOURNE,-37.81188,144.98597,3002
62163,T20080029436,10/08/2008,75604,6216,15.10.00,1,Collision with vehicle,1,Sunday,163,VEHICLE STRIKES DOOR OF PARKED/STATIONARY VEHICLE      ,1,Day,2,2,0,1,0,1,1,Not at intersection,3,Other Injury,60,B,NW,Bicycle,NW,1,1,H,5,2,1,No control,5130,FERRARS,STREET,BANK,STREET,21,N,218169,N,PORT PHILLIP,PORT PHILLIP,-37.83537,144.95605,3205
62233,T20080029577,11/08/2008,75604,6216,18.40.00,1,Collision with vehicle,2,Monday,110,CROSS TRAFFIC(INTERSECTIONS ONLY)              ,3,Dark Street lights on,2,2,1,0,0,1,1,Cross intersection,2,Hospitilisation,50,B,E ,Bicycle,E ,1,1,H,8,1,1,Roundabout,9999,GEORGE,STREET,POWLETT,STREET,0,W,37029,I,MELBOURNE,MELBOURNE,-37.81525,144.98538,3002
62254,T20080029618,12/08/2008,75604,6216,08.45.00,1,Collision with vehicle,3,Tuesday,137,LEFT TURN SIDESWIPE                     ,1,Day,2,2,1,0,0,1,1,T intersection,2,Hospitilisation,50,B,N ,Bicycle,N ,1,1,H,F,2,6,No control,5882,ST KILDA,ROAD,DORCAS,STREET,0,N,36983,I,MELBOURNE,"PORT PHILLIP,MELBOURNE",-37.8299,144.97132,3006
62956,T20080031135,15/08/2008,75604,6216,17.00.00,1,Collision with vehicle,6,Friday,163,VEHICLE STRIKES DOOR OF PARKED/STATIONARY VEHICLE      ,1,Day,2,2,0,1,0,1,2,Cross intersection,3,Other Injury,50,B,N ,Bicycle,N ,1,1,H,5,2,1,Stop-go lights,5061,SPENCER,STREET,COLLINS,STREET,0,S,29416,I,MELBOURNE,MELBOURNE,-37.81907,144.95415,3008
62957,T20080031135,15/08/2008,75604,6216,17.00.00,1,Collision with vehicle,6,Friday,163,VEHICLE STRIKES DOOR OF PARKED/STATIONARY VEHICLE      ,1,Day,2,2,0,1,0,1,2,Cross intersection,3,Other Injury,50,B,N ,Bicycle,N ,1,1,H,5,2,1,Stop-go lights,5061,SPENCER,STREET,COLLINS,STREET,0,S,29416,I,MELBOURNE,MELBOURNE,-37.81907,144.95415,3008
62674,T20080030516,18/08/2008,75604,6216,18.00.00,1,Collision with vehicle,2,Monday,110,CROSS TRAFFIC(INTERSECTIONS ONLY)              ,3,Dark Street lights on,2,2,1,0,0,1,1,Cross intersection,2,Hospitilisation,60,B,E ,Bicycle,E ,1,1,H,F,1,1,No control,9999,DRUMMOND,STREET,ELGIN,STREET,0,N,36338,I,MELBOURNE,MELBOURNE,-37.79732,144.96902,3053
63970,T20080033170,18/08/2008,75604,6216,11.30.00,1,Collision with vehicle,2,Monday,133,LANE SIDE SWIPE (VEHICLES IN PARALLEL LANES)        ,1,Day,3,3,0,1,0,2,2,Not at intersection,3,Other Injury,50,A,E ,Bicycle,E ,1,8,H,1,2,6,No control,9999,COLLINS,STREET,ELIZABETH,STREET,31,W,218504,N,MELBOURNE,MELBOURNE,-37.81631,144.96374,3000
63554,T20080032330,21/08/2008,75604,6216,18.10.00,1,Collision with vehicle,5,Thursday,121,RIGHT THROUGH                        ,5,Dark No street lights,2,2,0,1,0,1,2,T intersection,3,Other Injury,60,B,S ,Bicycle,S ,1,1,H,F,9,3,No control,5882,ST KILDA,ROAD,ANZAC,AVENUE,0,N,36995,I,MELBOURNE,MELBOURNE,-37.82748,144.97142,3006
62996,T20080031229,24/08/2008,75604,6216,11.10.00,1,Collision with vehicle,1,Sunday,135,LANE CHANGE LEFT (NOT OVERTAKING)              ,1,Day,2,3,0,1,0,2,1,Y intersection,3,Other Injury,50,B,NW,Bicycle,NW,8,8,H,4,2,1,No control,9999,NICHOLSON,STREET,SPRING,STREET,0,S,35838,I,MELBOURNE,MELBOURNE,-37.81069,144.97273,3002
62997,T20080031229,24/08/2008,75604,6216,11.10.00,1,Collision with vehicle,1,Sunday,135,LANE CHANGE LEFT (NOT OVERTAKING)              ,1,Day,2,3,0,1,0,2,1,Y intersection,3,Other Injury,50,B,NW,Bicycle,NW,8,8,H,4,2,1,No control,9999,NICHOLSON,STREET,SPRING,STREET,0,S,35838,I,MELBOURNE,MELBOURNE,-37.81069,144.97273,3002
63125,T20080031479,26/08/2008,75604,6216,08.43.00,1,Collision with vehicle,3,Tuesday,136,RIGHT TURN SIDESWIPE                    ,1,Day,2,2,0,1,0,1,1,Cross intersection,3,Other Injury,50,B,SE,Bicycle,SE,1,1,H,F,2,6,Stop-go lights,9999,COLLINS,STREET,ELIZABETH,STREET,0,E,35360,I,MELBOURNE,MELBOURNE,-37.81622,144.96407,3000
63193,T20080031596,26/08/2008,75604,6216,20.30.00,1,Collision with vehicle,3,Tuesday,137,LEFT TURN SIDESWIPE                     ,3,Dark Street lights on,2,2,1,0,0,1,1,T intersection,2,Hospitilisation,40,A,N ,Bicycle,N ,1,1,H,F,2,1,No control,9999,BRUNSWICK,STREET,HANOVER,STREET,0,N,36465,I,YARRA,YARRA,-37.80306,144.97765,3065
66014,T20080037388,27/08/2008,75604,6216,17.30.00,1,Collision with vehicle,4,Wednesday,121,RIGHT THROUGH                        ,1,Day,2,2,0,1,0,1,2,T intersection,3,Other Injury,60,A,N ,Bicycle,N ,1,1,H,1,2,2,No control,5499,CHURCH,STREET,WALTHAM,PLACE,0,N,35382,I,YARRA,YARRA,-37.8205,144.99884,3121
63285,T20080031781,28/08/2008,75604,6216,13.00.00,2,Struck Pedestrian,5,Thursday,100,PED NEAR SIDE. PED HIT BY VEHICLE FROM THE RIGHT.      ,1,Day,1,2,0,1,0,1,1,Not at intersection,3,Other Injury,40,A,E ,Bicycle,E ,1,1,H,F,2,6,No control,5285,BRIDGE,ROAD,CHURCH,STREET,14,E,218588,N,YARRA,YARRA,-37.81858,144.99933,3121
63290,T20080031796,28/08/2008,75604,6216,17.25.00,1,Collision with vehicle,5,Thursday,121,RIGHT THROUGH                        ,1,Day,2,3,1,0,0,2,1,T intersection,2,Hospitilisation,60,A,N ,Bicycle,N ,1,1,H,F,2,5,No control,9999,OTTER,STREET,WELLINGTON,STREET,0,W,36628,I,YARRA,YARRA,-37.80102,144.98703,3066
63307,T20080031824,28/08/2008,75604,6216,19.39.00,1,Collision with vehicle,5,Thursday,136,RIGHT TURN SIDESWIPE                    ,3,Dark Street lights on,2,2,1,0,0,1,1,T intersection,2,Hospitilisation,50,A,N ,Bicycle,NE,2,2,H,1,9,1,Other,9999,NICHOLSON,STREET,SPRING,STREET,0,S,35838,I,MELBOURNE,MELBOURNE,-37.81069,144.97273,3002
63308,T20080031824,28/08/2008,75604,6216,19.39.00,1,Collision with vehicle,5,Thursday,136,RIGHT TURN SIDESWIPE                    ,3,Dark Street lights on,2,2,1,0,0,1,1,T intersection,2,Hospitilisation,50,A,N ,Bicycle,NE,2,2,H,1,9,1,Other,9999,NICHOLSON,STREET,SPRING,STREET,0,S,35838,I,MELBOURNE,MELBOURNE,-37.81069,144.97273,3002
63377,T20080031943,28/08/2008,75604,6216,10.45.00,1,Collision with vehicle,5,Thursday,133,LANE SIDE SWIPE (VEHICLES IN PARALLEL LANES)        ,1,Day,2,2,0,1,0,1,2,Not at intersection,3,Other Injury,50,B,N ,Bicycle,N ,1,1,H,1,2,2,No control,9999,SMITH,STREET,ARGYLE,STREET,10,N,74349,N,YARRA,YARRA,-37.79807,144.98442,3066
63917,T20080033039,2/09/2008,75604,6216,17.45.00,1,Collision with vehicle,3,Tuesday,121,RIGHT THROUGH                        ,2,Dusk/Dawn,2,2,1,0,0,1,2,Cross intersection,2,Hospitilisation,60,B,N ,Bicycle,N ,1,1,H,F,2,2,Stop-go lights,9999,EXHIBITION,STREET,FLINDERS,LANE,0,N,35367,I,MELBOURNE,MELBOURNE,-37.81502,144.97192,3000
64019,T20080033306,2/09/2008,75604,6216,17.45.00,1,Collision with vehicle,3,Tuesday,163,VEHICLE STRIKES DOOR OF PARKED/STATIONARY VEHICLE      ,2,Dusk/Dawn,2,3,0,1,0,2,2,Not at intersection,3,Other Injury,999,B,N ,Bicycle,N ,1,1,H,F,9,1,No control,9999,ST KILDA,ROAD,SWANSTON,STREET,0,N,1412,N,MELBOURNE,MELBOURNE,-37.81872,144.96802,3000
63701,T20080032579,3/09/2008,75604,6216,22.45.00,1,Collision with vehicle,4,Wednesday,148,VEHICLE OFF FOOTPATH STRIKES VEH ON CARRIAGEWAY,3,Dark Street lights on,2,2,2,0,0,0,1,Cross intersection,2,Hospitilisation,50,B,N ,Bicycle,N ,1,1,H,1,2,5,Stop-go lights,5035,DYNON,ROAD,SPENCER,STREET,0,W,36090,I,MELBOURNE,MELBOURNE,-37.80544,144.94305,3003
63710,T20080032598,4/09/2008,75604,6216,07.30.00,1,Collision with vehicle,5,Thursday,137,LEFT TURN SIDESWIPE                     ,1,Day,2,2,0,1,0,1,1,Cross intersection,3,Other Injury,60,B,W ,Bicycle,W ,1,1,H,F,2,1,Unknown,5287,SWAN,STREET,DOCKER,STREET,0,W,37170,I,YARRA,YARRA,-37.82555,144.99673,3121
66071,T20080037508,4/09/2008,75604,6216,19.30.00,1,Collision with vehicle,5,Thursday,116,LEFT NEAR (INTERSECTIONS ONLY)               ,9,Unknown,2,2,0,2,0,0,2,T intersection,3,Other Injury,60,B,N ,Bicycle,N ,1,1,H,F,2,9,No control,5041,KING,STREET,JEFFCOTT,STREET,0,S,29414,I,MELBOURNE,MELBOURNE,-37.8114,144.95342,3003
65417,T20080036169,6/09/2008,75604,6216,09.30.00,1,Collision with vehicle,7,Saturday,171,LEFT OFF CARRIAGEWAY INTO OBJECT/PARKED VEHICLE       ,1,Day,3,2,0,2,0,0,2,Cross intersection,3,Other Injury,60,A,W ,Bicycle,W ,18,18,H,5,2,2,Stop-go lights,5287,SWAN,STREET,CHURCH,STREET,0,W,35383,I,YARRA,YARRA,-37.82569,144.99793,3121
65419,T20080036169,6/09/2008,75604,6216,09.30.00,1,Collision with vehicle,7,Saturday,171,LEFT OFF CARRIAGEWAY INTO OBJECT/PARKED VEHICLE       ,1,Day,3,2,0,2,0,0,2,Cross intersection,3,Other Injury,60,C,W ,Bicycle,W ,1,1,H,N,2,2,Stop-go lights,5287,SWAN,STREET,CHURCH,STREET,0,W,35383,I,YARRA,YARRA,-37.82569,144.99793,3121
64494,T20080034276,18/09/2008,75604,6216,09.20.00,1,Collision with vehicle,5,Thursday,110,CROSS TRAFFIC(INTERSECTIONS ONLY)              ,1,Day,2,2,1,0,0,1,1,Cross intersection,2,Hospitilisation,60,B,S ,Bicycle,S ,1,1,H,F,2,1,Stop-go lights,5853,JOHNSTON,STREET,NAPIER,STREET,0,W,36536,I,YARRA,YARRA,-37.79858,144.98071,3065
64508,T20080034304,18/09/2008,75604,6216,12.47.00,1,Collision with vehicle,5,Thursday,121,RIGHT THROUGH                        ,1,Day,2,2,0,1,0,1,2,Cross intersection,3,Other Injury,60,B,E ,Bicycle,E ,1,1,H,1,2,1,No control,9999,ALBERT,STREET,CLARENDON,STREET,0,E,37016,I,MELBOURNE,MELBOURNE,-37.81041,144.98355,3002
64524,T20080034330,18/09/2008,75604,6216,07.55.00,1,Collision with vehicle,5,Thursday,133,LANE SIDE SWIPE (VEHICLES IN PARALLEL LANES)        ,2,Dusk/Dawn,2,2,0,0,1,1,1,Cross intersection,1,Fatal,999,B,S ,Bicycle,S ,1,1,H,5,2,1,Stop-go lights,9999,BOURKE,STREET,SWANSTON,STREET,0,E,229,I,MELBOURNE,MELBOURNE,-37.81353,144.96563,3000
64854,T20080034982,23/09/2008,75604,6216,19.00.00,1,Collision with vehicle,3,Tuesday,110,CROSS TRAFFIC(INTERSECTIONS ONLY)              ,3,Dark Street lights on,2,4,0,1,0,3,1,Cross intersection,3,Other Injury,60,A,E ,Bicycle,E ,1,1,H,F,1,2,No control,9999,DRUMMOND,STREET,ELGIN,STREET,0,N,36338,I,MELBOURNE,MELBOURNE,-37.79732,144.96902,3053
64861,T20080034989,23/09/2008,75604,6216,18.20.00,1,Collision with vehicle,3,Tuesday,121,RIGHT THROUGH                        ,3,Dark Street lights on,2,2,1,0,0,1,1,Cross intersection,2,Hospitilisation,60,B,E ,Bicycle,E ,1,1,H,F,1,1,Stop-go lights,5066,DRYBURGH,STREET,MACAULAY,ROAD,0,S,29373,I,MELBOURNE,MELBOURNE,-37.8003,144.94398,3051
67019,T20080039291,24/09/2008,75604,6216,20.30.00,1,Collision with vehicle,4,Wednesday,163,VEHICLE STRIKES DOOR OF PARKED/STATIONARY VEHICLE      ,3,Dark Street lights on,2,5,1,0,0,4,2,Cross intersection,2,Hospitilisation,999,B,W ,Bicycle,W ,1,1,H,F,1,2,No control,5490,CHAPEL,STREET,TOORAK,ROAD,0,N,37719,I,STONNINGTON,STONNINGTON,-37.8395,144.99562,3141
65578,T20080036487,25/09/2008,75604,6216,19.10.00,1,Collision with vehicle,5,Thursday,110,CROSS TRAFFIC(INTERSECTIONS ONLY)              ,3,Dark Street lights on,2,2,0,1,0,1,2,Cross intersection,3,Other Injury,60,B,N ,Bicycle,N ,1,1,H,1,2,5,Roundabout,9999,COVENTRY,STREET,MORAY,STREET,0,W,37555,I,PORT PHILLIP,PORT PHILLIP,-37.83118,144.96254,3205
65053,T20080035396,26/09/2008,75604,6216,18.15.00,1,Collision with vehicle,6,Friday,137,LEFT TURN SIDESWIPE                     ,1,Day,2,2,0,1,0,1,2,T intersection,3,Other Injury,60,B,E ,Bicycle,E ,1,1,H,1,2,3,No control,5083,VICTORIA,PARADE,CAMBRIDGE,STREET,0,W,57453,I,YARRA,YARRA,-37.80895,144.98479,3066
67961,T20080041149,28/09/2008,75604,6216,18.00.00,8,No collision and no object struck,1,Sunday,174,OUT OF CONTROL ON CARRIAGEWAY (ON STRAIGHT)         ,1,Day,1,1,0,1,0,0,2,Not at intersection,3,Other Injury,50,A,E ,Bicycle,E ,1,18,H,9,2,9,No control,9999,GERTRUDE,STREET,GORE,STREET,27,W,219012,N,YARRA,YARRA,-37.80621,144.9815,3065
65185,T20080035737,29/09/2008,75604,6216,07.45.00,1,Collision with vehicle,2,Monday,139,OTHER SAME DIRECTION-MANOUEVRES NOT INCLUDED IN DCAs 130-137,1,Day,2,2,0,1,0,1,2,T intersection,3,Other Injury,50,A,SW,Bicycle,SW,3,3,H,4,2,1,Roundabout,5040,DUDLEY,STREET,WILLIAM,STREET,0,W,36198,I,MELBOURNE,MELBOURNE,-37.80848,144.95493,3003
65269,T20080035898,29/09/2008,75604,6216,08.15.00,1,Collision with vehicle,2,Monday,121,RIGHT THROUGH                        ,1,Day,2,2,0,1,0,1,2,T intersection,3,Other Injury,60,B,S ,Bicycle,S ,1,1,H,F,2,5,No control,9999,ARDEN,STREET,MUNSTER,TERRACE,0,W,57445,I,MELBOURNE,MELBOURNE,-37.80024,144.94331,3051
65387,T20080036113,2/10/2008,75604,6216,08.50.00,1,Collision with vehicle,5,Thursday,110,CROSS TRAFFIC(INTERSECTIONS ONLY)              ,1,Day,2,2,1,0,0,1,1,Cross intersection,2,Hospitilisation,50,A,S ,Bicycle,S ,1,1,H,F,2,1,Stop-go lights,9999,LITTLE BOURKE,STREET,RUSSELL,STREET,0,E,36951,I,MELBOURNE,MELBOURNE,-37.81182,144.96765,3000
65513,T20080036332,3/10/2008,75604,6216,06.30.00,1,Collision with vehicle,6,Friday,110,CROSS TRAFFIC(INTERSECTIONS ONLY)              ,3,Dark Street lights on,2,5,1,0,0,4,1,Cross intersection,2,Hospitilisation,60,B,W ,Bicycle,W ,1,1,H,F,1,6,No control,9999,CARDIGAN,STREET,ELGIN,STREET,0,S,35316,I,MELBOURNE,MELBOURNE,-37.797,144.96608,3053
65591,T20080036511,4/10/2008,75604,6216,21.20.00,1,Collision with vehicle,7,Saturday,137,LEFT TURN SIDESWIPE                     ,3,Dark Street lights on,2,6,1,0,0,5,1,Cross intersection,2,Hospitilisation,40,B,N ,Bicycle,N ,1,1,H,1,2,6,No control,9999,ARGYLE,STREET,BRUNSWICK,STREET,0,E,36496,I,YARRA,YARRA,-37.79754,144.9786,3065
65757,T20080036838,6/10/2008,75604,6216,18.12.00,1,Collision with vehicle,2,Monday,163,VEHICLE STRIKES DOOR OF PARKED/STATIONARY VEHICLE      ,2,Dusk/Dawn,2,2,0,1,0,1,2,Not at intersection,3,Other Injury,999,B,W ,Bicycle,W ,1,1,H,F,2,5,No control,9999,MARKET,STREET,KENT,PLACE,8,E,219111,N,PORT PHILLIP,PORT PHILLIP,-37.83068,144.95555,3205