,ACCIDENT_NO,ACCIDENTDATE,CYCLISTS,CYCLISTS_COUNT_LS,ACCIDENTTIME,ACCIDENT_TYPE,ACCIDENT_TYPE_DESC,DAY_OF_WEEK,DAY_WEEK_DESC,DCA_CODE,DCA Description,LIGHT_CONDITION,LIGHT_CONDITION_DEC,NO_OF_VEHICLES,NO_PERSONS,NO_PERSONS_INJ_2,NO_PERSONS_INJ_3,NO_PERSONS_KILLED,NO_PERSONS_NOT_INJ,POLICE_ATTEND,ROAD_GEOMETRY_DESC,SEVERITY,SEVERITY_DESC,SPEED_ZONE,VEHICLE_ID,INITIAL_DIRECTION,Vehicle Type Desc,FINAL_DIRECTION,DRIVER_INTENT,VEHICLE_MOVEMENT,TRAILER_TYPE,INITIAL_IMPACT,LAMPS,LEVEL_OF_DAMAGE,TRAFFIC_CONTROL_DESC,ROAD_ROUTE_1,ROAD_NAME,ROAD_TYPE,ROAD_NAME_INT,ROAD_TYPE_INT,DISTANCE_LOCATION,DIRECTION_LOCATION,NODE_ID,NODE_TYPE,LGA_NAME,Lga Name All,Lat,Long,Postcode No
65785,T20080036919,8/10/2008,75604,6216,08.00.00,1,Collision with vehicle,4,Wednesday,130,REAR END(VEHICLES IN SAME LANE)               ,1,Day,2,2,0,1,0,1,2,Not at intersection,3,Other Injury,50,B,S ,Bicycle,S ,7,18,H,F,2,2,No control,9999,SWANSTON,STREET,GRATTAN,STREET,30,N,219137,N,MELBOURNE,MELBOURNE,-37.80016,144.96402,3053
65816,T20080036980,8/10/2008,75604,6216,16.38.00,8,No collision and no object struck,4,Wednesday,174,OUT OF CONTROL ON CARRIAGEWAY (ON STRAIGHT)         ,1,Day,1,1,1,0,0,0,1,T intersection,2,Hospitilisation,50,A,S ,Bicycle,S ,1,18,H,5,2,1,No control,5061,SPENCER,STREET,FLINDERS,LANE,0,S,36839,I,MELBOURNE,MELBOURNE,-37.8201,144.95462,3008
65817,T20080036980,8/10/2008,75604,6216,16.38.00,8,No collision and no object struck,4,Wednesday,174,OUT OF CONTROL ON CARRIAGEWAY (ON STRAIGHT)         ,1,Day,1,1,1,0,0,0,1,T intersection,2,Hospitilisation,50,A,S ,Bicycle,S ,1,18,H,5,2,1,No control,5061,SPENCER,STREET,FLINDERS,LANE,0,S,36839,I,MELBOURNE,MELBOURNE,-37.8201,144.95462,3008
65893,T20080037123,8/10/2008,75604,6216,17.45.00,1,Collision with vehicle,3,Wednesday,163,VEHICLE STRIKES DOOR OF PARKED/STATIONARY VEHICLE      ,1,Day,2,2,0,1,0,1,2,Not at intersection,3,Other Injury,60,B,NK,Bicycle,NK,1,1,H,F,2,1,Unknown,9999,SIDDELEY,STREET,LITTLE DOCK,LANE,125,W,285199,N,MELBOURNE,MELBOURNE,-37.82241,144.95296,3008
65965,T20080037281,10/10/2008,75604,6216,17.05.00,1,Collision with vehicle,6,Friday,163,VEHICLE STRIKES DOOR OF PARKED/STATIONARY VEHICLE      ,1,Day,2,2,0,1,0,1,2,Cross intersection,3,Other Injury,40,B,N ,Bicycle,N ,1,1,H,F,2,2,Unknown,9999,LA TROBE,STREET,SWANSTON,STREET,0,W,35358,I,MELBOURNE,MELBOURNE,-37.80959,144.96383,3000
65966,T20080037281,10/10/2008,75604,6216,17.05.00,1,Collision with vehicle,6,Friday,163,VEHICLE STRIKES DOOR OF PARKED/STATIONARY VEHICLE      ,1,Day,2,2,0,1,0,1,2,Cross intersection,3,Other Injury,40,B,N ,Bicycle,N ,1,1,H,F,2,2,Unknown,9999,LA TROBE,STREET,SWANSTON,STREET,0,W,35358,I,MELBOURNE,MELBOURNE,-37.80959,144.96383,3000
66348,T20080038070,10/10/2008,75604,6216,10.30.00,1,Collision with vehicle,6,Friday,163,VEHICLE STRIKES DOOR OF PARKED/STATIONARY VEHICLE      ,1,Day,2,2,1,0,0,1,2,Not at intersection,2,Hospitilisation,60,B,S ,Bicycle,S ,1,1,H,F,2,5,No control,5979,ROYAL,PARADE,STORY,STREET,50,S,5236,N,MELBOURNE,MELBOURNE,-37.79756,144.95783,3052
66648,T20080038612,12/10/2008,75604,6216,07.15.00,1,Collision with vehicle,1,Sunday,147,VEHICLE STRIKES ANOTHER VEH WHILE EMERGING FROM DRIVEWAY,1,Day,2,2,0,1,0,1,2,Not at intersection,3,Other Injury,999,A,N ,Bicycle,N ,1,1,H,F,2,1,No control,2080,PUNT,ROAD,BOULTON,PARADE,15,N,76794,N,MELBOURNE,"YARRA,MELBOURNE",-37.82708,144.9884,3121
66118,T20080037583,13/10/2008,75604,6216,05.50.00,1,Collision with vehicle,2,Monday,121,RIGHT THROUGH                        ,3,Dark Street lights on,2,2,2,0,0,0,1,Cross intersection,2,Hospitilisation,60,B,E ,Bicycle,E ,1,1,H,4,1,5,Stop-go lights,5285,BRIDGE,ROAD,CHURCH,STREET,0,W,37196,I,YARRA,YARRA,-37.81858,144.99917,3121
66204,T20080037767,14/10/2008,75604,6216,10.20.00,1,Collision with vehicle,3,Tuesday,134,LANE CHANGE RIGHT (NOT OVERTAKING)             ,1,Day,2,2,0,1,0,1,1,Not at intersection,3,Other Injury,50,B,W ,Bicycle,W ,6,6,H,1,2,1,No control,9999,COLLINS,STREET,SWANSTON,STREET,29,E,219224,N,MELBOURNE,MELBOURNE,-37.8154,144.96685,3000
66339,T20080038052,15/10/2008,75604,6216,16.30.00,1,Collision with vehicle,4,Wednesday,137,LEFT TURN SIDESWIPE                     ,1,Day,2,2,0,2,0,0,2,T intersection,3,Other Injury,999,A,N ,Bicycle,N ,1,1,H,1,9,1,Unknown,9999,LINCOLN,SQUARE,SWANSTON,STREET,0,W,36277,I,MELBOURNE,MELBOURNE,-37.80322,144.96349,3053
66313,T20080037987,16/10/2008,75604,6216,05.45.00,1,Collision with vehicle,5,Thursday,121,RIGHT THROUGH                        ,3,Dark Street lights on,2,2,1,0,0,1,1,Cross intersection,2,Hospitilisation,60,B,E ,Bicycle,E ,1,1,H,F,1,4,Stop-go lights,5287,SWAN,STREET,CHURCH,STREET,0,W,35383,I,YARRA,YARRA,-37.82569,144.99793,3121
66638,T20080038582,16/10/2008,75604,6216,07.30.00,1,Collision with vehicle,5,Thursday,135,LANE CHANGE LEFT (NOT OVERTAKING)              ,1,Day,2,2,0,1,0,1,2,Cross intersection,3,Other Injury,50,B,S ,Bicycle,S ,1,1,H,1,2,1,Stop-go lights,5853,JOHNSTON,STREET,WELLINGTON,STREET,0,W,36626,I,YARRA,YARRA,-37.79928,144.98734,3066
66424,T20080038188,17/10/2008,75604,6216,15.40.00,1,Collision with vehicle,6,Friday,163,VEHICLE STRIKES DOOR OF PARKED/STATIONARY VEHICLE      ,1,Day,3,4,1,0,0,3,1,T intersection,2,Hospitilisation,60,C,W ,Bicycle,W ,1,1,H,F,2,6,Stop-go lights,5287,SWAN,STREET,CARROLL,STREET,0,W,57474,I,YARRA,YARRA,-37.82524,144.99395,3121
66455,T20080038235,17/10/2008,75604,6216,07.20.00,1,Collision with vehicle,6,Friday,136,RIGHT TURN SIDESWIPE                    ,1,Day,2,2,0,1,0,1,2,Multiple intersection,3,Other Injury,60,A,SE,Bicycle,W ,2,2,H,1,2,2,Roundabout,5046,ELIZABETH,STREET,PELHAM,STREET,0,S,53184,I,MELBOURNE,MELBOURNE,-37.80181,144.95745,3000
66504,T20080038356,18/10/2008,75604,6216,15.50.00,1,Collision with vehicle,7,Saturday,133,LANE SIDE SWIPE (VEHICLES IN PARALLEL LANES)        ,1,Day,2,2,0,1,0,1,1,Cross intersection,3,Other Injury,60,B,S ,Bicycle,S ,1,1,H,1,2,1,No control,5287,SWAN,STREET,OLYMPIC,BOULEVARD,8,E,219271,N,MELBOURNE,MELBOURNE,-37.82334,144.97862,3004
66579,T20080038484,19/10/2008,75604,6216,15.15.00,1,Collision with vehicle,1,Sunday,137,LEFT TURN SIDESWIPE                     ,1,Day,2,2,0,1,0,1,1,T intersection,3,Other Injury,60,A,N ,Bicycle,N ,1,1,H,F,2,9,No control,9999,PICKLES,STREET,SPRING E,STREET,0,N,57777,I,PORT PHILLIP,PORT PHILLIP,-37.83771,144.94808,3205
66889,T20080039080,20/10/2008,75604,6216,13.45.00,1,Collision with vehicle,2,Monday,140,U TURN                           ,1,Day,2,2,1,0,0,1,2,Cross intersection,2,Hospitilisation,60,B,N ,Bicycle,N ,1,1,H,F,2,2,No control,5490,CHAPEL,STREET,TOORAK,ROAD,0,N,37719,I,STONNINGTON,STONNINGTON,-37.8395,144.99562,3141
66813,T20080038922,22/10/2008,75604,6216,17.56.00,1,Collision with vehicle,4,Wednesday,135,LANE CHANGE LEFT (NOT OVERTAKING)              ,1,Day,2,2,1,0,0,1,1,T intersection,2,Hospitilisation,50,B,NW,Bicycle,NW,99,99,H,1,9,1,No control,5597,LORIMER,STREET,INGLES,STREET,0,E,36777,I,MELBOURNE,MELBOURNE,-37.82205,144.93271,3207
66934,T20080039151,22/10/2008,75604,6216,17.45.00,6,Vehicle overturned (no collision),4,Wednesday,174,OUT OF CONTROL ON CARRIAGEWAY (ON STRAIGHT)         ,1,Day,1,1,0,1,0,0,2,Cross intersection,3,Other Injury,50,A,N ,Bicycle,N ,1,1,H,9,0,6,Stop-go lights,9999,ELIZABETH,STREET,LITTLE LONSDALE,STREET,0,N,29422,I,MELBOURNE,MELBOURNE,-37.8113,144.96181,3000
66913,T20080039109,23/10/2008,75604,6216,19.00.00,1,Collision with vehicle,5,Thursday,163,VEHICLE STRIKES DOOR OF PARKED/STATIONARY VEHICLE      ,1,Day,2,5,1,0,0,4,1,Not at intersection,2,Hospitilisation,60,B,E ,Bicycle,E ,1,1,H,F,9,1,No control,5287,SWAN,STREET,OLYMPIC,BOULEVARD,395,E,219348,N,MELBOURNE,MELBOURNE,-37.82388,144.98292,3004
67130,T20080039548,27/10/2008,75604,6216,09.10.00,1,Collision with vehicle,2,Monday,121,RIGHT THROUGH                        ,1,Day,2,2,1,0,0,1,1,T intersection,2,Hospitilisation,50,B,SW,Bicycle,SW,1,1,H,F,2,9,No control,9999,MACARTHUR,STREET,ST ANDREWS,PLACE,0,SW,36997,I,MELBOURNE,MELBOURNE,-37.81179,144.97483,3002
67201,T20080039687,28/10/2008,75604,6216,10.20.00,1,Collision with vehicle,2,Tuesday,137,LEFT TURN SIDESWIPE                     ,1,Day,2,2,0,1,0,1,2,Unknown,3,Other Injury,50,B,S ,Bicycle,S ,1,1,H,F,2,2,No control,9999,COLLINS,STREET,REGENT,PLACE,26,E,285214,N,MELBOURNE,MELBOURNE,-37.81518,144.96759,3000
67221,T20080039740,28/10/2008,75604,6216,16.10.00,1,Collision with vehicle,3,Tuesday,121,RIGHT THROUGH                        ,1,Day,2,2,1,0,0,1,1,Cross intersection,2,Hospitilisation,60,B,NE,Bicycle,NE,1,1,H,F,2,5,Stop-go lights,5040,DUDLEY,STREET,SPENCER,STREET,0,SW,29413,I,MELBOURNE,MELBOURNE,-37.81013,144.94999,3003
67226,T20080039748,28/10/2008,75604,6216,17.07.00,1,Collision with vehicle,3,Tuesday,137,LEFT TURN SIDESWIPE                     ,1,Day,2,2,0,1,0,1,1,Cross intersection,3,Other Injury,60,B,N ,Bicycle,N ,1,1,H,F,0,1,Stop-go lights,9999,ELGIN,STREET,RATHDOWNE,STREET,0,W,36370,I,MELBOURNE,MELBOURNE,-37.79748,144.97049,3053
67282,T20080039876,29/10/2008,75604,6216,14.30.00,1,Collision with vehicle,4,Wednesday,147,VEHICLE STRIKES ANOTHER VEH WHILE EMERGING FROM DRIVEWAY,1,Day,2,2,1,0,0,1,1,T intersection,2,Hospitilisation,50,B,SW,Bicycle,SW,1,1,H,F,2,3,No control,9999,MACARTHUR,STREET,ST ANDREWS,PLACE,0,SW,36997,I,MELBOURNE,MELBOURNE,-37.81179,144.97483,3002
67315,T20080039937,30/10/2008,75604,6216,00.15.00,1,Collision with vehicle,5,Thursday,116,LEFT NEAR (INTERSECTIONS ONLY)               ,3,Dark Street lights on,2,2,0,1,0,1,2,T intersection,3,Other Injury,60,B,W ,Bicycle,W ,1,1,H,R,1,3,No control,5082,VICTORIA,PARADE,SPRING,STREET,0,E,31148,I,MELBOURNE,MELBOURNE,-37.80787,144.9715,3002
67316,T20080039937,30/10/2008,75604,6216,00.15.00,1,Collision with vehicle,5,Thursday,116,LEFT NEAR (INTERSECTIONS ONLY)               ,3,Dark Street lights on,2,2,0,1,0,1,2,T intersection,3,Other Injury,60,B,W ,Bicycle,W ,1,1,H,R,1,3,No control,5082,VICTORIA,PARADE,SPRING,STREET,0,E,31148,I,MELBOURNE,MELBOURNE,-37.80787,144.9715,3002
67445,T20080040222,31/10/2008,75604,6216,17.46.00,1,Collision with vehicle,6,Friday,130,REAR END(VEHICLES IN SAME LANE)               ,1,Day,2,2,0,1,0,1,2,Cross intersection,3,Other Injury,60,A,W ,Bicycle,W ,6,6,H,F,2,1,Stop-go lights,5127,TOORAK,ROAD,KINGS,WAY,0,NW,119,I,MELBOURNE,"PORT PHILLIP,MELBOURNE",-37.83622,144.97554,3004
67574,T20080040442,31/10/2008,75604,6216,17.15.00,1,Collision with vehicle,6,Friday,163,VEHICLE STRIKES DOOR OF PARKED/STATIONARY VEHICLE      ,1,Day,2,3,0,1,0,2,2,Cross intersection,3,Other Injury,999,B,SE,Bicycle,SE,1,1,H,F,2,6,Stop-go lights,9999,LA TROBE,STREET,SWANSTON,STREET,0,W,35358,I,MELBOURNE,MELBOURNE,-37.80959,144.96383,3000
67575,T20080040442,31/10/2008,75604,6216,17.15.00,1,Collision with vehicle,6,Friday,163,VEHICLE STRIKES DOOR OF PARKED/STATIONARY VEHICLE      ,1,Day,2,3,0,1,0,2,2,Cross intersection,3,Other Injury,999,B,SE,Bicycle,SE,1,1,H,F,2,6,Stop-go lights,9999,LA TROBE,STREET,SWANSTON,STREET,0,W,35358,I,MELBOURNE,MELBOURNE,-37.80959,144.96383,3000
67514,T20080040339,1/11/2008,75604,6216,18.20.00,1,Collision with vehicle,7,Saturday,163,VEHICLE STRIKES DOOR OF PARKED/STATIONARY VEHICLE      ,1,Day,2,3,0,2,0,1,1,Not at intersection,3,Other Injury,50,B,N ,Bicycle,N ,1,1,H,F,2,1,No control,9999,ST KILDA,ROAD,SOUTHBANK,PROMENADE BIKE,49,N,74726,N,MELBOURNE,MELBOURNE,-37.8193,144.96829,3006
67570,T20080040436,1/11/2008,75604,6216,13.30.00,1,Collision with vehicle,7,Saturday,163,VEHICLE STRIKES DOOR OF PARKED/STATIONARY VEHICLE      ,1,Day,2,2,0,1,0,1,1,Not at intersection,3,Other Injury,50,B,E ,Bicycle,E ,1,1,H,F,2,2,No control,9999,COLLINS,STREET,RUSSELL,STREET,46,E,193980,N,MELBOURNE,MELBOURNE,-37.81463,144.9695,3000
67667,T20080040641,2/11/2008,75604,6216,14.00.00,1,Collision with vehicle,1,Sunday,163,VEHICLE STRIKES DOOR OF PARKED/STATIONARY VEHICLE      ,1,Day,2,2,0,1,0,1,2,Not at intersection,3,Other Injury,50,A,N ,Bicycle,N ,1,1,H,F,2,6,No control,5061,SPENCER,STREET,LA TROBE,STREET,11,N,221171,N,MELBOURNE,MELBOURNE,-37.81308,144.95139,3003
67690,T20080040686,4/11/2008,75604,6216,09.50.00,1,Collision with vehicle,3,Tuesday,137,LEFT TURN SIDESWIPE                     ,1,Day,2,2,0,1,0,1,2,Cross intersection,3,Other Injury,50,B,W ,Bicycle,W ,1,1,H,F,2,1,Stop-go lights,9999,LA TROBE,STREET,RUSSELL,STREET,0,W,65670,I,MELBOURNE,MELBOURNE,-37.80888,144.9663,3000
67691,T20080040686,4/11/2008,75604,6216,09.50.00,1,Collision with vehicle,3,Tuesday,137,LEFT TURN SIDESWIPE                     ,1,Day,2,2,0,1,0,1,2,Cross intersection,3,Other Injury,50,B,W ,Bicycle,W ,1,1,H,F,2,1,Stop-go lights,9999,LA TROBE,STREET,RUSSELL,STREET,0,W,65670,I,MELBOURNE,MELBOURNE,-37.80888,144.9663,3000
68161,T20080041533,5/11/2008,75604,6216,22.55.00,1,Collision with vehicle,4,Wednesday,121,RIGHT THROUGH                        ,6,Dark Street lights unknown,2,2,1,0,0,1,2,Cross intersection,2,Hospitilisation,60,B,E ,Bicycle,E ,1,1,H,R,1,1,Stop-go lights,5082,VICTORIA,STREET,RATHDOWNE,STREET,0,W,29397,I,MELBOURNE,MELBOURNE,-37.80729,144.96885,3053
67838,T20080040920,6/11/2008,75604,6216,09.25.00,1,Collision with vehicle,5,Thursday,163,VEHICLE STRIKES DOOR OF PARKED/STATIONARY VEHICLE      ,1,Day,3,3,0,1,0,2,1,Unknown,3,Other Injury,999,B,N ,Bicycle,N ,1,1,H,F,2,2,No control,9999,SWANSTON,STREET,RED CAPE,LANE,4,N,219522,N,MELBOURNE,MELBOURNE,-37.81085,144.96441,3000
67849,T20080040954,6/11/2008,75604,6216,11.35.00,2,Struck Pedestrian,5,Thursday,101,PED EMERGES FROM IN FRONT OF PARKED OR STATIONARY VEHICLE  ,1,Day,1,2,0,1,0,1,1,Cross intersection,3,Other Injury,999,A,S ,Bicycle,S ,1,1,H,F,2,6,Stop-go lights,9999,LONSDALE,STREET,SWANSTON,STREET,0,E,35363,I,MELBOURNE,MELBOURNE,-37.81156,144.96473,3000
67873,T20080040983,6/11/2008,75604,6216,15.45.00,1,Collision with vehicle,5,Thursday,163,VEHICLE STRIKES DOOR OF PARKED/STATIONARY VEHICLE      ,1,Day,2,2,1,0,0,1,1,Not at intersection,2,Hospitilisation,40,B,N ,Bicycle,N ,1,1,H,F,0,2,No control,9999,SMITH,STREET,GREEVES,STREET,25,N,222197,N,YARRA,YARRA,-37.80022,144.98405,3066
68356,T20080041874,8/11/2008,75604,6216,13.00.00,1,Collision with vehicle,7,Saturday,113,RIGHT NEAR (INTERSECTIONS ONLY)               ,1,Day,2,2,0,1,0,1,2,T intersection,3,Other Injury,60,B,NW,Bicycle,NW,1,1,H,F,0,3,Giveway sign,9999,INGLES,STREET,TURNER,STREET,0,NW,35847,I,MELBOURNE,MELBOURNE,-37.82379,144.9349,3207
68175,T20080041559,10/11/2008,75604,6216,17.25.00,1,Collision with vehicle,2,Monday,121,RIGHT THROUGH                        ,1,Day,2,2,1,0,0,1,1,T intersection,2,Hospitilisation,40,B,E ,Bicycle,E ,1,1,H,F,0,2,No control,5285,BRIDGE,ROAD,NORMANBY,PLACE,0,W,37088,I,YARRA,YARRA,-37.81775,144.99178,3121
68179,T20080041563,10/11/2008,75604,6216,17.12.00,1,Collision with vehicle,2,Monday,140,U TURN                           ,1,Day,2,3,0,1,0,2,1,Not at intersection,3,Other Injury,50,B,E ,Bicycle,E ,1,1,H,F,2,1,No control,9999,COLLINS,STREET,ELIZABETH,STREET,42,W,224713,N,MELBOURNE,MELBOURNE,-37.81635,144.96362,3000
68253,T20080041673,11/11/2008,75604,6216,18.59.00,1,Collision with vehicle,3,Tuesday,135,LANE CHANGE LEFT (NOT OVERTAKING)              ,1,Day,2,2,0,1,0,1,2,Cross intersection,3,Other Injury,60,B,SE,Bicycle,SE,1,1,H,1,2,1,Stop-go lights,5127,TOORAK,ROAD,KINGS,WAY,0,NW,119,I,MELBOURNE,"PORT PHILLIP,MELBOURNE",-37.83622,144.97554,3004
68260,T20080041690,11/11/2008,75604,6216,19.50.00,1,Collision with vehicle,3,Tuesday,135,LANE CHANGE LEFT (NOT OVERTAKING)              ,1,Day,3,3,0,2,0,1,2,Not at intersection,3,Other Injury,40,B,N ,Bicycle,N ,1,1,H,F,2,6,No control,9999,BRUNSWICK,STREET,HANOVER,STREET,38,N,225349,N,YARRA,YARRA,-37.80272,144.97771,3065
68261,T20080041690,11/11/2008,75604,6216,19.50.00,1,Collision with vehicle,3,Tuesday,135,LANE CHANGE LEFT (NOT OVERTAKING)              ,1,Day,3,3,0,2,0,1,2,Not at intersection,3,Other Injury,40,C,N ,Bicycle,N ,1,1,H,F,2,6,No control,9999,BRUNSWICK,STREET,HANOVER,STREET,38,N,225349,N,YARRA,YARRA,-37.80272,144.97771,3065
68354,T20080041873,11/11/2008,75604,6216,08.30.00,1,Collision with vehicle,3,Tuesday,121,RIGHT THROUGH                        ,9,Unknown,2,2,0,1,0,1,2,T intersection,3,Other Injury,60,B,S ,Bicycle,S ,1,1,H,F,9,9,Unknown,5065,PEEL,STREET,PRINCESS,STREET,0,S,36215,I,MELBOURNE,MELBOURNE,-37.80493,144.95615,3051
68438,T20080042043,12/11/2008,75604,6216,12.15.00,1,Collision with vehicle,4,Wednesday,113,RIGHT NEAR (INTERSECTIONS ONLY)               ,1,Day,2,2,0,2,0,0,2,Cross intersection,3,Other Injury,50,A,S ,Bicycle,S ,1,1,H,1,0,1,No control,9999,SPRING,STREET,COLLINS,STREET,0,N,36999,I,MELBOURNE,MELBOURNE,-37.81332,144.97395,3002
68439,T20080042043,12/11/2008,75604,6216,12.15.00,1,Collision with vehicle,4,Wednesday,113,RIGHT NEAR (INTERSECTIONS ONLY)               ,1,Day,2,2,0,2,0,0,2,Cross intersection,3,Other Injury,50,A,S ,Bicycle,S ,1,1,H,1,0,1,No control,9999,SPRING,STREET,COLLINS,STREET,0,N,36999,I,MELBOURNE,MELBOURNE,-37.81332,144.97395,3002
68440,T20080042043,12/11/2008,75604,6216,12.15.00,1,Collision with vehicle,4,Wednesday,113,RIGHT NEAR (INTERSECTIONS ONLY)               ,1,Day,2,2,0,2,0,0,2,Cross intersection,3,Other Injury,50,B,SW,Bicycle,W ,2,2,H,F,0,1,No control,9999,SPRING,STREET,COLLINS,STREET,0,N,36999,I,MELBOURNE,MELBOURNE,-37.81332,144.97395,3002
68441,T20080042043,12/11/2008,75604,6216,12.15.00,1,Collision with vehicle,4,Wednesday,113,RIGHT NEAR (INTERSECTIONS ONLY)               ,1,Day,2,2,0,2,0,0,2,Cross intersection,3,Other Injury,50,B,SW,Bicycle,W ,2,2,H,F,0,1,No control,9999,SPRING,STREET,COLLINS,STREET,0,N,36999,I,MELBOURNE,MELBOURNE,-37.81332,144.97395,3002
68798,T20080042746,19/11/2008,75604,6216,16.37.00,1,Collision with vehicle,4,Wednesday,121,RIGHT THROUGH                        ,1,Day,2,2,1,0,0,1,1,Not at intersection,2,Hospitilisation,50,B,N ,Bicycle,N ,1,1,H,1,2,1,No control,5499,CHURCH,STREET,ADELAIDE,STREET,14,S,219675,N,YARRA,YARRA,-37.82918,144.9973,3121
69236,T20080043583,19/11/2008,75604,6216,16.45.00,1,Collision with vehicle,4,Wednesday,163,VEHICLE STRIKES DOOR OF PARKED/STATIONARY VEHICLE      ,1,Day,2,2,0,1,0,1,2,Cross intersection,3,Other Injury,50,A,S ,Bicycle,S ,17,17,H,F,2,9,Stop-go lights,9999,FLINDERS,STREET,RUSSELL EX,STREET,0,W,240,I,MELBOURNE,MELBOURNE,-37.81674,144.9699,3000
69237,T20080043583,19/11/2008,75604,6216,16.45.00,1,Collision with vehicle,4,Wednesday,163,VEHICLE STRIKES DOOR OF PARKED/STATIONARY VEHICLE      ,1,Day,2,2,0,1,0,1,2,Cross intersection,3,Other Injury,50,A,S ,Bicycle,S ,17,17,H,F,2,9,Stop-go lights,9999,FLINDERS,STREET,RUSSELL EX,STREET,0,W,240,I,MELBOURNE,MELBOURNE,-37.81674,144.9699,3000
69386,T20080043821,19/11/2008,75604,6216,19.15.00,1,Collision with vehicle,4,Wednesday,163,VEHICLE STRIKES DOOR OF PARKED/STATIONARY VEHICLE      ,1,Day,2,3,0,1,0,2,2,Cross intersection,3,Other Injury,60,B,S ,Bicycle,S ,1,1,H,F,2,3,Stop-go lights,5287,SWAN,STREET,CHURCH,STREET,0,W,35383,I,YARRA,YARRA,-37.82569,144.99793,3121
69785,T20080044598,19/11/2008,75604,6216,11.00.00,1,Collision with vehicle,4,Wednesday,163,VEHICLE STRIKES DOOR OF PARKED/STATIONARY VEHICLE      ,1,Day,2,2,1,0,0,1,2,Not at intersection,2,Hospitilisation,60,B,W ,Bicycle,W ,1,1,H,5,2,6,No control,5083,VICTORIA,PARADE,YOUNG,STREET,18,E,220027,N,YARRA,YARRA,-37.80826,144.97815,3065
68872,T20080042860,20/11/2008,75604,6216,07.40.00,1,Collision with vehicle,5,Thursday,137,LEFT TURN SIDESWIPE                     ,1,Day,2,2,0,1,0,1,2,T intersection,3,Other Injury,999,B,S ,Bicycle,S ,1,1,H,F,0,1,Unknown,5499,CHURCH,STREET,NORTHCOTE,STREET,0,N,37186,I,YARRA,YARRA,-37.82988,144.99718,3121
69147,T20080043443,20/11/2008,75604,6216,15.00.00,1,Collision with vehicle,5,Thursday,121,RIGHT THROUGH                        ,1,Day,2,2,0,2,0,0,2,T intersection,3,Other Injury,60,B,NW,Bicycle,NW,1,1,H,1,2,2,Stop-go lights,5882,ST KILDA,ROAD,BOWEN,LANE,20,NW,37584,N,MELBOURNE,"PORT PHILLIP,MELBOURNE",-37.83376,144.97347,3004
69085,T20080043309,23/11/2008,75604,6216,13.58.00,1,Collision with vehicle,1,Sunday,163,VEHICLE STRIKES DOOR OF PARKED/STATIONARY VEHICLE      ,1,Day,2,3,1,0,0,2,1,Not at intersection,2,Hospitilisation,50,A,N ,Bicycle,N ,1,1,H,F,2,1,No control,9999,SWANSTON,STREET,LITTLE COLLINS,STREET,47,S,219719,N,MELBOURNE,MELBOURNE,-37.81491,144.96627,3000
69267,T20080043631,25/11/2008,75604,6216,18.10.00,1,Collision with vehicle,3,Tuesday,137,LEFT TURN SIDESWIPE                     ,1,Day,2,2,0,1,0,1,1,Cross intersection,3,Other Injury,40,B,E ,Bicycle,E ,1,1,H,1,2,3,No control,5853,JOHNSTON,STREET,GORE,STREET,0,W,29403,I,YARRA,YARRA,-37.79883,144.98308,3065
69283,T20080043652,25/11/2008,75604,6216,18.00.00,1,Collision with vehicle,3,Tuesday,136,RIGHT TURN SIDESWIPE                    ,1,Day,2,3,0,1,0,2,1,T intersection,3,Other Injury,50,B,N ,Bicycle,E ,2,2,H,F,2,6,Stop-go lights,9999,BOUVERIE,STREET,GRATTAN,STREET,0,N,36272,I,MELBOURNE,MELBOURNE,-37.80027,144.96251,3053
69314,T20080043697,26/11/2008,75604,6216,08.35.00,1,Collision with vehicle,4,Wednesday,140,U TURN                           ,1,Day,2,2,0,1,0,1,2,T intersection,3,Other Injury,50,A,S ,Bicycle,S ,1,1,H,R,2,2,No control,9999,PELHAM,STREET,RATHDOWNE,STREET,0,W,36379,I,MELBOURNE,MELBOURNE,-37.80314,144.96955,3053
69487,T20080044028,28/11/2008,75604,6216,08.30.00,1,Collision with vehicle,6,Friday,133,LANE SIDE SWIPE (VEHICLES IN PARALLEL LANES)        ,1,Day,2,2,0,1,0,1,2,Not at intersection,3,Other Injury,888,A,NE,Bicycle,NE,1,7,H,5,2,6,No control,5839,NORMANBY,ROAD,CLARENDON,STREET,196,SW,220823,N,MELBOURNE,MELBOURNE,-37.82624,144.9552,3006
69488,T20080044028,28/11/2008,75604,6216,08.30.00,1,Collision with vehicle,6,Friday,133,LANE SIDE SWIPE (VEHICLES IN PARALLEL LANES)        ,1,Day,2,2,0,1,0,1,2,Not at intersection,3,Other Injury,888,B,NE,Bicycle,NE,1,6,H,1,2,9,No control,5839,NORMANBY,ROAD,CLARENDON,STREET,196,SW,220823,N,MELBOURNE,MELBOURNE,-37.82624,144.9552,3006