,ACCIDENT_NO,ACCIDENTDATE,CYCLISTS,CYCLISTS_COUNT_LS,ACCIDENTTIME,ACCIDENT_TYPE,ACCIDENT_TYPE_DESC,DAY_OF_WEEK,DAY_WEEK_DESC,DCA_CODE,DCA Description,LIGHT_CONDITION,LIGHT_CONDITION_DEC,NO_OF_VEHICLES,NO_PERSONS,NO_PERSONS_INJ_2,NO_PERSONS_INJ_3,NO_PERSONS_KILLED,NO_PERSONS_NOT_INJ,POLICE_ATTEND,ROAD_GEOMETRY_DESC,SEVERITY,SEVERITY_DESC,SPEED_ZONE,VEHICLE_ID,INITIAL_DIRECTION,Vehicle Type Desc,FINAL_DIRECTION,DRIVER_INTENT,VEHICLE_MOVEMENT,TRAILER_TYPE,INITIAL_IMPACT,LAMPS,LEVEL_OF_DAMAGE,TRAFFIC_CONTROL_DESC,ROAD_ROUTE_1,ROAD_NAME,ROAD_TYPE,ROAD_NAME_INT,ROAD_TYPE_INT,DISTANCE_LOCATION,DIRECTION_LOCATION,NODE_ID,NODE_TYPE,LGA_NAME,Lga Name All,Lat,Long,Postcode No
69581,T20080044204,30/11/2008,75604,6216,04.20.00,1,Collision with vehicle,1,Sunday,136,RIGHT TURN SIDESWIPE                    ,3,Dark Street lights on,2,2,0,1,0,1,1,Cross intersection,3,Other Injury,50,B,N ,Bicycle,N ,1,1,H,F,1,1,Stop-go lights,9999,COLLINS,STREET,ELIZABETH,STREET,0,E,35360,I,MELBOURNE,MELBOURNE,-37.81622,144.96407,3000
69637,T20080044337,1/12/2008,75604,6216,09.00.00,1,Collision with vehicle,2,Monday,148,VEHICLE OFF FOOTPATH STRIKES VEH ON CARRIAGEWAY,1,Day,2,3,1,0,0,2,1,T intersection,2,Hospitilisation,50,B,S ,Bicycle,S ,1,1,H,F,2,3,Giveway sign,9999,CATHEDRAL,PLACE,MACARTHUR,STREET,0,W,35368,I,MELBOURNE,MELBOURNE,-37.81071,144.97545,3002
69710,T20080044485,2/12/2008,75604,6216,11.45.00,1,Collision with vehicle,3,Tuesday,163,VEHICLE STRIKES DOOR OF PARKED/STATIONARY VEHICLE      ,1,Day,2,2,0,1,0,1,1,Not at intersection,3,Other Injury,60,B,SW,Bicycle,SW,1,1,H,5,2,6,No control,2510,KINGS,WAY,QUEENS BRIDGE,STREET,11,SE,29284,N,MELBOURNE,MELBOURNE,-37.82559,144.96016,3006
69716,T20080044496,2/12/2008,75604,6216,13.26.00,1,Collision with vehicle,3,Tuesday,163,VEHICLE STRIKES DOOR OF PARKED/STATIONARY VEHICLE      ,1,Day,2,3,1,0,0,2,1,Not at intersection,2,Hospitilisation,40,B,E ,Bicycle,E ,1,1,H,F,2,1,No control,5898,TOORAK,ROAD,MURPHY,STREET,24,E,219784,N,STONNINGTON,STONNINGTON,-37.83884,144.99045,3141
70738,T20080046504,2/12/2008,75604,6216,17.10.00,1,Collision with vehicle,3,Tuesday,133,LANE SIDE SWIPE (VEHICLES IN PARALLEL LANES)        ,1,Day,2,3,1,0,0,2,2,Not at intersection,2,Hospitilisation,60,B,N ,Bicycle,N ,1,1,H,F,0,3,No control,9999,WELLINGTON,STREET,SACKVILLE,STREET,21,N,74708,N,YARRA,YARRA,-37.79838,144.98749,3066
70103,T20080045214,7/12/2008,75604,6216,15.30.00,7,Fall from or in moving vehicle,1,Sunday,190,FELL IN/FROM VEHICLE                    ,1,Day,2,2,0,2,0,0,2,Not at intersection,3,Other Injury,40,B,N ,Bicycle,N ,1,1,H,9,2,6,No control,9999,SMITH,STREET,HODGSON,STREET,23,N,225366,N,YARRA,YARRA,-37.80155,144.98382,3066
70222,T20080045417,8/12/2008,75604,6216,16.30.00,1,Collision with vehicle,2,Monday,163,VEHICLE STRIKES DOOR OF PARKED/STATIONARY VEHICLE      ,1,Day,2,2,0,1,0,1,2,Not at intersection,3,Other Injury,40,B,W ,Bicycle,W ,1,1,H,F,2,1,No control,9999,COLLINS,STREET,GEORGE,PARADE,45,W,75440,N,MELBOURNE,MELBOURNE,-37.81461,144.96953,3000
70301,T20080045596,9/12/2008,75604,6216,16.45.00,1,Collision with vehicle,3,Tuesday,121,RIGHT THROUGH                        ,1,Day,2,2,1,0,0,1,2,T intersection,2,Hospitilisation,60,B,N ,Bicycle,N ,1,1,H,1,2,3,Giveway sign,9999,DERBY,STREET,WELLINGTON,STREET,0,E,36610,I,YARRA,YARRA,-37.80711,144.98599,3066
70393,T20080045755,10/12/2008,75604,6216,14.00.00,1,Collision with vehicle,4,Wednesday,110,CROSS TRAFFIC(INTERSECTIONS ONLY)              ,1,Day,2,2,0,2,0,0,1,Cross intersection,3,Other Injury,60,B,N ,Bicycle,N ,1,1,H,5,2,1,Roundabout,9999,DORCAS,STREET,MORAY,STREET,0,W,37556,I,PORT PHILLIP,PORT PHILLIP,-37.83229,144.96305,3205
85369,T20090028231,10/12/2008,75604,6216,18.30.00,1,Collision with vehicle,4,Wednesday,116,LEFT NEAR (INTERSECTIONS ONLY)               ,9,Unknown,2,2,0,1,0,1,2,T intersection,3,Other Injury,999,B,E ,Bicycle,E ,1,13,H,F,9,1,Unknown,9999,FARADAY,STREET,POWELL,LANE,0,W,224120,I,MELBOURNE,MELBOURNE,-37.79856,144.96622,3053
70380,T20080045731,11/12/2008,75604,6216,07.20.00,1,Collision with vehicle,5,Thursday,110,CROSS TRAFFIC(INTERSECTIONS ONLY)              ,1,Day,2,2,1,0,0,1,1,Cross intersection,2,Hospitilisation,50,B,NW,Bicycle,NW,1,1,H,F,2,1,Roundabout,9999,MONTAGUE,STREET,PARK,STREET,0,N,29458,I,PORT PHILLIP,PORT PHILLIP,-37.83736,144.95417,3205
70506,T20080046007,12/12/2008,75604,6216,17.45.00,1,Collision with vehicle,6,Friday,116,LEFT NEAR (INTERSECTIONS ONLY)               ,1,Day,2,2,1,0,0,1,1,Cross intersection,2,Hospitilisation,50,B,S ,Bicycle,S ,1,1,H,R,2,1,No control,9999,BOUVERIE,STREET,LINCOLN N,SQUARE,0,N,35917,I,MELBOURNE,MELBOURNE,-37.80163,144.96227,3053
70611,T20080046236,12/12/2008,75604,6216,16.45.00,1,Collision with vehicle,6,Friday,148,VEHICLE OFF FOOTPATH STRIKES VEH ON CARRIAGEWAY,1,Day,2,2,0,1,0,1,2,T intersection,3,Other Injury,60,A,N ,Bicycle,N ,15,6,H,1,0,3,Ped. crossing,2510,PRINCES HIGHWAY,EAST,KINGS,WAY,42,SE,37585,I,PORT PHILLIP,PORT PHILLIP,-37.83635,144.97321,3004
70712,T20080046456,15/12/2008,75604,6216,08.55.00,1,Collision with vehicle,2,Monday,139,OTHER SAME DIRECTION-MANOUEVRES NOT INCLUDED IN DCAs 130-137,1,Day,2,3,0,1,0,2,2,Unknown,3,Other Injury,40,A,W ,Bicycle,W ,1,1,H,N,2,1,No control,9999,COLLINS,STREET,EXHIBITION,STREET,20,W,75412,N,MELBOURNE,MELBOURNE,-37.81411,144.97126,3000
71193,T20080047388,15/12/2008,75604,6216,16.45.00,1,Collision with vehicle,1,Monday,137,LEFT TURN SIDESWIPE                     ,1,Day,2,2,0,1,0,1,2,Not at intersection,3,Other Injury,60,A,N ,Bicycle,N ,1,1,H,F,2,6,Unknown,9999,BRUNSWICK,STREET,MOOR,STREET,35,S,210281,N,YARRA,YARRA,-37.80192,144.97785,3065
71576,T20080048218,15/12/2008,75604,6216,18.25.00,1,Collision with vehicle,2,Monday,133,LANE SIDE SWIPE (VEHICLES IN PARALLEL LANES)        ,2,Dusk/Dawn,2,2,0,1,0,1,2,Not at intersection,3,Other Injury,60,B,S ,Bicycle,S ,1,1,H,R,2,9,Stop-go lights,5882,ST KILDA,ROAD,TOORAK,ROAD,55,S,220952,N,MELBOURNE,"PORT PHILLIP,MELBOURNE",-37.83669,144.97571,3004
71054,T20080047132,16/12/2008,75604,6216,17.00.00,1,Collision with vehicle,3,Tuesday,121,RIGHT THROUGH                        ,1,Day,2,2,0,2,0,0,2,T intersection,3,Other Injury,999,B,N ,Bicycle,N ,1,1,H,F,2,1,Unknown,9999,LITTLE PALMERSTON,STREET,RATHDOWNE,STREET,0,W,36498,I,MELBOURNE,MELBOURNE,-37.79668,144.97064,3053
71292,T20080047589,21/12/2008,75604,6216,01.30.00,1,Collision with vehicle,1,Sunday,140,U TURN                           ,3,Dark Street lights on,2,2,0,1,0,1,2,Not at intersection,3,Other Injury,50,B,N ,Bicycle,N ,1,1,H,F,1,4,No control,9999,SWANSTON,STREET,LITTLE LA TROBE,STREET,17,N,225095,N,MELBOURNE,MELBOURNE,-37.80891,144.9635,3000
72083,T20090000571,26/12/2008,75604,6216,19.00.00,1,Collision with vehicle,6,Friday,163,VEHICLE STRIKES DOOR OF PARKED/STATIONARY VEHICLE      ,1,Day,2,2,1,0,0,1,2,T intersection,2,Hospitilisation,60,B,E ,Bicycle,E ,1,1,H,F,2,1,No control,5898,TOORAK,ROAD,MACFARLAN,STREET,0,W,37634,I,STONNINGTON,STONNINGTON,-37.8386,144.98861,3141
71902,T20090000227,2/01/2009,84009,6908,14.30.00,1,Collision with vehicle,6,Friday,131,LEFT REAR                          ,1,Day,2,3,1,0,0,2,2,Not at intersection,2,Hospitilisation,50,B,W ,Bicycle,W ,6,1,H,F,2,9,Stop-go lights,5082,VICTORIA,STREET,PEEL,STREET,20,E,119997,N,MELBOURNE,MELBOURNE,-37.8059,144.95621,3051
72149,T20090000703,7/01/2009,84009,6908,18.05.00,1,Collision with vehicle,4,Wednesday,150,HEAD ON(OVERTAKING)                     ,1,Day,3,3,1,0,0,2,1,Not at intersection,2,Hospitilisation,50,B,E ,Bicycle,E ,1,18,H,F,2,5,No control,9999,BOURKE,STREET,ELIZABETH,STREET,20,W,136843,N,MELBOURNE,MELBOURNE,-37.81431,144.96294,3000
72199,T20090000785,8/01/2009,84009,6908,09.30.00,1,Collision with vehicle,5,Thursday,133,LANE SIDE SWIPE (VEHICLES IN PARALLEL LANES)        ,1,Day,2,2,0,1,0,1,2,Cross intersection,3,Other Injury,50,B,N ,Bicycle,N ,1,1,H,1,2,3,Stop-go lights,5061,SPENCER,STREET,FLINDERS,STREET,0,S,35349,I,MELBOURNE,MELBOURNE,-37.8211,144.95507,3008
72200,T20090000785,8/01/2009,84009,6908,09.30.00,1,Collision with vehicle,5,Thursday,133,LANE SIDE SWIPE (VEHICLES IN PARALLEL LANES)        ,1,Day,2,2,0,1,0,1,2,Cross intersection,3,Other Injury,50,B,N ,Bicycle,N ,1,1,H,1,2,3,Stop-go lights,5061,SPENCER,STREET,FLINDERS,STREET,0,S,35349,I,MELBOURNE,MELBOURNE,-37.8211,144.95507,3008
72220,T20090000827,8/01/2009,84009,6908,08.30.00,1,Collision with vehicle,5,Thursday,147,VEHICLE STRIKES ANOTHER VEH WHILE EMERGING FROM DRIVEWAY,1,Day,2,2,0,1,0,1,2,Cross intersection,3,Other Injury,999,B,W ,Bicycle,W ,1,1,H,5,2,1,Unknown,2240,CITY ROAD -POWER,STREET,CITY,ROAD,0,SE,53216,I,MELBOURNE,MELBOURNE,-37.82386,144.96254,3006
72236,T20090000857,9/01/2009,84009,6908,09.04.00,1,Collision with vehicle,6,Friday,163,VEHICLE STRIKES DOOR OF PARKED/STATIONARY VEHICLE      ,1,Day,2,2,0,1,0,1,1,Not at intersection,3,Other Injury,60,B,E ,Bicycle,E ,1,1,H,F,2,1,No control,9999,GERTRUDE,STREET,ROYAL,LANE,24,W,122049,N,YARRA,YARRA,-37.80544,144.97418,3065
72277,T20090000928,9/01/2009,84009,6908,18.20.00,1,Collision with vehicle,6,Friday,163,VEHICLE STRIKES DOOR OF PARKED/STATIONARY VEHICLE      ,1,Day,2,3,1,0,0,2,1,Not at intersection,2,Hospitilisation,60,B,N ,Bicycle,N ,1,1,H,F,2,1,No control,9999,ST KILDA,ROAD,ALEXANDRA,AVENUE,114,S,220367,N,MELBOURNE,MELBOURNE,-37.82169,144.96938,3006
72427,T20090001224,12/01/2009,84009,6908,10.25.00,1,Collision with vehicle,2,Monday,163,VEHICLE STRIKES DOOR OF PARKED/STATIONARY VEHICLE      ,1,Day,2,2,0,1,0,1,1,Not at intersection,3,Other Injury,50,B,N ,Bicycle,N ,1,1,H,F,2,1,No control,9999,SPRING,STREET,BOURKE,STREET,50,S,147013,N,MELBOURNE,MELBOURNE,-37.81178,144.97324,3002
72428,T20090001224,12/01/2009,84009,6908,10.25.00,1,Collision with vehicle,2,Monday,163,VEHICLE STRIKES DOOR OF PARKED/STATIONARY VEHICLE      ,1,Day,2,2,0,1,0,1,1,Not at intersection,3,Other Injury,50,B,N ,Bicycle,N ,1,1,H,F,2,1,No control,9999,SPRING,STREET,BOURKE,STREET,50,S,147013,N,MELBOURNE,MELBOURNE,-37.81178,144.97324,3002
72803,T20090001940,18/01/2009,84009,6908,07.50.00,1,Collision with vehicle,1,Sunday,163,VEHICLE STRIKES DOOR OF PARKED/STATIONARY VEHICLE      ,1,Day,2,2,1,1,0,0,2,Not at intersection,2,Hospitilisation,60,B,SW,Bicycle,SW,1,1,H,F,2,9,No control,5738,BAY,STREET,SPRING N,STREET,0,SW,37437,I,PORT PHILLIP,PORT PHILLIP,-37.83563,144.94507,3207
72994,T20090002250,18/01/2009,84009,6908,01.00.00,1,Collision with vehicle,1,Sunday,163,VEHICLE STRIKES DOOR OF PARKED/STATIONARY VEHICLE      ,3,Dark Street lights on,2,2,0,2,0,0,2,Not at intersection,3,Other Injury,60,B,S ,Bicycle,S ,1,1,H,F,2,5,No control,9999,SMITH,STREET,WEBB,STREET,20,N,34230,N,YARRA,YARRA,-37.80397,144.98341,3066
72998,T20090002267,20/01/2009,84009,6908,18.00.00,8,No collision and no object struck,3,Tuesday,174,OUT OF CONTROL ON CARRIAGEWAY (ON STRAIGHT)         ,1,Day,1,1,1,0,0,0,1,Not at intersection,2,Hospitilisation,999,A,N ,Bicycle,N ,1,1,H,N,2,6,No control,9999,SWANSTON,STREET,FLINDERS,STREET,20,N,75132,N,MELBOURNE,MELBOURNE,-37.81728,144.96736,3000
73030,T20090002339,21/01/2009,84009,6908,10.35.00,1,Collision with vehicle,4,Wednesday,133,LANE SIDE SWIPE (VEHICLES IN PARALLEL LANES)        ,1,Day,3,3,0,1,0,2,1,T intersection,3,Other Injury,50,C,W ,Bicycle,W ,1,6,H,1,2,1,No control,9999,HEFFERNAN,LANE,LONSDALE,STREET,0,N,225360,I,MELBOURNE,MELBOURNE,-37.81107,144.96641,3000
73035,T20090002355,21/01/2009,84009,6908,11.51.00,1,Collision with vehicle,4,Wednesday,163,VEHICLE STRIKES DOOR OF PARKED/STATIONARY VEHICLE      ,1,Day,2,2,0,1,0,1,1,Not at intersection,3,Other Injury,40,A,S ,Bicycle,S ,1,1,H,F,0,6,No control,9999,BRUNSWICK,STREET,ROSE,STREET,39,S,221244,N,YARRA,YARRA,-37.7963,144.97881,3065
73045,T20090002369,21/01/2009,84009,6908,14.23.00,1,Collision with vehicle,4,Wednesday,163,VEHICLE STRIKES DOOR OF PARKED/STATIONARY VEHICLE      ,1,Day,2,3,0,1,0,2,1,Cross intersection,3,Other Injury,50,B,SE,Bicycle,SE,1,1,H,F,2,3,No control,9999,COLLINS,STREET,ELIZABETH,STREET,0,E,35360,I,MELBOURNE,MELBOURNE,-37.81622,144.96407,3000
83772,T20090024592,21/01/2009,84009,6908,08.45.00,8,No collision and no object struck,4,Wednesday,174,OUT OF CONTROL ON CARRIAGEWAY (ON STRAIGHT)         ,1,Day,2,2,0,1,0,1,2,Not at intersection,3,Other Injury,60,B,S ,Bicycle,S ,1,1,H,N,2,6,Unknown,5318,CLARENDON,STREET,NORMANBY,ROAD,74,N,1806,N,MELBOURNE,MELBOURNE,-37.8245,144.95665,3006
73111,T20090002465,22/01/2009,84009,6908,07.05.00,1,Collision with vehicle,5,Thursday,110,CROSS TRAFFIC(INTERSECTIONS ONLY)              ,2,Dusk/Dawn,2,2,1,0,0,1,1,Cross intersection,2,Hospitilisation,60,A,S ,Bicycle,S ,1,1,H,F,2,4,Giveway sign,9999,LENNOX,STREET,ROWENA,PARADE,0,S,37126,I,YARRA,YARRA,-37.82083,144.99414,3121
73147,T20090002555,22/01/2009,84009,6908,15.25.00,1,Collision with vehicle,5,Thursday,121,RIGHT THROUGH                        ,1,Day,2,2,0,1,0,1,1,Cross intersection,3,Other Injury,50,B,W ,Bicycle,N ,2,2,H,5,2,1,No control,9999,GEORGE,STREET,GERTRUDE,STREET,0,N,36546,I,YARRA,YARRA,-37.80611,144.98061,3065
73292,T20090002873,25/01/2009,84009,6908,12.00.00,1,Collision with vehicle,1,Sunday,121,RIGHT THROUGH                        ,1,Day,2,2,0,1,0,1,2,Cross intersection,3,Other Injury,40,B,N ,Bicycle,N ,1,1,H,F,2,4,Unknown,9999,BRUNSWICK,STREET,VICTORIA,STREET,0,N,36499,I,YARRA,YARRA,-37.79906,144.97834,3065
73822,T20090003876,30/01/2009,84009,6908,18.30.00,1,Collision with vehicle,6,Friday,163,VEHICLE STRIKES DOOR OF PARKED/STATIONARY VEHICLE      ,2,Dusk/Dawn,2,2,0,1,0,1,2,Not at intersection,3,Other Injury,999,A,N ,Bicycle,N ,1,1,H,F,2,9,No control,9999,ESPLANADE,PLACE,SPRING E,STREET,10,SW,285348,N,PORT PHILLIP,PORT PHILLIP,-37.83661,144.94602,3207
75745,T20090007363,30/01/2009,84009,6908,07.30.00,1,Collision with vehicle,6,Friday,163,VEHICLE STRIKES DOOR OF PARKED/STATIONARY VEHICLE      ,1,Day,2,2,0,1,0,1,2,Not at intersection,3,Other Injury,60,B,NW,Bicycle,NW,1,1,H,F,2,5,No control,5717,GRAHAM,STREET,BAY,STREET,52,NW,222566,N,PORT PHILLIP,PORT PHILLIP,-37.84,144.94031,3207
73786,T20090003815,2/02/2009,84009,6908,07.20.00,1,Collision with vehicle,2,Monday,133,LANE SIDE SWIPE (VEHICLES IN PARALLEL LANES)        ,1,Day,2,2,0,1,0,1,1,T intersection,3,Other Injury,60,B,NW,Bicycle,NW,1,1,H,1,2,1,No control,5882,ST KILDA,ROAD,BOWEN,LANE,20,NW,37584,N,MELBOURNE,"PORT PHILLIP,MELBOURNE",-37.83376,144.97347,3004
73969,T20090004130,4/02/2009,84009,6908,17.40.00,1,Collision with vehicle,4,Wednesday,137,LEFT TURN SIDESWIPE                     ,1,Day,2,2,1,0,0,1,1,Cross intersection,2,Hospitilisation,60,B,N ,Bicycle,N ,1,1,H,4,2,6,Stop-go lights,9999,ELIZABETH,STREET,FRANKLIN,STREET,0,N,36267,I,MELBOURNE,MELBOURNE,-37.80818,144.96038,3000
74337,T20090004838,4/02/2009,84009,6908,14.40.00,1,Collision with vehicle,4,Wednesday,163,VEHICLE STRIKES DOOR OF PARKED/STATIONARY VEHICLE      ,1,Day,2,3,0,1,0,2,2,Not at intersection,3,Other Injury,50,B,E ,Bicycle,E ,1,1,H,F,2,6,Stop-go lights,9999,COLLINS,STREET,ELIZABETH,STREET,20,W,125793,N,MELBOURNE,MELBOURNE,-37.81628,144.96385,3000
74395,T20090004924,5/02/2009,84009,6908,21.30.00,1,Collision with vehicle,5,Thursday,134,LANE CHANGE RIGHT (NOT OVERTAKING)             ,3,Dark Street lights on,2,2,0,1,0,1,2,Cross intersection,3,Other Injury,40,A,N ,Bicycle,E ,2,2,H,9,1,1,Stop-go lights,5736,NICHOLSON,STREET,JOHNSTON,STREET,0,S,36430,I,MELBOURNE,"YARRA,MELBOURNE",-37.79795,144.97488,3065
74197,T20090004546,7/02/2009,84009,6908,20.00.00,1,Collision with vehicle,7,Saturday,163,VEHICLE STRIKES DOOR OF PARKED/STATIONARY VEHICLE      ,1,Day,2,3,0,1,0,2,1,Not at intersection,3,Other Injury,60,B,N ,Bicycle,N ,1,1,H,F,2,1,No control,9999,ST KILDA,ROAD,ST KILDA,ROAD,6,S,221035,N,MELBOURNE,MELBOURNE,-37.82007,144.96864,3006
74740,T20090005529,9/02/2009,84009,6908,11.00.00,1,Collision with vehicle,2,Monday,163,VEHICLE STRIKES DOOR OF PARKED/STATIONARY VEHICLE      ,1,Day,2,2,0,1,0,1,2,Not at intersection,3,Other Injury,60,B,W ,Bicycle,W ,1,13,H,F,2,1,No control,9999,LA TROBE,STREET,HAYWARD,LANE,11,E,220879,N,MELBOURNE,MELBOURNE,-37.80872,144.96683,3000
74741,T20090005529,9/02/2009,84009,6908,11.00.00,1,Collision with vehicle,2,Monday,163,VEHICLE STRIKES DOOR OF PARKED/STATIONARY VEHICLE      ,1,Day,2,2,0,1,0,1,2,Not at intersection,3,Other Injury,60,B,W ,Bicycle,W ,1,13,H,F,2,1,No control,9999,LA TROBE,STREET,HAYWARD,LANE,11,E,220879,N,MELBOURNE,MELBOURNE,-37.80872,144.96683,3000
75927,T20090007710,9/02/2009,84009,6908,19.00.00,1,Collision with vehicle,2,Monday,163,VEHICLE STRIKES DOOR OF PARKED/STATIONARY VEHICLE      ,1,Day,2,2,0,1,0,1,2,Not at intersection,3,Other Injury,60,A,E ,Bicycle,E ,1,1,H,5,9,9,No control,9999,CATHEDRAL,PLACE,LANSDOWNE,STREET,100,W,221191,N,MELBOURNE,MELBOURNE,-37.81088,144.97701,3002
74429,T20090004955,11/02/2009,84009,6908,07.55.00,1,Collision with vehicle,4,Wednesday,110,CROSS TRAFFIC(INTERSECTIONS ONLY)              ,1,Day,2,2,1,0,0,1,1,Cross intersection,2,Hospitilisation,50,B,W ,Bicycle,W ,1,1,H,5,2,1,Roundabout,9999,CARDIGAN,STREET,FARADAY,STREET,0,S,36303,I,MELBOURNE,MELBOURNE,-37.79851,144.96582,3053
75435,T20090006772,11/02/2009,84009,6908,08.15.00,8,No collision and no object struck,4,Wednesday,174,OUT OF CONTROL ON CARRIAGEWAY (ON STRAIGHT)         ,1,Day,2,2,0,1,0,1,2,Cross intersection,3,Other Injury,60,B,S ,Bicycle,S ,1,1,H,N,2,1,No control,5082,VICTORIA,STREET,SWANSTON,STREET,0,W,36264,I,MELBOURNE,MELBOURNE,-37.80666,144.9629,3053
78925,T20090014047,11/02/2009,84009,6908,19.30.00,8,No collision and no object struck,4,Wednesday,174,OUT OF CONTROL ON CARRIAGEWAY (ON STRAIGHT)         ,1,Day,2,2,1,0,0,1,9,Cross intersection,2,Hospitilisation,999,B,NW,Bicycle,NW,1,1,H,9,2,6,Unknown,5068,MACAULAY,ROAD,GRACIE,STREET,0,SE,29371,I,MELBOURNE,MELBOURNE,-37.79638,144.93997,3051
74522,T20090005125,12/02/2009,84009,6908,15.05.00,1,Collision with vehicle,5,Thursday,135,LANE CHANGE LEFT (NOT OVERTAKING)              ,1,Day,2,2,0,1,0,1,1,T intersection,3,Other Injury,40,B,N ,Bicycle,N ,1,7,H,F,2,6,No control,9999,CONDELL,STREET,SMITH,STREET,0,W,36564,I,YARRA,YARRA,-37.80281,144.98361,3066
74666,T20090005377,12/02/2009,84009,6908,17.45.00,1,Collision with vehicle,5,Thursday,160,VEHICLE COLLIDES WITH VEHICLE PARKED ON LEFT OF ROAD    ,1,Day,2,2,1,0,0,1,2,Not at intersection,2,Hospitilisation,60,B,N ,Bicycle,N ,1,1,H,F,2,9,No control,5499,CHURCH,STREET,BRIDGE,ROAD,20,S,220805,N,YARRA,YARRA,-37.81876,144.99914,3121
74627,T20090005324,13/02/2009,84009,6908,03.05.00,7,Fall from or in moving vehicle,6,Friday,174,OUT OF CONTROL ON CARRIAGEWAY (ON STRAIGHT)         ,3,Dark Street lights on,1,1,0,1,0,0,1,Not at intersection,3,Other Injury,40,A,N ,Bicycle,N ,1,99,H,9,2,1,No control,5490,CHAPEL,STREET,ALMEIDA,CRESCENT,16,N,220798,N,STONNINGTON,STONNINGTON,-37.83836,144.99585,3141
74712,T20090005453,14/02/2009,84009,6908,21.10.00,1,Collision with vehicle,7,Saturday,130,REAR END(VEHICLES IN SAME LANE)               ,6,Dark Street lights unknown,2,2,0,1,0,1,2,Not at intersection,3,Other Injury,50,A,SE,Bicycle,SE,1,1,H,F,0,1,Unknown,5046,ELIZABETH,STREET,QUEENSBERRY,STREET,42,S,220859,N,MELBOURNE,MELBOURNE,-37.8044,144.95863,3000
76346,T20090008632,16/02/2009,84009,6908,15.30.00,1,Collision with vehicle,2,Monday,133,LANE SIDE SWIPE (VEHICLES IN PARALLEL LANES)        ,1,Day,2,2,0,1,0,1,2,Not at intersection,3,Other Injury,60,B,W ,Bicycle,W ,1,1,H,9,2,1,No control,5061,SPENCER,STREET,FLINDERS,LANE,23,N,226296,N,MELBOURNE,MELBOURNE,-37.81991,144.95453,3008
76347,T20090008632,16/02/2009,84009,6908,15.30.00,1,Collision with vehicle,2,Monday,133,LANE SIDE SWIPE (VEHICLES IN PARALLEL LANES)        ,1,Day,2,2,0,1,0,1,2,Not at intersection,3,Other Injury,60,B,W ,Bicycle,W ,1,1,H,9,2,1,No control,5061,SPENCER,STREET,FLINDERS,LANE,23,N,226296,N,MELBOURNE,MELBOURNE,-37.81991,144.95453,3008
74862,T20090005719,17/02/2009,84009,6908,08.00.00,1,Collision with vehicle,3,Tuesday,121,RIGHT THROUGH                        ,1,Day,2,2,0,1,0,1,1,Cross intersection,3,Other Injury,40,B,S ,Bicycle,S ,1,1,H,F,0,6,No control,9999,NICHOLSON,STREET,STAFFORD,STREET,0,S,58027,I,YARRA,YARRA,-37.80098,144.99749,3067
74921,T20090005827,17/02/2009,84009,6908,17.10.00,8,No collision and no object struck,3,Tuesday,174,OUT OF CONTROL ON CARRIAGEWAY (ON STRAIGHT)         ,1,Day,2,3,1,0,0,2,1,T intersection,2,Hospitilisation,60,B,N ,Bicycle,N ,1,1,H,9,2,1,No control,5499,CHURCH,STREET,HODGSON,TERRACE,0,N,37200,I,YARRA,YARRA,-37.8198,144.99896,3121
74989,T20090005953,18/02/2009,84009,6908,17.50.00,1,Collision with vehicle,4,Wednesday,163,VEHICLE STRIKES DOOR OF PARKED/STATIONARY VEHICLE      ,1,Day,2,2,0,1,0,1,1,Not at intersection,3,Other Injury,50,A,E ,Bicycle,E ,1,1,H,F,2,1,No control,9999,COLLINS,STREET,ELIZABETH,STREET,100,W,125800,N,MELBOURNE,MELBOURNE,-37.81652,144.963,3000
75068,T20090006084,19/02/2009,84009,6908,17.23.00,8,No collision and no object struck,5,Thursday,174,OUT OF CONTROL ON CARRIAGEWAY (ON STRAIGHT)         ,1,Day,2,3,1,0,0,2,1,Cross intersection,2,Hospitilisation,50,B,W ,Bicycle,W ,1,1,H,9,2,6,Stop-go lights,9999,LONSDALE,STREET,RUSSELL,STREET,0,E,236,I,MELBOURNE,MELBOURNE,-37.81084,144.9672,3000
75106,T20090006155,20/02/2009,84009,6908,11.18.00,1,Collision with vehicle,6,Friday,147,VEHICLE STRIKES ANOTHER VEH WHILE EMERGING FROM DRIVEWAY,1,Day,2,2,1,1,0,0,1,T intersection,2,Hospitilisation,70,A,E ,Bicycle,E ,4,1,H,1,2,5,No control,2080,HODDLE,STREET,GIPPS,STREET,12,N,58034,I,YARRA,YARRA,-37.80489,144.99215,3067
75222,T20090006362,20/02/2009,84009,6908,16.30.00,1,Collision with vehicle,6,Friday,147,VEHICLE STRIKES ANOTHER VEH WHILE EMERGING FROM DRIVEWAY,1,Day,2,2,0,1,0,1,2,Not at intersection,3,Other Injury,999,B,NW,Bicycle,NW,1,1,H,1,2,1,Unknown,9999,TRENERRY,CRESCENT,TURNER,STREET,51,NW,34546,N,YARRA,YARRA,-37.79915,144.99943,3067
75374,T20090006661,24/02/2009,84009,6908,08.25.00,1,Collision with vehicle,3,Tuesday,121,RIGHT THROUGH                        ,1,Day,2,2,0,1,0,1,2,T intersection,3,Other Injury,60,B,S ,Bicycle,S ,1,1,H,F,2,1,Unknown,9999,NORTHUMBERLAND,STREET,WELLINGTON,STREET,0,W,57452,I,YARRA,YARRA,-37.8073,144.98596,3066