,ACCIDENT_NO,ACCIDENTDATE,CYCLISTS,CYCLISTS_COUNT_LS,ACCIDENTTIME,ACCIDENT_TYPE,ACCIDENT_TYPE_DESC,DAY_OF_WEEK,DAY_WEEK_DESC,DCA_CODE,DCA Description,LIGHT_CONDITION,LIGHT_CONDITION_DEC,NO_OF_VEHICLES,NO_PERSONS,NO_PERSONS_INJ_2,NO_PERSONS_INJ_3,NO_PERSONS_KILLED,NO_PERSONS_NOT_INJ,POLICE_ATTEND,ROAD_GEOMETRY_DESC,SEVERITY,SEVERITY_DESC,SPEED_ZONE,VEHICLE_ID,INITIAL_DIRECTION,Vehicle Type Desc,FINAL_DIRECTION,DRIVER_INTENT,VEHICLE_MOVEMENT,TRAILER_TYPE,INITIAL_IMPACT,LAMPS,LEVEL_OF_DAMAGE,TRAFFIC_CONTROL_DESC,ROAD_ROUTE_1,ROAD_NAME,ROAD_TYPE,ROAD_NAME_INT,ROAD_TYPE_INT,DISTANCE_LOCATION,DIRECTION_LOCATION,NODE_ID,NODE_TYPE,LGA_NAME,Lga Name All,Lat,Long,Postcode No
75471,T20090006847,25/02/2009,84009,6908,17.00.00,1,Collision with vehicle,4,Wednesday,163,VEHICLE STRIKES DOOR OF PARKED/STATIONARY VEHICLE      ,1,Day,2,2,0,1,0,1,2,Not at intersection,3,Other Injury,40,B,N ,Bicycle,N ,1,1,H,9,2,6,No control,9999,OTTER,STREET,SMITH,STREET,0,W,36561,I,YARRA,YARRA,-37.8007,144.98397,3066
75676,T20090007232,26/02/2009,84009,6908,16.00.00,2,Struck Pedestrian,5,Thursday,109,ANY MANOEUVRE INVOLVING PED NOT INCLUDED IN DCAs 100-108.  ,1,Day,2,2,0,1,0,1,2,Not at intersection,3,Other Injury,50,B,NW,Bicycle,NW,1,1,H,4,2,1,No control,5044,FLEMINGTON,ROAD,BEDFORD,PLACE,24,NW,34110,N,MELBOURNE,MELBOURNE,-37.80078,144.95645,3051
75622,T20090007087,27/02/2009,84009,6908,09.10.00,1,Collision with vehicle,6,Friday,121,RIGHT THROUGH                        ,1,Day,2,2,1,0,0,1,1,Not at intersection,2,Hospitilisation,50,B,W ,Bicycle,W ,1,1,H,F,2,1,No control,9999,LONSDALE,STREET,EXHIBITION,STREET,24,E,220996,N,MELBOURNE,MELBOURNE,-37.81005,144.96992,3000
75623,T20090007088,27/02/2009,84009,6908,10.15.00,1,Collision with vehicle,6,Friday,148,VEHICLE OFF FOOTPATH STRIKES VEH ON CARRIAGEWAY,1,Day,2,2,1,0,0,1,1,Cross intersection,2,Hospitilisation,60,A,SW,Bicycle,SW,1,1,H,F,0,1,Stop-go lights,5040,DUDLEY,STREET,ADDERLEY,STREET,0,SW,36808,I,MELBOURNE,MELBOURNE,-37.81096,144.94782,3008
75634,T20090007121,27/02/2009,84009,6908,17.30.00,1,Collision with vehicle,6,Friday,163,VEHICLE STRIKES DOOR OF PARKED/STATIONARY VEHICLE      ,1,Day,3,3,1,0,0,2,1,Cross intersection,2,Hospitilisation,999,B,N ,Bicycle,N ,1,1,H,F,2,1,No control,9999,ELIZABETH,STREET,LITTLE LONSDALE,STREET,0,N,29422,I,MELBOURNE,MELBOURNE,-37.8113,144.96181,3000
75658,T20090007201,28/02/2009,84009,6908,11.00.00,1,Collision with vehicle,7,Saturday,137,LEFT TURN SIDESWIPE                     ,1,Day,2,2,1,0,0,1,1,T intersection,2,Hospitilisation,60,B,N ,Bicycle,N ,1,1,H,1,2,1,No control,5499,CHURCH,STREET,BERRY,STREET,0,N,37198,I,YARRA,YARRA,-37.81934,144.99904,3121
75665,T20090007207,28/02/2009,84009,6908,13.05.00,1,Collision with vehicle,7,Saturday,133,LANE SIDE SWIPE (VEHICLES IN PARALLEL LANES)        ,1,Day,2,2,1,0,0,1,1,Not at intersection,2,Hospitilisation,50,B,NW,Bicycle,NW,1,1,H,1,2,5,No control,5061,SPENCER,STREET,LITTLE BOURKE,STREET,30,S,221005,N,MELBOURNE,MELBOURNE,-37.81637,144.95291,3008
75666,T20090007207,28/02/2009,84009,6908,13.05.00,1,Collision with vehicle,7,Saturday,133,LANE SIDE SWIPE (VEHICLES IN PARALLEL LANES)        ,1,Day,2,2,1,0,0,1,1,Not at intersection,2,Hospitilisation,50,B,NW,Bicycle,NW,1,1,H,1,2,5,No control,5061,SPENCER,STREET,LITTLE BOURKE,STREET,30,S,221005,N,MELBOURNE,MELBOURNE,-37.81637,144.95291,3008
75759,T20090007390,2/03/2009,84009,6908,08.03.00,8,No collision and no object struck,2,Monday,174,OUT OF CONTROL ON CARRIAGEWAY (ON STRAIGHT)         ,1,Day,2,2,0,1,0,1,1,T intersection,3,Other Injury,60,B,E ,Bicycle,E ,1,1,H,N,2,6,No control,9999,PARK,STREET,PERRINS,STREET,0,W,58058,I,PORT PHILLIP,PORT PHILLIP,-37.83558,144.96036,3205
75907,T20090007676,3/03/2009,84009,6908,17.30.00,1,Collision with vehicle,3,Tuesday,163,VEHICLE STRIKES DOOR OF PARKED/STATIONARY VEHICLE      ,1,Day,2,2,1,0,0,1,2,Not at intersection,2,Hospitilisation,50,B,NE,Bicycle,NE,1,1,H,F,2,6,No control,9999,NICHOLSON,PLACE,KING,STREET,50,W,221039,N,MELBOURNE,MELBOURNE,-37.81313,144.95363,3000
76013,T20090007914,3/03/2009,84009,6908,10.45.00,1,Collision with vehicle,3,Tuesday,163,VEHICLE STRIKES DOOR OF PARKED/STATIONARY VEHICLE      ,1,Day,2,2,0,1,0,1,2,Not at intersection,3,Other Injury,60,B,W ,Bicycle,W ,1,1,H,F,2,9,Unknown,5853,JOHNSTON,STREET,HUNTER,STREET,20,E,221138,N,YARRA,YARRA,-37.8004,144.99867,3067
76137,T20090008187,3/03/2009,84009,6908,11.12.00,1,Collision with vehicle,3,Tuesday,148,VEHICLE OFF FOOTPATH STRIKES VEH ON CARRIAGEWAY,1,Day,2,2,0,1,0,1,2,Cross intersection,3,Other Injury,50,B,E ,Bicycle,E ,1,1,H,F,2,6,Stop-go lights,9999,SWANSTON,STREET,TIN,ALLEY,0,S,29389,I,MELBOURNE,MELBOURNE,-37.79684,144.96462,3053
78719,T20090013598,3/03/2009,84009,6908,11.45.00,1,Collision with vehicle,3,Tuesday,113,RIGHT NEAR (INTERSECTIONS ONLY)               ,1,Day,2,2,0,1,0,1,2,T intersection,3,Other Injury,50,B,E ,Bicycle,E ,1,1,H,5,2,1,Stop sign,9999,EASTERN,ROAD,PARK,STREET,0,N,31768,I,PORT PHILLIP,PORT PHILLIP,-37.83398,144.96585,3205
76089,T20090008083,4/03/2009,84009,6908,17.00.00,8,No collision and no object struck,4,Wednesday,174,OUT OF CONTROL ON CARRIAGEWAY (ON STRAIGHT)         ,1,Day,1,1,1,0,0,0,2,Not at intersection,2,Hospitilisation,40,A,S ,Bicycle,S ,1,18,H,5,2,1,No control,9999,BRUNSWICK,STREET,HANOVER,STREET,20,S,221226,N,YARRA,YARRA,-37.80324,144.97762,3065
82568,T20090021997,4/03/2009,84009,6908,14.20.00,1,Collision with vehicle,4,Wednesday,139,OTHER SAME DIRECTION-MANOUEVRES NOT INCLUDED IN DCAs 130-137,1,Day,2,2,0,1,0,1,2,Not at intersection,3,Other Injury,50,A,S ,Bicycle,S ,1,17,H,1,2,1,No control,9999,EXHIBITION,STREET,LA TROBE,STREET,31,S,223907,N,MELBOURNE,MELBOURNE,-37.80842,144.96886,3000
76049,T20090007996,5/03/2009,84009,6908,22.41.00,8,No collision and no object struck,5,Thursday,174,OUT OF CONTROL ON CARRIAGEWAY (ON STRAIGHT)         ,3,Dark Street lights on,1,1,1,0,0,0,1,Not at intersection,2,Hospitilisation,50,A,N ,Bicycle,N ,1,18,H,N,2,6,No control,9999,SWANSTON,STREET,COLLINS,STREET,43,N,203732,N,MELBOURNE,MELBOURNE,-37.81513,144.96637,3000
76113,T20090008131,6/03/2009,84009,6908,19.09.00,1,Collision with vehicle,6,Friday,116,LEFT NEAR (INTERSECTIONS ONLY)               ,1,Day,2,2,0,1,0,1,1,Cross intersection,3,Other Injury,60,B,S ,Bicycle,S ,1,1,H,F,2,4,Stop-go lights,5499,CHURCH,STREET,COTTER,STREET,0,N,29441,I,YARRA,YARRA,-37.83041,144.99708,3121
76217,T20090008382,6/03/2009,84009,6908,07.00.00,1,Collision with vehicle,6,Friday,121,RIGHT THROUGH                        ,3,Dark Street lights on,2,2,0,1,0,1,2,Cross intersection,3,Other Injury,60,A,W ,Bicycle,W ,1,1,H,1,1,5,Stop-go lights,5499,CHURCH,STREET,COTTER,STREET,0,N,29441,I,YARRA,YARRA,-37.83041,144.99708,3121
76316,T20090008589,10/03/2009,84009,6908,17.35.00,1,Collision with vehicle,3,Tuesday,163,VEHICLE STRIKES DOOR OF PARKED/STATIONARY VEHICLE      ,1,Day,2,3,0,1,0,2,1,Not at intersection,3,Other Injury,50,B,NW,Bicycle,NW,15,15,H,F,0,1,No control,9999,ST KILDA,ROAD,SWANSTON,STREET,15,S,221285,N,MELBOURNE,MELBOURNE,-37.81884,144.96808,3000
76331,T20090008619,11/03/2009,84009,6908,08.23.00,1,Collision with vehicle,4,Wednesday,137,LEFT TURN SIDESWIPE                     ,1,Day,2,2,0,1,0,1,1,T intersection,3,Other Injury,40,A,S ,Bicycle,S ,1,1,H,F,2,3,No control,9999,HARPER,STREET,NICHOLSON,STREET,0,W,178,I,YARRA,YARRA,-37.80381,144.99703,3067
76391,T20090008710,11/03/2009,84009,6908,11.30.00,2,Struck Pedestrian,4,Wednesday,100,PED NEAR SIDE. PED HIT BY VEHICLE FROM THE RIGHT.      ,1,Day,2,2,0,1,0,1,2,Not at intersection,3,Other Injury,60,A,NE,Bicycle,NE,1,1,H,5,2,1,Other,9999,COLLINS,STREET,ALFRED,PLACE,16,E,35105,N,MELBOURNE,MELBOURNE,-37.81436,144.97041,3000
76429,T20090008818,12/03/2009,84009,6908,08.30.00,1,Collision with vehicle,5,Thursday,137,LEFT TURN SIDESWIPE                     ,1,Day,2,2,0,1,0,1,2,Cross intersection,3,Other Injury,50,A,E ,Bicycle,E ,1,1,H,1,2,9,No control,9999,BOURKE,STREET,HARDWARE,LANE,0,E,215,I,MELBOURNE,MELBOURNE,-37.81467,144.96171,3000
77372,T20090010691,13/03/2009,84009,6908,20.00.00,8,No collision and no object struck,6,Friday,174,OUT OF CONTROL ON CARRIAGEWAY (ON STRAIGHT)         ,2,Dusk/Dawn,1,2,1,0,0,1,2,Cross intersection,2,Hospitilisation,60,A,N ,Bicycle,N ,1,1,H,F,9,9,No control,9999,ALBERT,STREET,LONSDALE,STREET,0,E,241,I,MELBOURNE,MELBOURNE,-37.80924,144.97297,3002
76666,T20090009324,15/03/2009,84009,6908,14.00.00,1,Collision with vehicle,1,Sunday,139,OTHER SAME DIRECTION-MANOUEVRES NOT INCLUDED IN DCAs 130-137,1,Day,3,3,0,1,0,2,2,Cross intersection,3,Other Injury,60,A,S ,Bicycle,S ,1,1,H,1,2,6,Stop-go lights,5082,VICTORIA,STREET,RATHDOWNE,STREET,0,W,29397,I,MELBOURNE,MELBOURNE,-37.80729,144.96885,3053
79309,T20090014829,16/03/2009,84009,6908,12.30.00,1,Collision with vehicle,2,Monday,163,VEHICLE STRIKES DOOR OF PARKED/STATIONARY VEHICLE      ,1,Day,2,1,0,1,0,0,2,Not at intersection,3,Other Injury,50,A,SE,Bicycle,SE,1,1,H,F,2,2,No control,9999,SWANSTON,STREET,LA TROBE,STREET,27,N,222750,N,MELBOURNE,MELBOURNE,-37.80936,144.96372,3000
76907,T20090009819,17/03/2009,84009,6908,18.35.00,1,Collision with vehicle,3,Tuesday,163,VEHICLE STRIKES DOOR OF PARKED/STATIONARY VEHICLE      ,1,Day,2,3,0,1,0,2,2,Not at intersection,3,Other Injury,50,A,E ,Bicycle,E ,7,7,H,1,2,6,Stop-go lights,9999,SWANSTON,STREET,COLLINS,STREET,25,S,34285,N,MELBOURNE,MELBOURNE,-37.81571,144.96664,3000
76864,T20090009747,18/03/2009,84009,6908,13.30.00,1,Collision with vehicle,4,Wednesday,133,LANE SIDE SWIPE (VEHICLES IN PARALLEL LANES)        ,1,Day,2,2,0,1,0,1,2,Not at intersection,3,Other Injury,60,B,NW,Bicycle,NW,1,1,H,1,2,1,No control,5882,ST KILDA,ROAD,BOWEN,CRESCENT,43,NW,34937,N,MELBOURNE,"MELBOURNE,PORT PHILLIP",-37.83425,144.97417,3004
76956,T20090009920,19/03/2009,84009,6908,12.45.00,1,Collision with vehicle,5,Thursday,134,LANE CHANGE RIGHT (NOT OVERTAKING)             ,1,Day,3,3,0,1,0,2,1,Not at intersection,3,Other Injury,40,B,N ,Bicycle,N ,1,1,H,F,2,1,No control,9999,SMITH,STREET,PERRY,STREET,48,N,122608,N,YARRA,YARRA,-37.79941,144.98419,3066
76965,T20090009931,19/03/2009,84009,6908,17.10.00,1,Collision with vehicle,5,Thursday,143,ENTERING PARKING                      ,1,Day,2,2,0,1,0,1,2,Cross intersection,3,Other Injury,50,B,N ,Bicycle,N ,1,1,H,F,2,2,No control,9999,BOWEN,STREET,LENNOX,STREET,0,W,34398,I,YARRA,YARRA,-37.81618,144.99495,3121
76997,T20090009987,20/03/2009,84009,6908,09.37.00,1,Collision with vehicle,6,Friday,110,CROSS TRAFFIC(INTERSECTIONS ONLY)              ,1,Day,2,2,1,0,0,1,1,Cross intersection,2,Hospitilisation,50,B,N ,Bicycle,N ,1,1,H,8,2,2,Roundabout,9999,GREY,STREET,POWLETT,STREET,0,W,29433,I,MELBOURNE,MELBOURNE,-37.81188,144.98597,3002
77982,T20090011882,20/03/2009,84009,6908,13.30.00,1,Collision with vehicle,6,Friday,163,VEHICLE STRIKES DOOR OF PARKED/STATIONARY VEHICLE      ,1,Day,2,2,0,1,0,1,2,Not at intersection,3,Other Injury,50,B,S ,Bicycle,S ,1,1,H,F,0,1,No control,9999,ELIZABETH,STREET,LITTLE LONSDALE,STREET,45,S,34500,N,MELBOURNE,MELBOURNE,-37.81168,144.96198,3000
85414,T20090028305,20/03/2009,84009,6908,17.30.00,1,Collision with vehicle,6,Friday,110,CROSS TRAFFIC(INTERSECTIONS ONLY)              ,3,Dark Street lights on,2,2,0,1,0,1,2,Cross intersection,3,Other Injury,50,B,E ,Bicycle,E ,1,1,H,F,2,5,No control,9999,ISLINGTON,STREET,LANGRIDGE,STREET,0,N,36658,I,YARRA,YARRA,-37.80707,144.99087,3066
77101,T20090010200,21/03/2009,84009,6908,17.40.00,1,Collision with vehicle,7,Saturday,121,RIGHT THROUGH                        ,1,Day,2,2,0,1,0,1,1,Cross intersection,3,Other Injury,40,B,E ,Bicycle,E ,1,1,H,4,0,1,Stop-go lights,5853,JOHNSTON,STREET,SMITH,STREET,0,W,36557,I,YARRA,YARRA,-37.79896,144.98427,3066
77136,T20090010278,21/03/2009,84009,6908,18.15.00,1,Collision with vehicle,7,Saturday,163,VEHICLE STRIKES DOOR OF PARKED/STATIONARY VEHICLE      ,1,Day,3,5,1,1,0,3,2,Not at intersection,2,Hospitilisation,60,A,S ,Bicycle,S ,1,1,H,F,2,1,No control,5882,ST KILDA,ROAD,DORCAS,STREET,63,N,221362,N,MELBOURNE,MELBOURNE,-37.82933,144.97131,3006
77137,T20090010278,21/03/2009,84009,6908,18.15.00,1,Collision with vehicle,7,Saturday,163,VEHICLE STRIKES DOOR OF PARKED/STATIONARY VEHICLE      ,1,Day,3,5,1,1,0,3,2,Not at intersection,2,Hospitilisation,60,B,S ,Bicycle,S ,1,1,H,F,2,1,No control,5882,ST KILDA,ROAD,DORCAS,STREET,63,N,221362,N,MELBOURNE,MELBOURNE,-37.82933,144.97131,3006
77183,T20090010357,23/03/2009,84009,6908,08.20.00,1,Collision with vehicle,2,Monday,121,RIGHT THROUGH                        ,1,Day,2,2,1,0,0,1,1,Cross intersection,2,Hospitilisation,60,B,N ,Bicycle,N ,1,1,H,F,2,1,Stop-go lights,5499,CHURCH,STREET,COTTER,STREET,0,N,29441,I,YARRA,YARRA,-37.83041,144.99708,3121
78765,T20090013697,23/03/2009,84009,6908,08.45.00,1,Collision with vehicle,2,Monday,137,LEFT TURN SIDESWIPE                     ,1,Day,2,2,0,1,0,1,2,T intersection,3,Other Injury,40,B,W ,Bicycle,W ,1,1,H,F,2,1,Unknown,5285,BRIDGE,ROAD,ROTHERWOOD,STREET,0,W,37089,I,YARRA,YARRA,-37.81781,144.99231,3121
77299,T20090010555,24/03/2009,84009,6908,12.30.00,1,Collision with vehicle,3,Tuesday,116,LEFT NEAR (INTERSECTIONS ONLY)               ,1,Day,2,2,1,0,0,1,2,T intersection,2,Hospitilisation,50,B,S ,Bicycle,S ,1,1,H,F,1,3,Ped. lights,9999,MACARTHUR,STREET,ST ANDREWS,PLACE,0,SW,36997,I,MELBOURNE,MELBOURNE,-37.81179,144.97483,3002
77414,T20090010767,25/03/2009,84009,6908,14.36.00,1,Collision with vehicle,4,Wednesday,163,VEHICLE STRIKES DOOR OF PARKED/STATIONARY VEHICLE      ,1,Day,2,2,1,0,0,1,2,Not at intersection,2,Hospitilisation,999,B,N ,Bicycle,N ,1,1,H,F,2,1,No control,9999,SWANSTON,STREET,LITTLE LONSDALE,STREET,50,N,34334,N,MELBOURNE,MELBOURNE,-37.81015,144.96409,3000
77431,T20090010815,25/03/2009,84009,6908,17.30.00,1,Collision with vehicle,4,Wednesday,133,LANE SIDE SWIPE (VEHICLES IN PARALLEL LANES)        ,1,Day,2,2,0,1,0,1,2,Not at intersection,3,Other Injury,50,A,N ,Bicycle,N ,1,1,H,N,2,6,No control,9999,LYGON,STREET,BEARD,PLACE,11,S,120932,N,MELBOURNE,MELBOURNE,-37.80047,144.96697,3053
77460,T20090010882,26/03/2009,84009,6908,13.05.00,1,Collision with vehicle,5,Thursday,148,VEHICLE OFF FOOTPATH STRIKES VEH ON CARRIAGEWAY,1,Day,2,3,0,1,0,2,1,T intersection,3,Other Injury,60,B,W ,Bicycle,W ,1,1,H,5,2,4,No control,9999,HEFFERNAN,LANE,LONSDALE,STREET,0,N,225360,I,MELBOURNE,MELBOURNE,-37.81107,144.96641,3000
77561,T20090011066,27/03/2009,84009,6908,18.45.00,1,Collision with vehicle,6,Friday,148,VEHICLE OFF FOOTPATH STRIKES VEH ON CARRIAGEWAY,1,Day,2,2,1,0,0,1,1,T intersection,2,Hospitilisation,50,B,E ,Bicycle,E ,1,1,H,F,2,1,No control,9999,BENT,STREET,MACAULAY,ROAD,0,N,29368,I,MELBOURNE,MELBOURNE,-37.79502,144.93523,3031
77586,T20090011130,27/03/2009,84009,6908,09.00.00,1,Collision with vehicle,6,Friday,147,VEHICLE STRIKES ANOTHER VEH WHILE EMERGING FROM DRIVEWAY,1,Day,2,2,0,1,0,1,2,Not at intersection,3,Other Injury,999,B,S ,Bicycle,S ,1,1,H,5,2,6,No control,2080,HODDLE,STREET,WELLINGTON,PARADE,21,S,34301,N,MELBOURNE,"MELBOURNE,YARRA",-37.81706,144.99006,3121
77748,T20090011452,30/03/2009,84009,6908,17.30.00,1,Collision with vehicle,2,Monday,121,RIGHT THROUGH                        ,1,Day,2,3,0,1,0,2,1,Cross intersection,3,Other Injury,60,B,N ,Bicycle,N ,1,1,H,1,2,5,No control,9999,HOTHAM,STREET,WELLINGTON,STREET,0,W,29406,I,YARRA,YARRA,-37.79651,144.98781,3066
77763,T20090011468,30/03/2009,84009,6908,17.10.00,1,Collision with vehicle,2,Monday,121,RIGHT THROUGH                        ,1,Day,2,3,1,0,0,2,1,Cross intersection,2,Hospitilisation,60,B,E ,Bicycle,E ,1,1,H,F,2,1,Stop-go lights,9999,ELGIN,STREET,LYGON,STREET,0,W,109,I,MELBOURNE,MELBOURNE,-37.79716,144.96756,3053
77883,T20090011715,30/03/2009,84009,6908,08.50.00,7,Fall from or in moving vehicle,2,Monday,174,OUT OF CONTROL ON CARRIAGEWAY (ON STRAIGHT)         ,1,Day,2,2,0,1,0,1,2,Cross intersection,3,Other Injury,60,A,S ,Bicycle,S ,1,1,H,9,0,2,Stop-go lights,5499,CHURCH,STREET,HIGHETT,STREET,0,N,37192,I,YARRA,YARRA,-37.8159,144.99966,3121
77983,T20090011885,30/03/2009,84009,6908,13.40.00,1,Collision with vehicle,2,Monday,143,ENTERING PARKING                      ,1,Day,2,3,1,0,0,2,1,Not at intersection,2,Hospitilisation,40,A,E ,Bicycle,E ,1,1,H,1,2,1,No control,5898,TOORAK,ROAD,AVOCA,STREET,12,W,34501,N,STONNINGTON,STONNINGTON,-37.83864,144.98893,3141
77806,T20090011552,31/03/2009,84009,6908,11.30.00,1,Collision with vehicle,3,Tuesday,137,LEFT TURN SIDESWIPE                     ,1,Day,2,2,0,1,0,1,2,Cross intersection,3,Other Injury,999,B,S ,Bicycle,S ,1,1,H,F,2,3,Stop-go lights,5287,SWAN,STREET,CHURCH,STREET,0,W,35383,I,YARRA,YARRA,-37.82569,144.99793,3121
77896,T20090011731,31/03/2009,84009,6908,17.10.00,1,Collision with vehicle,3,Tuesday,137,LEFT TURN SIDESWIPE                     ,1,Day,2,2,1,0,0,1,2,T intersection,2,Hospitilisation,60,B,W ,Bicycle,W ,1,1,H,1,2,1,Unknown,9999,ATKIN,STREET,QUEENSBERRY,STREET,0,S,222575,I,MELBOURNE,MELBOURNE,-37.80296,144.94886,3051
77888,T20090011719,1/04/2009,84009,6908,15.10.00,1,Collision with vehicle,4,Wednesday,142,LEAVING PARKING                       ,1,Day,2,2,0,1,0,1,1,T intersection,3,Other Injury,40,B,W ,Bicycle,W ,1,1,H,F,2,3,No control,5287,SWAN,STREET,WAVERLEY,STREET,0,W,29440,I,YARRA,YARRA,-37.82549,144.99617,3121
77898,T20090011733,1/04/2009,84009,6908,18.30.00,1,Collision with vehicle,4,Wednesday,163,VEHICLE STRIKES DOOR OF PARKED/STATIONARY VEHICLE      ,1,Day,2,3,1,0,0,2,1,T intersection,2,Hospitilisation,40,B,W ,Bicycle,W ,1,1,H,F,2,6,Stop-go lights,5898,TOORAK,ROAD,RIVER,STREET,0,W,29474,I,STONNINGTON,STONNINGTON,-37.83968,144.99715,3141
77947,T20090011828,2/04/2009,84009,6908,07.40.00,1,Collision with vehicle,5,Thursday,140,U TURN                           ,1,Day,2,2,0,1,0,1,2,Not at intersection,3,Other Injury,50,A,S ,Bicycle,S ,1,1,H,F,2,1,No control,9999,SWANSTON,STREET,FLINDERS,STREET,25,N,34692,N,MELBOURNE,MELBOURNE,-37.81724,144.96734,3000
78002,T20090011917,2/04/2009,84009,6908,17.42.00,1,Collision with vehicle,5,Thursday,121,RIGHT THROUGH                        ,1,Day,2,2,1,0,0,1,1,T intersection,2,Hospitilisation,40,B,E ,Bicycle,E ,1,1,H,F,2,3,No control,5285,BRIDGE,ROAD,BOSISTO,STREET,0,W,29438,I,YARRA,YARRA,-37.81833,144.9969,3121
78127,T20090012219,4/04/2009,84009,6908,12.20.00,1,Collision with vehicle,7,Saturday,134,LANE CHANGE RIGHT (NOT OVERTAKING)             ,1,Day,2,2,1,0,0,1,1,Not at intersection,2,Hospitilisation,50,A,S ,Bicycle,S ,6,6,H,F,0,3,No control,5061,SPENCER,STREET,LONSDALE,STREET,20,N,34666,N,MELBOURNE,MELBOURNE,-37.81497,144.95226,3008
78128,T20090012219,4/04/2009,84009,6908,12.20.00,1,Collision with vehicle,7,Saturday,134,LANE CHANGE RIGHT (NOT OVERTAKING)             ,1,Day,2,2,1,0,0,1,1,Not at intersection,2,Hospitilisation,50,A,S ,Bicycle,S ,6,6,H,F,0,3,No control,5061,SPENCER,STREET,LONSDALE,STREET,20,N,34666,N,MELBOURNE,MELBOURNE,-37.81497,144.95226,3008
81209,T20090019048,6/04/2009,84009,6908,13.00.00,1,Collision with vehicle,2,Monday,163,VEHICLE STRIKES DOOR OF PARKED/STATIONARY VEHICLE      ,1,Day,2,2,0,1,0,1,2,Cross intersection,3,Other Injury,50,A,E ,Bicycle,E ,1,1,H,5,2,1,No control,9999,ELGIN,STREET,LYGON,STREET,0,W,109,I,MELBOURNE,MELBOURNE,-37.79716,144.96756,3053
79183,T20090014565,7/04/2009,84009,6908,11.10.00,2,Struck Pedestrian,3,Tuesday,108,PED STRUCK WALKING TO/FROM OR BOARDING/ALIGHTING VEHICLE.  ,1,Day,1,2,0,2,0,0,2,Cross intersection,3,Other Injury,999,A,N ,Bicycle,N ,1,1,H,F,2,9,Other,9999,COLLINS,STREET,SWANSTON,STREET,0,E,29427,I,MELBOURNE,MELBOURNE,-37.81549,144.96654,3000
79599,T20090015489,8/04/2009,84009,6908,08.50.00,1,Collision with vehicle,4,Wednesday,119,OTHER ADJACENT (INTERSECTIONS ONLY)             ,1,Day,2,2,0,1,0,1,2,T intersection,3,Other Injury,50,A,S ,Bicycle,S ,1,1,H,F,2,2,No control,9999,GRATTAN,STREET,RATHDOWNE,STREET,0,E,29862,I,MELBOURNE,MELBOURNE,-37.80106,144.96989,3053
78531,T20090013174,10/04/2009,84009,6908,16.05.00,1,Collision with vehicle,6,Friday,163,VEHICLE STRIKES DOOR OF PARKED/STATIONARY VEHICLE      ,1,Day,2,4,0,1,0,3,1,Not at intersection,3,Other Injury,60,B,E ,Bicycle,E ,1,1,H,F,2,1,Unknown,9999,FLINDERS,STREET,DEGRAVES,STREET,62,E,34629,N,MELBOURNE,MELBOURNE,-37.81767,144.9667,3000
78532,T20090013174,10/04/2009,84009,6908,16.05.00,1,Collision with vehicle,6,Friday,163,VEHICLE STRIKES DOOR OF PARKED/STATIONARY VEHICLE      ,1,Day,2,4,0,1,0,3,1,Not at intersection,3,Other Injury,60,B,E ,Bicycle,E ,1,1,H,F,2,1,Unknown,9999,FLINDERS,STREET,DEGRAVES,STREET,62,E,34629,N,MELBOURNE,MELBOURNE,-37.81767,144.9667,3000
78611,T20090013363,12/04/2009,84009,6908,09.30.00,1,Collision with vehicle,1,Sunday,137,LEFT TURN SIDESWIPE                     ,1,Day,2,2,0,1,0,1,2,Cross intersection,3,Other Injury,999,B,S ,Bicycle,S ,1,1,H,F,2,1,Stop-go lights,9999,LANGRIDGE,STREET,WELLINGTON,STREET,0,W,29405,I,YARRA,YARRA,-37.80659,144.98608,3066
78759,T20090013686,14/04/2009,84009,6908,19.40.00,1,Collision with vehicle,3,Tuesday,160,VEHICLE COLLIDES WITH VEHICLE PARKED ON LEFT OF ROAD    ,3,Dark Street lights on,2,2,1,0,0,1,1,Not at intersection,2,Hospitilisation,60,B,N ,Bicycle,N ,1,1,H,F,1,1,No control,5736,NICHOLSON,STREET,HENRY,STREET,10,S,34824,N,MELBOURNE,"MELBOURNE,YARRA",-37.79697,144.97505,3065
78933,T20090014059,17/04/2009,84009,6908,08.03.00,1,Collision with vehicle,6,Friday,148,VEHICLE OFF FOOTPATH STRIKES VEH ON CARRIAGEWAY,1,Day,2,3,1,0,0,2,1,Not at intersection,2,Hospitilisation,50,B,E ,Bicycle,E ,1,1,H,1,2,2,Ped. lights,9999,SWANSTON,STREET,GRATTAN,STREET,100,N,34832,N,MELBOURNE,MELBOURNE,-37.79953,144.96414,3053
79237,T20090014677,22/04/2009,84009,6908,10.30.00,1,Collision with vehicle,4,Wednesday,133,LANE SIDE SWIPE (VEHICLES IN PARALLEL LANES)        ,1,Day,2,2,0,1,0,1,2,Not at intersection,3,Other Injury,60,B,W ,Bicycle,W ,1,1,H,4,2,9,No control,5287,OLYMPIC,BOULEVARD,PUNT,ROAD,32,W,35023,N,MELBOURNE,MELBOURNE,-37.82458,144.98849,3004