,ACCIDENT_NO,ACCIDENTDATE,CYCLISTS,CYCLISTS_COUNT_LS,ACCIDENTTIME,ACCIDENT_TYPE,ACCIDENT_TYPE_DESC,DAY_OF_WEEK,DAY_WEEK_DESC,DCA_CODE,DCA Description,LIGHT_CONDITION,LIGHT_CONDITION_DEC,NO_OF_VEHICLES,NO_PERSONS,NO_PERSONS_INJ_2,NO_PERSONS_INJ_3,NO_PERSONS_KILLED,NO_PERSONS_NOT_INJ,POLICE_ATTEND,ROAD_GEOMETRY_DESC,SEVERITY,SEVERITY_DESC,SPEED_ZONE,VEHICLE_ID,INITIAL_DIRECTION,Vehicle Type Desc,FINAL_DIRECTION,DRIVER_INTENT,VEHICLE_MOVEMENT,TRAILER_TYPE,INITIAL_IMPACT,LAMPS,LEVEL_OF_DAMAGE,TRAFFIC_CONTROL_DESC,ROAD_ROUTE_1,ROAD_NAME,ROAD_TYPE,ROAD_NAME_INT,ROAD_TYPE_INT,DISTANCE_LOCATION,DIRECTION_LOCATION,NODE_ID,NODE_TYPE,LGA_NAME,Lga Name All,Lat,Long,Postcode No
79242,T20090014684,22/04/2009,84009,6908,08.04.00,1,Collision with vehicle,4,Wednesday,121,RIGHT THROUGH                        ,1,Day,2,2,1,0,0,1,1,Not at intersection,2,Hospitilisation,50,B,W ,Bicycle,W ,1,1,H,F,2,5,No control,9999,LONSDALE,STREET,EXHIBITION,STREET,100,E,35026,N,MELBOURNE,MELBOURNE,-37.80982,144.97072,3000
79272,T20090014744,22/04/2009,84009,6908,17.00.00,1,Collision with vehicle,4,Wednesday,130,REAR END(VEHICLES IN SAME LANE)               ,1,Day,2,2,1,0,0,1,1,Not at intersection,2,Hospitilisation,50,B,N ,Bicycle,N ,1,1,H,F,2,6,No control,5061,SPENCER,STREET,BOURKE,STREET,20,N,35028,N,MELBOURNE,MELBOURNE,-37.81692,144.95316,3008
79273,T20090014744,22/04/2009,84009,6908,17.00.00,1,Collision with vehicle,4,Wednesday,130,REAR END(VEHICLES IN SAME LANE)               ,1,Day,2,2,1,0,0,1,1,Not at intersection,2,Hospitilisation,50,B,N ,Bicycle,N ,1,1,H,F,2,6,No control,5061,SPENCER,STREET,BOURKE,STREET,20,N,35028,N,MELBOURNE,MELBOURNE,-37.81692,144.95316,3008
80586,T20090017696,23/04/2009,84009,6908,18.30.00,8,No collision and no object struck,5,Thursday,174,OUT OF CONTROL ON CARRIAGEWAY (ON STRAIGHT)         ,3,Dark Street lights on,2,2,0,1,0,1,2,Cross intersection,3,Other Injury,60,B,N ,Bicycle,N ,1,1,H,2,2,6,No control,9999,GORE,STREET,ST DAVID,STREET,0,N,222796,I,YARRA,YARRA,-37.8011,144.98269,3065
79365,T20090014951,24/04/2009,84009,6908,00.41.00,1,Collision with vehicle,6,Friday,119,OTHER ADJACENT (INTERSECTIONS ONLY)             ,3,Dark Street lights on,3,7,0,1,0,6,1,Cross intersection,3,Other Injury,50,B,W ,Bicycle,W ,1,1,H,F,1,5,Stop-go lights,9999,LONSDALE,STREET,SWANSTON,STREET,0,E,35363,I,MELBOURNE,MELBOURNE,-37.81156,144.96473,3000
85256,T20090028010,24/04/2009,84009,6908,11.20.00,1,Collision with vehicle,5,Friday,133,LANE SIDE SWIPE (VEHICLES IN PARALLEL LANES)        ,1,Day,2,2,0,1,0,1,2,Not at intersection,3,Other Injury,50,A,N ,Bicycle,N ,1,1,H,4,0,1,No control,5041,KING,STREET,KINGS,WAY,2,N,285547,N,MELBOURNE,MELBOURNE,-37.82035,144.95755,3000
79615,T20090015517,27/04/2009,84009,6908,10.45.00,8,No collision and no object struck,1,Monday,174,OUT OF CONTROL ON CARRIAGEWAY (ON STRAIGHT)         ,1,Day,2,2,0,1,0,1,1,Not at intersection,3,Other Injury,50,A,E ,Bicycle,E ,1,1,H,N,0,6,Stop-go lights,9999,QUEENS BRIDGE,STREET,SOUTHBANK,PROMENADE BIKE,16,S,34989,N,MELBOURNE,MELBOURNE,-37.82112,144.9614,3006
79832,T20090016025,29/04/2009,84009,6908,08.10.00,1,Collision with vehicle,4,Wednesday,163,VEHICLE STRIKES DOOR OF PARKED/STATIONARY VEHICLE      ,1,Day,2,2,0,1,0,1,2,T intersection,3,Other Injury,50,A,W ,Bicycle,W ,1,1,H,F,2,1,No control,9999,SWANSTON,STREET,FARADAY,STREET,0,S,29390,I,MELBOURNE,MELBOURNE,-37.79835,144.96435,3053
79890,T20090016153,1/05/2009,84009,6908,09.50.00,1,Collision with vehicle,6,Friday,137,LEFT TURN SIDESWIPE                     ,1,Day,2,2,1,0,0,1,1,T intersection,2,Hospitilisation,60,B,N ,Bicycle,N ,1,1,H,F,2,1,No control,9999,CARLTON,PLACE,SWANSTON,STREET,0,W,223666,I,MELBOURNE,MELBOURNE,-37.80425,144.96332,3053
79896,T20090016168,1/05/2009,84009,6908,09.10.00,1,Collision with vehicle,6,Friday,148,VEHICLE OFF FOOTPATH STRIKES VEH ON CARRIAGEWAY,1,Day,2,2,1,0,0,1,1,Cross intersection,2,Hospitilisation,60,B,S ,Bicycle,S ,1,1,H,8,2,4,Stop-go lights,2120,FOOTSCRAY ROAD -WURUNDJERI,WAY,DOCKLANDS,DRIVE,0,E,36794,I,MELBOURNE,MELBOURNE,-37.81284,144.94288,3008
79982,T20090016367,2/05/2009,84009,6908,14.05.00,1,Collision with vehicle,7,Saturday,163,VEHICLE STRIKES DOOR OF PARKED/STATIONARY VEHICLE      ,1,Day,2,2,0,1,0,1,1,Not at intersection,3,Other Injury,40,A,N ,Bicycle,N ,1,1,H,5,2,1,No control,9999,LYGON,STREET,FARADAY,STREET,20,S,121395,N,MELBOURNE,MELBOURNE,-37.79885,144.96726,3053
80750,T20090017981,2/05/2009,84009,6908,13.30.00,1,Collision with vehicle,7,Saturday,139,OTHER SAME DIRECTION-MANOUEVRES NOT INCLUDED IN DCAs 130-137,1,Day,2,2,1,0,0,1,2,Not at intersection,2,Hospitilisation,50,A,S ,Bicycle,W ,2,2,H,1,2,2,No control,9999,ST KILDA,ROAD,ST KILDA,ROAD,22,N,130669,N,MELBOURNE,MELBOURNE,-37.82313,144.97004,3006
80171,T20090016762,5/05/2009,84009,6908,08.40.00,1,Collision with vehicle,3,Tuesday,143,ENTERING PARKING                      ,1,Day,2,3,0,1,0,2,1,Not at intersection,3,Other Injury,50,A,S ,Bicycle,S ,1,1,H,N,2,6,No control,9999,GISBORNE,STREET,ALBERT,STREET,30,S,222645,N,MELBOURNE,MELBOURNE,-37.80981,144.97561,3002
83290,T20090023596,5/05/2009,84009,6908,21.30.00,1,Collision with vehicle,3,Tuesday,132,RIGHT REAR.                         ,3,Dark Street lights on,2,2,0,1,0,1,2,Cross intersection,3,Other Injury,50,B,N ,Bicycle,E ,2,15,H,8,2,1,No control,9999,FLINDERS,STREET,SWANSTON,STREET,0,W,238,I,MELBOURNE,MELBOURNE,-37.81745,144.96744,3000
83291,T20090023596,5/05/2009,84009,6908,21.30.00,1,Collision with vehicle,3,Tuesday,132,RIGHT REAR.                         ,3,Dark Street lights on,2,2,0,1,0,1,2,Cross intersection,3,Other Injury,50,B,N ,Bicycle,E ,2,15,H,8,2,1,No control,9999,FLINDERS,STREET,SWANSTON,STREET,0,W,238,I,MELBOURNE,MELBOURNE,-37.81745,144.96744,3000
80563,T20090017644,7/05/2009,84009,6908,18.00.00,1,Collision with vehicle,5,Thursday,163,VEHICLE STRIKES DOOR OF PARKED/STATIONARY VEHICLE      ,3,Dark Street lights on,2,2,0,1,0,1,2,Cross intersection,3,Other Injury,60,A,N ,Bicycle,N ,1,1,H,F,1,3,Stop-go lights,5490,CHAPEL,STREET,TOORAK,ROAD,0,N,37719,I,STONNINGTON,STONNINGTON,-37.8395,144.99562,3141
80642,T20090017788,7/05/2009,84009,6908,18.09.00,1,Collision with vehicle,5,Thursday,121,RIGHT THROUGH                        ,1,Day,2,2,1,0,0,1,1,Cross intersection,2,Hospitilisation,60,B,E ,Bicycle,E ,1,1,H,F,2,3,Stop-go lights,5046,ELIZABETH,STREET,QUEENSBERRY,STREET,0,S,83,I,MELBOURNE,MELBOURNE,-37.80404,144.95847,3000
85606,T20090028743,7/05/2009,84009,6908,08.15.00,1,Collision with vehicle,5,Thursday,163,VEHICLE STRIKES DOOR OF PARKED/STATIONARY VEHICLE      ,1,Day,2,2,0,2,0,0,2,Not at intersection,3,Other Injury,60,B,N ,Bicycle,N ,1,1,H,F,2,6,No control,9999,WELLINGTON,STREET,PEEL,STREET,38,N,224834,N,YARRA,YARRA,-37.80494,144.98636,3066
81205,T20090019042,9/05/2009,84009,6908,00.15.00,1,Collision with vehicle,7,Saturday,113,RIGHT NEAR (INTERSECTIONS ONLY)               ,6,Dark Street lights unknown,2,3,0,1,0,2,2,Cross intersection,3,Other Injury,50,A,W ,Bicycle,W ,1,1,H,5,2,1,No control,9999,BERKELEY,STREET,QUEENSBERRY,STREET,0,N,31046,I,MELBOURNE,MELBOURNE,-37.80414,144.95949,3053
80798,T20090018075,10/05/2009,84009,6908,07.00.00,8,No collision and no object struck,1,Sunday,174,OUT OF CONTROL ON CARRIAGEWAY (ON STRAIGHT)         ,2,Dusk/Dawn,1,1,0,1,0,0,2,Not at intersection,3,Other Injury,40,A,S ,Bicycle,S ,6,6,H,F,2,6,No control,9999,SWANSTON,STREET,COLLINS,STREET,40,S,74874,N,MELBOURNE,MELBOURNE,-37.81583,144.96669,3000
80580,T20090017693,11/05/2009,84009,6908,16.35.00,1,Collision with vehicle,2,Monday,163,VEHICLE STRIKES DOOR OF PARKED/STATIONARY VEHICLE      ,1,Day,2,3,0,1,0,2,1,Not at intersection,3,Other Injury,40,A,N ,Bicycle,N ,1,1,H,F,2,6,No control,9999,ST KILDA,ROAD,SWANSTON,STREET,56,S,222774,N,MELBOURNE,MELBOURNE,-37.81919,144.96824,3000
80588,T20090017697,11/05/2009,84009,6908,17.05.00,1,Collision with vehicle,2,Monday,121,RIGHT THROUGH                        ,3,Dark Street lights on,2,2,0,1,0,1,1,T intersection,3,Other Injury,60,B,SE,Bicycle,W ,2,2,H,5,2,1,No control,9999,BOWEN,CRESCENT,ST KILDA,ROAD,15,SW,222798,I,PORT PHILLIP,PORT PHILLIP,-37.83466,144.97432,3004
86362,T20090030389,12/05/2009,84009,6908,19.00.00,8,No collision and no object struck,3,Tuesday,174,OUT OF CONTROL ON CARRIAGEWAY (ON STRAIGHT)         ,3,Dark Street lights on,2,2,0,1,0,1,2,Not at intersection,3,Other Injury,40,A,N ,Bicycle,N ,1,1,H,N,2,1,No control,9999,BRUNSWICK,STREET,VICTORIA,PARADE,20,N,224728,N,YARRA,YARRA,-37.80794,144.97685,3065
80876,T20090018240,15/05/2009,84009,6908,18.30.00,1,Collision with vehicle,6,Friday,143,ENTERING PARKING                      ,3,Dark Street lights on,2,2,0,1,0,1,1,Not at intersection,3,Other Injury,50,B,E ,Bicycle,E ,1,1,H,F,1,6,No control,9999,COLLINS,STREET,ELIZABETH,STREET,21,E,223805,N,MELBOURNE,MELBOURNE,-37.81615,144.96429,3000
80990,T20090018588,18/05/2009,84009,6908,08.40.00,1,Collision with vehicle,2,Monday,163,VEHICLE STRIKES DOOR OF PARKED/STATIONARY VEHICLE      ,1,Day,2,2,0,1,0,1,1,Not at intersection,3,Other Injury,50,B,E ,Bicycle,E ,1,1,H,F,2,3,No control,9999,COLLINS,STREET,VILLAGE,STREET,61,W,222835,N,MELBOURNE,MELBOURNE,-37.82038,144.94958,3008
81560,T20090019763,18/05/2009,84009,6908,18.25.00,1,Collision with vehicle,2,Monday,110,CROSS TRAFFIC(INTERSECTIONS ONLY)              ,3,Dark Street lights on,2,2,0,1,0,1,2,Cross intersection,3,Other Injury,60,A,E ,Bicycle,E ,1,1,H,1,0,2,No control,9999,CROMWELL,STREET,LANGRIDGE,STREET,0,N,36659,I,YARRA,YARRA,-37.80697,144.98989,3066
85255,T20090028008,20/05/2009,84009,6908,17.40.00,1,Collision with vehicle,4,Wednesday,163,VEHICLE STRIKES DOOR OF PARKED/STATIONARY VEHICLE      ,2,Dusk/Dawn,2,2,1,0,0,1,2,Not at intersection,2,Hospitilisation,60,B,N ,Bicycle,N ,1,1,H,F,9,9,No control,5318,CLARENDON,STREET,DORCAS,STREET,30,N,80319,N,PORT PHILLIP,PORT PHILLIP,-37.83275,144.96046,3205
81680,T20090019947,26/05/2009,84009,6908,14.30.00,1,Collision with vehicle,3,Tuesday,137,LEFT TURN SIDESWIPE                     ,1,Day,2,2,0,1,0,1,2,Cross intersection,3,Other Injury,60,B,E ,Bicycle,E ,1,1,H,1,2,2,Unknown,2080,HODDLE,STREET,VICTORIA,PARADE,0,S,37052,I,YARRA,YARRA,-37.80961,144.99137,3121
81700,T20090019980,27/05/2009,84009,6908,17.40.00,8,No collision and no object struck,4,Wednesday,174,OUT OF CONTROL ON CARRIAGEWAY (ON STRAIGHT)         ,3,Dark Street lights on,2,2,1,0,0,1,1,Multiple intersection,2,Hospitilisation,50,B,S ,Bicycle,S ,1,1,H,N,1,6,Stop-go lights,9999,FRANKLIN,STREET,SWANSTON,STREET,0,W,36291,I,MELBOURNE,MELBOURNE,-37.80746,144.96284,3000
82900,T20090022750,1/06/2009,84009,6908,17.20.00,1,Collision with vehicle,2,Monday,110,CROSS TRAFFIC(INTERSECTIONS ONLY)              ,9,Unknown,2,2,0,1,0,1,2,Cross intersection,3,Other Injury,50,A,N ,Bicycle,N ,1,1,H,F,2,1,Roundabout,9999,GREY,STREET,POWLETT,STREET,0,W,29433,I,MELBOURNE,MELBOURNE,-37.81188,144.98597,3002
82099,T20090020947,3/06/2009,84009,6908,08.11.00,1,Collision with vehicle,4,Wednesday,110,CROSS TRAFFIC(INTERSECTIONS ONLY)              ,1,Day,2,2,1,0,0,1,1,Cross intersection,2,Hospitilisation,50,A,S ,Bicycle,S ,1,1,H,F,0,6,Roundabout,9999,COVENTRY,STREET,DODDS,STREET,0,W,66520,I,MELBOURNE,MELBOURNE,-37.82995,144.9668,3006
82130,T20090021012,3/06/2009,84009,6908,15.55.00,1,Collision with vehicle,4,Wednesday,130,REAR END(VEHICLES IN SAME LANE)               ,1,Day,2,2,0,1,0,1,1,Cross intersection,3,Other Injury,60,B,E ,Bicycle,E ,1,1,H,F,2,6,No control,5065,PEEL,STREET,VICTORIA,STREET,0,S,29385,I,MELBOURNE,MELBOURNE,-37.80588,144.95599,3051
82650,T20090022170,3/06/2009,84009,6908,13.30.00,1,Collision with vehicle,4,Wednesday,163,VEHICLE STRIKES DOOR OF PARKED/STATIONARY VEHICLE      ,1,Day,2,2,0,1,0,1,2,Not at intersection,3,Other Injury,60,B,SE,Bicycle,SE,1,1,H,N,2,1,No control,5882,ST KILDA,ROAD,BOWEN,LANE,33,SE,223915,N,MELBOURNE,"PORT PHILLIP,MELBOURNE",-37.83407,144.97393,3004
82266,T20090021272,5/06/2009,84009,6908,11.05.00,1,Collision with vehicle,6,Friday,163,VEHICLE STRIKES DOOR OF PARKED/STATIONARY VEHICLE      ,1,Day,2,2,0,2,0,0,1,Not at intersection,3,Other Injury,50,B,W ,Bicycle,W ,1,1,H,5,2,9,No control,9999,COLLINS,STREET,SWANSTON,STREET,33,E,223327,N,MELBOURNE,MELBOURNE,-37.81539,144.9669,3000
82473,T20090021750,9/06/2009,84009,6908,08.50.00,1,Collision with vehicle,3,Tuesday,113,RIGHT NEAR (INTERSECTIONS ONLY)               ,1,Day,2,2,1,0,0,1,1,T intersection,2,Hospitilisation,40,B,S ,Bicycle,W ,2,2,H,4,2,1,No control,9999,HENRY,STREET,LANGRIDGE,STREET,0,S,227354,I,YARRA,YARRA,-37.80724,144.99255,3067
82756,T20090022424,12/06/2009,84009,6908,14.30.00,1,Collision with vehicle,6,Friday,163,VEHICLE STRIKES DOOR OF PARKED/STATIONARY VEHICLE      ,1,Day,2,2,0,1,0,1,2,Cross intersection,3,Other Injury,40,B,S ,Bicycle,S ,1,1,H,5,0,1,No control,5853,JOHNSTON,STREET,BRUNSWICK,STREET,0,W,36500,I,YARRA,YARRA,-37.79834,144.97847,3065
82935,T20090022821,16/06/2009,84009,6908,16.35.00,1,Collision with vehicle,3,Tuesday,163,VEHICLE STRIKES DOOR OF PARKED/STATIONARY VEHICLE      ,1,Day,2,3,0,1,0,2,1,T intersection,3,Other Injury,50,B,S ,Bicycle,S ,1,1,H,F,2,1,No control,9999,ELIZABETH,STREET,FLINDERS,STREET,0,N,233,I,MELBOURNE,MELBOURNE,-37.81817,144.96497,3000
82936,T20090022821,16/06/2009,84009,6908,16.35.00,1,Collision with vehicle,3,Tuesday,163,VEHICLE STRIKES DOOR OF PARKED/STATIONARY VEHICLE      ,1,Day,2,3,0,1,0,2,1,T intersection,3,Other Injury,50,B,S ,Bicycle,S ,1,1,H,F,2,1,No control,9999,ELIZABETH,STREET,FLINDERS,STREET,0,N,233,I,MELBOURNE,MELBOURNE,-37.81817,144.96497,3000
82957,T20090022863,16/06/2009,84009,6908,19.30.00,1,Collision with vehicle,3,Tuesday,163,VEHICLE STRIKES DOOR OF PARKED/STATIONARY VEHICLE      ,3,Dark Street lights on,2,2,0,1,0,1,1,T intersection,3,Other Injury,40,B,E ,Bicycle,E ,1,1,H,F,2,1,No control,5287,SWAN,STREET,CARROLL,STREET,0,W,57474,I,YARRA,YARRA,-37.82524,144.99395,3121
82969,T20090022901,17/06/2009,84009,6908,09.25.00,1,Collision with vehicle,4,Wednesday,163,VEHICLE STRIKES DOOR OF PARKED/STATIONARY VEHICLE      ,1,Day,2,3,0,1,0,2,1,Not at intersection,3,Other Injury,50,B,W ,Bicycle,W ,1,1,H,F,2,6,No control,9999,COLLINS,STREET,CHURCH,LANE,18,W,224141,N,MELBOURNE,MELBOURNE,-37.81805,144.95771,3000
83316,T20090023640,18/06/2009,84009,6908,17.15.00,1,Collision with vehicle,5,Thursday,163,VEHICLE STRIKES DOOR OF PARKED/STATIONARY VEHICLE      ,1,Day,2,2,0,1,0,1,2,Not at intersection,3,Other Injury,50,A,N ,Bicycle,N ,1,1,H,F,2,1,No control,9999,OSBORNE,STREET,TOORAK,ROAD,18,S,224336,N,STONNINGTON,STONNINGTON,-37.83915,144.99162,3141
84803,T20090027031,19/06/2009,84009,6908,16.10.00,2,Struck Pedestrian,6,Friday,100,PED NEAR SIDE. PED HIT BY VEHICLE FROM THE RIGHT.      ,1,Day,1,2,1,0,0,1,2,Cross intersection,2,Hospitilisation,50,A,NW,Bicycle,NW,1,1,H,F,2,1,Stop-go lights,9999,FLINDERS,STREET,WILLIAM,STREET,0,W,29420,I,MELBOURNE,MELBOURNE,-37.81961,144.96002,3000
84804,T20090027031,19/06/2009,84009,6908,16.10.00,2,Struck Pedestrian,6,Friday,100,PED NEAR SIDE. PED HIT BY VEHICLE FROM THE RIGHT.      ,1,Day,1,2,1,0,0,1,2,Cross intersection,2,Hospitilisation,50,A,NW,Bicycle,NW,1,1,H,F,2,1,Stop-go lights,9999,FLINDERS,STREET,WILLIAM,STREET,0,W,29420,I,MELBOURNE,MELBOURNE,-37.81961,144.96002,3000
83221,T20090023448,21/06/2009,84009,6908,07.30.00,1,Collision with vehicle,1,Sunday,121,RIGHT THROUGH                        ,1,Day,2,2,1,0,0,1,1,Not at intersection,2,Hospitilisation,50,B,W ,Bicycle,W ,1,1,H,F,2,5,No control,9999,COLLINS,STREET,COLLINS,PLACE,36,E,224169,N,MELBOURNE,MELBOURNE,-37.81345,144.9735,3000
83373,T20090023768,21/06/2009,84009,6908,13.43.00,1,Collision with vehicle,1,Sunday,133,LANE SIDE SWIPE (VEHICLES IN PARALLEL LANES)        ,1,Day,2,2,0,1,0,1,2,Cross intersection,3,Other Injury,50,A,S ,Bicycle,S ,1,1,H,1,2,6,Stop-go lights,9999,COLLINS,STREET,SWANSTON,STREET,0,E,29427,I,MELBOURNE,MELBOURNE,-37.81549,144.96654,3000
83661,T20090024321,23/06/2009,84009,6908,17.20.00,8,No collision and no object struck,3,Tuesday,174,OUT OF CONTROL ON CARRIAGEWAY (ON STRAIGHT)         ,2,Dusk/Dawn,2,2,0,1,0,1,2,Multiple intersection,3,Other Injury,50,A,N ,Bicycle,N ,1,1,H,9,0,6,Roundabout,9999,BARKLY,STREET,FARADAY,STREET,0,NE,46469,I,MELBOURNE,MELBOURNE,-37.79925,144.97263,3053
83469,T20090023946,24/06/2009,84009,6908,10.20.00,1,Collision with vehicle,4,Wednesday,147,VEHICLE STRIKES ANOTHER VEH WHILE EMERGING FROM DRIVEWAY,1,Day,2,2,0,1,0,1,2,Not at intersection,3,Other Injury,50,B,N ,Bicycle,N ,1,1,H,F,2,1,No control,9999,WELLINGTON,STREET,VICTORIA,PARADE,20,N,224391,N,YARRA,YARRA,-37.80886,144.98569,3066
83549,T20090024094,25/06/2009,84009,6908,12.55.00,1,Collision with vehicle,5,Thursday,113,RIGHT NEAR (INTERSECTIONS ONLY)               ,1,Day,2,2,0,1,0,1,1,Cross intersection,3,Other Injury,60,B,N ,Bicycle,N ,1,1,H,F,2,1,Roundabout,9999,COVENTRY,STREET,MORAY,STREET,0,W,37555,I,PORT PHILLIP,PORT PHILLIP,-37.83118,144.96254,3205
83592,T20090024174,25/06/2009,84009,6908,19.45.00,2,Struck Pedestrian,5,Thursday,100,PED NEAR SIDE. PED HIT BY VEHICLE FROM THE RIGHT.      ,3,Dark Street lights on,1,2,1,0,0,1,1,Cross intersection,2,Hospitilisation,30,A,S ,Bicycle,S ,1,1,H,F,1,1,Stop-go lights,9999,FLINDERS,LANE,SWANSTON,STREET,0,E,35364,I,MELBOURNE,MELBOURNE,-37.81649,144.96699,3000
83843,T20090024749,29/06/2009,84009,6908,08.00.00,1,Collision with vehicle,2,Monday,163,VEHICLE STRIKES DOOR OF PARKED/STATIONARY VEHICLE      ,1,Day,2,3,0,1,0,2,2,Cross intersection,3,Other Injury,50,B,N ,Bicycle,N ,1,1,H,F,2,1,Unknown,9999,FLINDERS,STREET,SWANSTON,STREET,0,W,238,I,MELBOURNE,MELBOURNE,-37.81745,144.96744,3000
83844,T20090024749,29/06/2009,84009,6908,08.00.00,1,Collision with vehicle,2,Monday,163,VEHICLE STRIKES DOOR OF PARKED/STATIONARY VEHICLE      ,1,Day,2,3,0,1,0,2,2,Cross intersection,3,Other Injury,50,B,N ,Bicycle,N ,1,1,H,F,2,1,Unknown,9999,FLINDERS,STREET,SWANSTON,STREET,0,W,238,I,MELBOURNE,MELBOURNE,-37.81745,144.96744,3000
83917,T20090024898,30/06/2009,84009,6908,16.45.00,1,Collision with vehicle,3,Tuesday,130,REAR END(VEHICLES IN SAME LANE)               ,1,Day,2,2,0,1,0,1,2,Cross intersection,3,Other Injury,50,B,W ,Bicycle,W ,15,15,H,R,2,2,Stop-go lights,9999,FLINDERS,STREET,SWANSTON,STREET,0,W,238,I,MELBOURNE,MELBOURNE,-37.81745,144.96744,3000
83918,T20090024898,30/06/2009,84009,6908,16.45.00,1,Collision with vehicle,3,Tuesday,130,REAR END(VEHICLES IN SAME LANE)               ,1,Day,2,2,0,1,0,1,2,Cross intersection,3,Other Injury,50,B,W ,Bicycle,W ,15,15,H,R,2,2,Stop-go lights,9999,FLINDERS,STREET,SWANSTON,STREET,0,W,238,I,MELBOURNE,MELBOURNE,-37.81745,144.96744,3000
85307,T20090028142,30/06/2009,84009,6908,19.30.00,1,Collision with vehicle,3,Tuesday,163,VEHICLE STRIKES DOOR OF PARKED/STATIONARY VEHICLE      ,3,Dark Street lights on,2,2,0,1,0,1,2,Not at intersection,3,Other Injury,50,B,NW,Bicycle,NW,1,1,H,5,2,6,No control,5061,SPENCER,STREET,FLINDERS,STREET,56,N,224822,N,MELBOURNE,MELBOURNE,-37.82062,144.95486,3008
85308,T20090028142,30/06/2009,84009,6908,19.30.00,1,Collision with vehicle,3,Tuesday,163,VEHICLE STRIKES DOOR OF PARKED/STATIONARY VEHICLE      ,3,Dark Street lights on,2,2,0,1,0,1,2,Not at intersection,3,Other Injury,50,B,NW,Bicycle,NW,1,1,H,5,2,6,No control,5061,SPENCER,STREET,FLINDERS,STREET,56,N,224822,N,MELBOURNE,MELBOURNE,-37.82062,144.95486,3008
83947,T20090024997,1/07/2009,84009,6908,07.30.00,1,Collision with vehicle,4,Wednesday,163,VEHICLE STRIKES DOOR OF PARKED/STATIONARY VEHICLE      ,1,Day,2,2,0,1,0,1,2,Not at intersection,3,Other Injury,60,B,W ,Bicycle,W ,1,1,H,5,2,1,No control,9999,ELGIN,STREET,ELGIN,PLACE,13,W,120628,N,MELBOURNE,MELBOURNE,-37.79686,144.96484,3053
84167,T20090025579,4/07/2009,84009,6908,00.15.00,1,Collision with vehicle,7,Saturday,150,HEAD ON(OVERTAKING)                     ,3,Dark Street lights on,2,2,1,0,0,1,1,Not at intersection,2,Hospitilisation,40,B,N ,Bicycle,N ,7,7,H,F,2,1,No control,9999,SMITH,STREET,PERRY,STREET,48,N,122608,N,YARRA,YARRA,-37.79941,144.98419,3066
84712,T20090026838,4/07/2009,84009,6908,15.30.00,1,Collision with vehicle,7,Saturday,148,VEHICLE OFF FOOTPATH STRIKES VEH ON CARRIAGEWAY,1,Day,2,2,0,1,0,1,2,T intersection,3,Other Injury,50,B,S ,Bicycle,S ,1,1,H,1,2,3,Unknown,9999,BOUVERIE,STREET,BOUVERIE,PLACE,0,N,224981,I,MELBOURNE,MELBOURNE,-37.8059,144.96152,3053
84226,T20090025745,6/07/2009,84009,6908,08.25.00,1,Collision with vehicle,2,Monday,137,LEFT TURN SIDESWIPE                     ,1,Day,2,2,1,0,0,1,1,T intersection,2,Hospitilisation,50,B,S ,Bicycle,S ,1,1,H,1,2,1,No control,9999,WILLIAM,STREET,ABECKETT,STREET,0,N,36847,I,MELBOURNE,MELBOURNE,-37.81067,144.95594,3003
84350,T20090026001,7/07/2009,84009,6908,18.25.00,1,Collision with vehicle,3,Tuesday,121,RIGHT THROUGH                        ,3,Dark Street lights on,2,2,0,1,0,1,2,Not at intersection,3,Other Injury,60,B,E ,Bicycle,E ,1,1,H,F,2,2,No control,9999,ALBERT,STREET,GOTCH,LANE,27,E,76383,N,MELBOURNE,MELBOURNE,-37.81067,144.98582,3002
85642,T20090028798,7/07/2009,84009,6908,08.30.00,1,Collision with vehicle,3,Tuesday,143,ENTERING PARKING                      ,1,Day,2,2,0,1,0,1,2,Not at intersection,3,Other Injury,60,B,S ,Bicycle,S ,1,13,H,1,9,2,No control,9999,WELLINGTON,STREET,NORTHUMBERLAND,STREET,16,S,225535,N,YARRA,YARRA,-37.80744,144.98593,3066
84454,T20090026192,9/07/2009,84009,6908,09.40.00,1,Collision with vehicle,5,Thursday,133,LANE SIDE SWIPE (VEHICLES IN PARALLEL LANES)        ,1,Day,3,3,0,1,0,2,1,Cross intersection,3,Other Injury,999,B,NW,Bicycle,NW,1,6,H,4,2,2,No control,9999,FLINDERS,LANE,SWANSTON,STREET,0,E,35364,I,MELBOURNE,MELBOURNE,-37.81649,144.96699,3000
84510,T20090026277,9/07/2009,84009,6908,19.30.00,1,Collision with vehicle,5,Thursday,121,RIGHT THROUGH                        ,3,Dark Street lights on,2,2,0,1,0,1,1,T intersection,3,Other Injury,60,B,N ,Bicycle,N ,1,1,H,F,2,3,No control,5499,CHURCH,STREET,HUTCHINGS,STREET,0,N,47301,I,YARRA,YARRA,-37.82773,144.99757,3121