,ACCIDENT_NO,ACCIDENTDATE,CYCLISTS,CYCLISTS_COUNT_LS,ACCIDENTTIME,ACCIDENT_TYPE,ACCIDENT_TYPE_DESC,DAY_OF_WEEK,DAY_WEEK_DESC,DCA_CODE,DCA Description,LIGHT_CONDITION,LIGHT_CONDITION_DEC,NO_OF_VEHICLES,NO_PERSONS,NO_PERSONS_INJ_2,NO_PERSONS_INJ_3,NO_PERSONS_KILLED,NO_PERSONS_NOT_INJ,POLICE_ATTEND,ROAD_GEOMETRY_DESC,SEVERITY,SEVERITY_DESC,SPEED_ZONE,VEHICLE_ID,INITIAL_DIRECTION,Vehicle Type Desc,FINAL_DIRECTION,DRIVER_INTENT,VEHICLE_MOVEMENT,TRAILER_TYPE,INITIAL_IMPACT,LAMPS,LEVEL_OF_DAMAGE,TRAFFIC_CONTROL_DESC,ROAD_ROUTE_1,ROAD_NAME,ROAD_TYPE,ROAD_NAME_INT,ROAD_TYPE_INT,DISTANCE_LOCATION,DIRECTION_LOCATION,NODE_ID,NODE_TYPE,LGA_NAME,Lga Name All,Lat,Long,Postcode No
94722,T20090048647,9/12/2009,84009,6908,17.00.00,1,Collision with vehicle,4,Wednesday,121,RIGHT THROUGH                        ,1,Day,2,3,0,1,0,2,2,Cross intersection,3,Other Injury,40,B,E ,Bicycle,E ,1,1,H,F,2,4,Stop-go lights,5853,JOHNSTON,STREET,BRUNSWICK,STREET,0,W,36500,I,YARRA,YARRA,-37.79834,144.97847,3065
94540,T20090048230,10/12/2009,84009,6908,09.55.00,1,Collision with vehicle,5,Thursday,142,LEAVING PARKING                       ,1,Day,2,2,0,1,0,1,1,Not at intersection,3,Other Injury,50,B,N ,Bicycle,N ,1,1,H,8,2,1,No control,9999,ERROL,STREET,GEORGE JOHNSON,LANE,17,N,229155,N,MELBOURNE,MELBOURNE,-37.80331,144.94958,3051
94832,T20090048855,14/12/2009,84009,6908,13.00.00,1,Collision with vehicle,2,Monday,111,RIGHT FAR (INTERSECTIONS ONLY)               ,1,Day,2,2,0,1,0,1,2,T intersection,3,Other Injury,50,B,NE,Bicycle,NE,1,1,H,4,2,2,No control,9999,GATEHOUSE,STREET,STORY,STREET,0,SW,36136,I,MELBOURNE,MELBOURNE,-37.79563,144.9524,3052
96102,T20100000563,14/12/2009,84009,6908,09.00.00,1,Collision with vehicle,1,Monday,129,OTHER OPPOSING MANOEUVRES NOT INCLUDED IN DCAs 120-125.   ,1,Day,2,2,0,1,0,1,2,Not at intersection,3,Other Injury,60,A,N ,Bicycle,N ,1,1,H,1,0,2,No control,9999,RATHDOWNE,PLACE,SILVER TOP,TERRACE,0,S,283886,I,MELBOURNE,MELBOURNE,-37.79959,144.97056,3053
117244,T20100046779,14/12/2009,84009,6908,18.30.00,1,Collision with vehicle,2,Monday,163,VEHICLE STRIKES DOOR OF PARKED/STATIONARY VEHICLE      ,2,Dusk/Dawn,3,3,1,0,0,2,2,Not at intersection,2,Hospitilisation,40,B,S ,Bicycle,S ,1,1,H,F,0,4,No control,5285,BRIDGE,ROAD,EUCALYPTUS,STREET,37,E,238233,N,YARRA,YARRA,-37.81853,144.99854,3121
117245,T20100046779,14/12/2009,84009,6908,18.30.00,1,Collision with vehicle,2,Monday,163,VEHICLE STRIKES DOOR OF PARKED/STATIONARY VEHICLE      ,2,Dusk/Dawn,3,3,1,0,0,2,2,Not at intersection,2,Hospitilisation,40,C,S ,Bicycle,S ,1,1,H,F,2,9,No control,5285,BRIDGE,ROAD,EUCALYPTUS,STREET,37,E,238233,N,YARRA,YARRA,-37.81853,144.99854,3121
95142,T20090049487,18/12/2009,84009,6908,16.20.00,1,Collision with vehicle,6,Friday,163,VEHICLE STRIKES DOOR OF PARKED/STATIONARY VEHICLE      ,1,Day,2,3,1,0,0,2,1,Not at intersection,2,Hospitilisation,40,B,N ,Bicycle,N ,1,1,H,F,0,1,No control,9999,BRUNSWICK,STREET,GREEVES,STREET,35,N,207418,N,YARRA,YARRA,-37.7995,144.97827,3065
95421,T20090050138,23/12/2009,84009,6908,09.50.00,1,Collision with vehicle,4,Wednesday,163,VEHICLE STRIKES DOOR OF PARKED/STATIONARY VEHICLE      ,1,Day,2,2,0,1,0,1,1,Not at intersection,3,Other Injury,50,A,W ,Bicycle,W ,1,1,H,F,0,6,No control,9999,FLINDERS,LANE,FLINDERS,WAY,11,W,228850,N,MELBOURNE,MELBOURNE,-37.81682,144.96583,3000
95989,T20100000330,4/01/2010,92767,7628,09.50.00,2,Struck Pedestrian,2,Monday,100,PED NEAR SIDE. PED HIT BY VEHICLE FROM THE RIGHT.      ,1,Day,1,2,1,0,0,1,1,Not at intersection,2,Hospitilisation,50,A,SW,Bicycle,SW,1,1,H,F,2,3,Ped. lights,9999,MACARTHUR,STREET,CATHEDRAL,PLACE,49,SW,229383,N,MELBOURNE,MELBOURNE,-37.81111,144.97522,3002
99715,T20100007961,5/01/2010,92767,7628,17.40.00,1,Collision with vehicle,3,Tuesday,163,VEHICLE STRIKES DOOR OF PARKED/STATIONARY VEHICLE      ,1,Day,2,2,0,1,0,1,2,T intersection,3,Other Injury,60,A,W ,Bicycle,W ,1,1,H,F,2,6,No control,5736,NICHOLSON,STREET,GERTRUDE,STREET,0,S,129,I,MELBOURNE,"YARRA,MELBOURNE",-37.80538,144.97362,3065
96309,T20100000976,8/01/2010,92767,7628,21.30.00,1,Collision with vehicle,6,Friday,110,CROSS TRAFFIC(INTERSECTIONS ONLY)              ,3,Dark Street lights on,2,2,0,1,0,1,2,Cross intersection,3,Other Injury,50,A,E ,Bicycle,E ,1,1,H,F,2,1,Roundabout,9999,HOTHAM,STREET,POWLETT,STREET,0,E,65895,I,MELBOURNE,MELBOURNE,-37.81413,144.98558,3002
96414,T20100001216,11/01/2010,92767,7628,14.50.00,1,Collision with vehicle,2,Monday,163,VEHICLE STRIKES DOOR OF PARKED/STATIONARY VEHICLE      ,1,Day,2,2,0,1,0,1,1,Not at intersection,3,Other Injury,40,A,S ,Bicycle,S ,1,1,H,5,2,9,No control,9999,CHAPEL,STREET,CHAPEL,STREET,16,S,229363,N,STONNINGTON,STONNINGTON,-37.83964,144.99559,3141
96738,T20100001909,13/01/2010,92767,7628,06.45.00,1,Collision with vehicle,4,Wednesday,116,LEFT NEAR (INTERSECTIONS ONLY)               ,2,Dusk/Dawn,2,2,0,1,0,1,2,T intersection,3,Other Injury,60,A,SE,Bicycle,SE,1,1,H,F,2,5,No control,5068,MACAULAY,ROAD,HAINES,STREET,0,SE,65222,I,MELBOURNE,MELBOURNE,-37.79914,144.94297,3051
96570,T20100001569,14/01/2010,92767,7628,06.50.00,1,Collision with vehicle,5,Thursday,137,LEFT TURN SIDESWIPE                     ,1,Day,2,2,1,1,0,0,2,T intersection,2,Hospitilisation,999,B,S ,Bicycle,S ,1,1,H,1,2,1,Unknown,9999,CATHEDRAL,PLACE,MACARTHUR,STREET,0,W,35368,I,MELBOURNE,MELBOURNE,-37.81071,144.97545,3002
96866,T20100002186,14/01/2010,92767,7628,20.05.00,1,Collision with vehicle,5,Thursday,137,LEFT TURN SIDESWIPE                     ,1,Day,3,3,0,1,0,2,2,Cross intersection,3,Other Injury,60,A,SW,Bicycle,SW,6,6,H,5,2,1,Stop-go lights,2240,CITY,ROAD,SOUTHBANK,BOULEVARD,0,SW,57471,I,MELBOURNE,MELBOURNE,-37.82257,144.96414,3006
96868,T20100002186,14/01/2010,92767,7628,20.05.00,1,Collision with vehicle,5,Thursday,137,LEFT TURN SIDESWIPE                     ,1,Day,3,3,0,1,0,2,2,Cross intersection,3,Other Injury,60,C,SW,Bicycle,SW,1,1,H,N,2,6,Stop-go lights,2240,CITY,ROAD,SOUTHBANK,BOULEVARD,0,SW,57471,I,MELBOURNE,MELBOURNE,-37.82257,144.96414,3006
102581,T20100014234,14/01/2010,92767,7628,17.20.00,1,Collision with vehicle,5,Thursday,130,REAR END(VEHICLES IN SAME LANE)               ,1,Day,2,2,0,1,0,1,2,Not at intersection,3,Other Injury,40,A,S ,Bicycle,S ,7,7,H,F,9,9,No control,9999,BRUNSWICK,STREET,HANOVER,STREET,30,N,232223,N,YARRA,YARRA,-37.80279,144.9777,3065
97057,T20100002540,17/01/2010,92767,7628,03.00.00,1,Collision with vehicle,1,Sunday,140,U TURN                           ,6,Dark Street lights unknown,2,2,1,0,0,1,2,Not at intersection,2,Hospitilisation,40,A,S ,Bicycle,S ,1,1,H,R,2,6,Unknown,9999,SWANSTON,STREET,FLINDERS,LANE,15,S,75141,N,MELBOURNE,MELBOURNE,-37.81661,144.96705,3000
97855,T20100004066,19/01/2010,92767,7628,22.30.00,8,No collision and no object struck,3,Tuesday,174,OUT OF CONTROL ON CARRIAGEWAY (ON STRAIGHT)         ,3,Dark Street lights on,2,2,1,0,0,1,2,Cross intersection,2,Hospitilisation,60,A,E ,Bicycle,E ,1,1,H,N,2,6,Stop-go lights,9999,DRUMMOND,STREET,ELGIN,STREET,0,N,36338,I,MELBOURNE,MELBOURNE,-37.79732,144.96902,3053
97044,T20100002520,21/01/2010,92767,7628,17.15.00,1,Collision with vehicle,5,Thursday,148,VEHICLE OFF FOOTPATH STRIKES VEH ON CARRIAGEWAY,1,Day,2,2,0,1,0,1,1,Cross intersection,3,Other Injury,60,B,E ,Bicycle,E ,1,1,H,F,2,6,Stop-go lights,5082,VICTORIA,STREET,RATHDOWNE,STREET,0,W,29397,I,MELBOURNE,MELBOURNE,-37.80729,144.96885,3053
97075,T20100002570,22/01/2010,92767,7628,07.10.00,1,Collision with vehicle,6,Friday,160,VEHICLE COLLIDES WITH VEHICLE PARKED ON LEFT OF ROAD    ,1,Day,2,1,1,0,0,0,1,Cross intersection,2,Hospitilisation,30,B,N ,Bicycle,N ,1,18,H,F,0,1,Stop-go lights,9999,LITTLE COLLINS,STREET,SWANSTON,STREET,0,W,231,I,MELBOURNE,MELBOURNE,-37.81451,144.96609,3000
97150,T20100002724,22/01/2010,92767,7628,18.00.00,1,Collision with vehicle,6,Friday,137,LEFT TURN SIDESWIPE                     ,1,Day,2,2,0,1,0,1,2,Not at intersection,3,Other Injury,60,B,S ,Bicycle,S ,1,1,H,F,2,5,No control,9999,SWANSTON,STREET,SWANSTON,STREET,39,N,234196,N,MELBOURNE,MELBOURNE,-37.80701,144.96263,3000
97191,T20100002836,22/01/2010,92767,7628,14.16.00,1,Collision with vehicle,6,Friday,134,LANE CHANGE RIGHT (NOT OVERTAKING)             ,1,Day,3,3,0,1,0,2,1,Not at intersection,3,Other Injury,40,B,S ,Bicycle,S ,1,6,H,1,2,1,No control,9999,ELIZABETH,STREET,ABECKETT,STREET,15,N,230604,N,MELBOURNE,MELBOURNE,-37.80912,144.96081,3000
112707,T20100036913,22/01/2010,92767,7628,17.00.00,1,Collision with vehicle,6,Friday,142,LEAVING PARKING                       ,1,Day,2,2,0,1,0,1,1,Not at intersection,3,Other Injury,40,B,W ,Bicycle,W ,1,1,H,F,2,1,No control,9999,ALBERT ROAD,DRIVE,LAKESIDE,DRIVE,31,SW,236845,N,PORT PHILLIP,PORT PHILLIP,-37.83809,144.96764,3206
97160,T20100002736,23/01/2010,92767,7628,08.45.00,1,Collision with vehicle,7,Saturday,142,LEAVING PARKING                       ,1,Day,2,2,0,1,0,1,2,Not at intersection,3,Other Injury,50,A,N ,Bicycle,N ,1,1,H,F,2,1,No control,9999,LENNOX,STREET,ERIN,STREET,40,S,230603,N,YARRA,YARRA,-37.81717,144.99477,3121
97515,T20100003418,24/01/2010,92767,7628,05.15.00,1,Collision with vehicle,1,Sunday,116,LEFT NEAR (INTERSECTIONS ONLY)               ,3,Dark Street lights on,2,2,0,1,0,1,2,Cross intersection,3,Other Injury,999,B,SE,Bicycle,SE,1,1,H,F,2,6,Giveway sign,5061,SPENCER,STREET,STANLEY,STREET,0,SE,36107,I,MELBOURNE,MELBOURNE,-37.80847,144.94869,3003
97284,T20100002990,25/01/2010,92767,7628,15.05.00,1,Collision with vehicle,2,Monday,148,VEHICLE OFF FOOTPATH STRIKES VEH ON CARRIAGEWAY,1,Day,2,2,1,0,0,1,1,Not at intersection,2,Hospitilisation,40,B,E ,Bicycle,E ,1,18,H,9,2,9,No control,9999,LYGON,STREET,LITTLE ELGIN,STREET,18,N,229991,N,MELBOURNE,MELBOURNE,-37.79747,144.9675,3053
97433,T20100003238,27/01/2010,92767,7628,18.17.00,1,Collision with vehicle,4,Wednesday,121,RIGHT THROUGH                        ,1,Day,2,3,1,0,0,2,1,T intersection,2,Hospitilisation,50,B,N ,Bicycle,N ,1,1,H,F,2,2,No control,9999,OTTER,STREET,WELLINGTON,STREET,0,W,36628,I,YARRA,YARRA,-37.80102,144.98703,3066
97462,T20100003295,28/01/2010,92767,7628,08.28.00,1,Collision with vehicle,5,Thursday,135,LANE CHANGE LEFT (NOT OVERTAKING)              ,1,Day,2,2,0,1,0,1,1,Cross intersection,3,Other Injury,60,B,S ,Bicycle,S ,1,1,H,1,2,1,Stop-go lights,5066,DRYBURGH,STREET,MACAULAY,ROAD,0,S,29373,I,MELBOURNE,MELBOURNE,-37.8003,144.94398,3051
97560,T20100003508,29/01/2010,92767,7628,19.05.00,1,Collision with vehicle,6,Friday,130,REAR END(VEHICLES IN SAME LANE)               ,1,Day,2,2,0,1,0,1,1,T intersection,3,Other Injury,60,A,W ,Bicycle,W ,1,1,H,F,2,5,Stop-go lights,5103,WELLINGTON,PARADE,POWLETT,STREET,0,W,37030,I,MELBOURNE,MELBOURNE,-37.81638,144.98519,3002
98030,T20100004435,29/01/2010,92767,7628,17.15.00,1,Collision with vehicle,6,Friday,132,RIGHT REAR.                         ,1,Day,2,2,0,1,0,1,2,Cross intersection,3,Other Injury,999,B,N ,Bicycle,E ,2,2,H,R,0,1,Stop-go lights,9999,ALBERT,STREET,GISBORNE,STREET,0,E,29430,I,MELBOURNE,MELBOURNE,-37.80954,144.97565,3002
97690,T20100003757,1/02/2010,92767,7628,08.38.00,1,Collision with vehicle,2,Monday,133,LANE SIDE SWIPE (VEHICLES IN PARALLEL LANES)        ,1,Day,2,2,0,1,0,1,1,Cross intersection,3,Other Injury,60,A,W ,Bicycle,W ,1,1,H,1,2,6,No control,5838,WILLIAMSTOWN,ROAD,NORMANBY,ROAD,0,E,37411,I,PORT PHILLIP,PORT PHILLIP,-37.83127,144.94444,3207
98054,T20100004490,1/02/2010,92767,7628,16.00.00,1,Collision with vehicle,2,Monday,163,VEHICLE STRIKES DOOR OF PARKED/STATIONARY VEHICLE      ,1,Day,2,2,0,1,0,1,2,Not at intersection,3,Other Injury,50,B,S ,Bicycle,S ,1,1,H,F,2,4,No control,9999,COLLINS,STREET,EXHIBITION,STREET,46,W,230258,N,MELBOURNE,MELBOURNE,-37.81419,144.97098,3000
97878,T20100004116,3/02/2010,92767,7628,19.00.00,1,Collision with vehicle,4,Wednesday,121,RIGHT THROUGH                        ,1,Day,2,2,0,1,0,1,1,Cross intersection,3,Other Injury,60,B,E ,Bicycle,E ,1,1,H,F,2,3,Stop-go lights,2080,HODDLE,STREET,GIPPS,STREET,0,S,169,I,YARRA,YARRA,-37.80499,144.99213,3067
98272,T20100004959,3/02/2010,92767,7628,13.33.00,1,Collision with vehicle,4,Wednesday,163,VEHICLE STRIKES DOOR OF PARKED/STATIONARY VEHICLE      ,1,Day,2,2,0,1,0,1,2,Not at intersection,3,Other Injury,60,A,N ,Bicycle,N ,1,1,H,F,2,2,No control,5882,ST KILDA,ROAD,PARK,STREET,9,NW,230510,N,MELBOURNE,MELBOURNE,-37.83213,144.97196,3004
97905,T20100004159,4/02/2010,92767,7628,08.10.00,1,Collision with vehicle,5,Thursday,133,LANE SIDE SWIPE (VEHICLES IN PARALLEL LANES)        ,1,Day,2,2,1,0,0,1,1,T intersection,2,Hospitilisation,40,A,S ,Bicycle,S ,1,1,H,4,2,2,Giveway sign,9999,BRUNSWICK,STREET,ST DAVID,STREET,0,N,36504,I,YARRA,YARRA,-37.80061,144.97807,3065
98163,T20100004752,7/02/2010,92767,7628,22.05.00,1,Collision with vehicle,1,Sunday,142,LEAVING PARKING                       ,3,Dark Street lights on,2,2,0,2,0,0,1,Cross intersection,3,Other Injury,40,B,N ,Bicycle,N ,1,1,H,5,2,6,No control,9999,BRUNSWICK,STREET,ARGYLE,STREET,15,S,122370,N,YARRA,YARRA,-37.79767,144.97858,3065
98244,T20100004916,9/02/2010,92767,7628,09.00.00,1,Collision with vehicle,3,Tuesday,135,LANE CHANGE LEFT (NOT OVERTAKING)              ,1,Day,2,2,0,1,0,1,2,Cross intersection,3,Other Injury,50,B,SW,Bicycle,SW,1,1,H,F,2,6,No control,9999,COLLINS,STREET,EXHIBITION,STREET,0,E,36990,I,MELBOURNE,MELBOURNE,-37.81405,144.97147,3000
98512,T20100005546,13/02/2010,92767,7628,08.50.00,1,Collision with vehicle,7,Saturday,135,LANE CHANGE LEFT (NOT OVERTAKING)              ,1,Day,2,2,1,0,0,1,2,Not at intersection,2,Hospitilisation,60,B,S ,Bicycle,S ,1,1,H,1,0,6,No control,5046,ELIZABETH,STREET,PELHAM,STREET,110,S,119917,N,MELBOURNE,MELBOURNE,-37.80277,144.95789,3000
98660,T20100005846,15/02/2010,92767,7628,18.45.00,1,Collision with vehicle,2,Monday,163,VEHICLE STRIKES DOOR OF PARKED/STATIONARY VEHICLE      ,1,Day,2,2,0,2,0,0,1,Not at intersection,3,Other Injury,60,B,E ,Bicycle,E ,1,1,H,F,2,2,No control,5040,DUDLEY,STREET,KING,STREET,66,E,232949,N,MELBOURNE,MELBOURNE,-37.80904,144.95307,3003
98733,T20100005991,16/02/2010,92767,7628,17.20.00,1,Collision with vehicle,3,Tuesday,137,LEFT TURN SIDESWIPE                     ,1,Day,2,3,1,0,0,2,1,T intersection,2,Hospitilisation,60,B,NW,Bicycle,NW,1,1,H,1,2,1,No control,9999,BLACKWOOD,STREET,OXFORD,STREET,97,NE,36211,I,MELBOURNE,MELBOURNE,-37.80059,144.95597,3051
98999,T20100006506,16/02/2010,92767,7628,17.20.00,1,Collision with vehicle,3,Tuesday,163,VEHICLE STRIKES DOOR OF PARKED/STATIONARY VEHICLE      ,1,Day,2,2,0,1,0,1,2,Not at intersection,3,Other Injury,60,B,E ,Bicycle,E ,1,1,H,F,2,1,No control,5083,VICTORIA,PARADE,CAMBRIDGE,STREET,28,E,232392,N,YARRA,YARRA,-37.80898,144.9851,3066
98882,T20100006259,17/02/2010,92767,7628,18.00.00,1,Collision with vehicle,4,Wednesday,140,U TURN                           ,1,Day,2,2,1,1,0,0,2,Not at intersection,2,Hospitilisation,60,B,W ,Bicycle,W ,1,1,H,1,0,3,No control,9999,ELGIN,STREET,MARKOV,PLACE,20,E,230722,N,MELBOURNE,MELBOURNE,-37.7974,144.96972,3053
99526,T20100007543,17/02/2010,92767,7628,10.45.00,1,Collision with vehicle,4,Wednesday,137,LEFT TURN SIDESWIPE                     ,1,Day,2,2,0,1,0,1,2,Not at intersection,3,Other Injury,50,A,W ,Bicycle,W ,1,1,H,F,2,6,No control,9999,COLLINS,STREET,RUSSELL,STREET,20,E,75439,N,MELBOURNE,MELBOURNE,-37.81471,144.96921,3000
99919,T20100008398,17/02/2010,92767,7628,18.00.00,1,Collision with vehicle,4,Wednesday,121,RIGHT THROUGH                        ,1,Day,2,2,1,0,0,1,2,T intersection,2,Hospitilisation,60,A,N ,Bicycle,N ,1,1,H,F,2,1,No control,9999,RATHDOWNE,STREET,UNIVERSITY,STREET,0,N,36378,I,MELBOURNE,MELBOURNE,-37.79967,144.97012,3053
103301,T20100015711,17/02/2010,92767,7628,06.44.00,1,Collision with vehicle,4,Wednesday,121,RIGHT THROUGH                        ,1,Day,2,2,0,1,0,1,2,T intersection,3,Other Injury,40,B,N ,Bicycle,N ,1,17,H,F,2,1,No control,9999,STANLEY,STREET,WELLINGTON,STREET,0,W,149,I,YARRA,YARRA,-37.80236,144.98679,3066
98838,T20100006172,18/02/2010,92767,7628,10.00.00,1,Collision with vehicle,5,Thursday,163,VEHICLE STRIKES DOOR OF PARKED/STATIONARY VEHICLE      ,1,Day,2,3,0,2,0,1,1,Not at intersection,3,Other Injury,50,B,N ,Bicycle,N ,1,1,H,F,2,3,No control,9999,ST KILDA,ROAD,SWANSTON,STREET,55,S,233864,N,MELBOURNE,MELBOURNE,-37.81918,144.96823,3000
99122,T20100006748,19/02/2010,92767,7628,15.00.00,1,Collision with vehicle,6,Friday,163,VEHICLE STRIKES DOOR OF PARKED/STATIONARY VEHICLE      ,1,Day,2,2,1,0,0,1,2,Not at intersection,2,Hospitilisation,999,A,E ,Bicycle,E ,1,1,H,F,0,5,No control,9999,GERTRUDE,STREET,YOUNG,STREET,20,E,120333,N,YARRA,YARRA,-37.80589,144.97857,3065
99158,T20100006822,22/02/2010,92767,7628,12.20.00,1,Collision with vehicle,2,Monday,163,VEHICLE STRIKES DOOR OF PARKED/STATIONARY VEHICLE      ,1,Day,2,2,0,2,0,0,2,Cross intersection,3,Other Injury,60,B,W ,Bicycle,NK,1,1,H,F,2,1,No control,5046,ELIZABETH,STREET,VICTORIA,STREET,0,S,36230,I,MELBOURNE,MELBOURNE,-37.80629,144.9595,3000
99278,T20100007078,22/02/2010,92767,7628,17.50.00,1,Collision with vehicle,2,Monday,140,U TURN                           ,1,Day,2,2,0,1,0,1,2,Not at intersection,3,Other Injury,60,B,N ,Bicycle,N ,1,1,H,F,2,1,No control,9999,EXHIBITION,STREET,LITTLE LONSDALE,STREET,42,S,230816,N,MELBOURNE,MELBOURNE,-37.80949,144.96936,3000
99241,T20100007016,23/02/2010,92767,7628,19.45.00,1,Collision with vehicle,3,Tuesday,137,LEFT TURN SIDESWIPE                     ,2,Dusk/Dawn,2,2,0,1,0,1,2,Cross intersection,3,Other Injury,60,A,E ,Bicycle,E ,1,1,H,1,2,2,Stop-go lights,5083,VICTORIA,PARADE,WELLINGTON,STREET,0,W,37025,I,YARRA,YARRA,-37.80904,144.98566,3066
100081,T20100008756,23/02/2010,92767,7628,16.40.00,1,Collision with vehicle,3,Tuesday,163,VEHICLE STRIKES DOOR OF PARKED/STATIONARY VEHICLE      ,1,Day,2,2,0,1,0,1,2,Not at intersection,3,Other Injury,50,B,NE,Bicycle,NK,1,1,H,F,2,1,No control,9999,COLLINS,STREET,SPRING,STREET,25,W,75745,N,MELBOURNE,MELBOURNE,-37.81339,144.97369,3000
113508,T20100038789,23/02/2010,92767,7628,18.15.00,1,Collision with vehicle,3,Tuesday,163,VEHICLE STRIKES DOOR OF PARKED/STATIONARY VEHICLE      ,2,Dusk/Dawn,2,2,0,1,0,1,2,Not at intersection,3,Other Injury,60,B,W ,Bicycle,W ,1,1,H,F,2,6,No control,9999,ALBERT,STREET,EVELYN,PLACE,28,W,75650,N,MELBOURNE,MELBOURNE,-37.80931,144.97353,3002
99245,T20100007019,24/02/2010,92767,7628,10.30.00,8,No collision and no object struck,4,Wednesday,174,OUT OF CONTROL ON CARRIAGEWAY (ON STRAIGHT)         ,1,Day,1,1,1,0,0,0,1,Cross intersection,2,Hospitilisation,50,A,S ,Bicycle,W ,2,2,H,1,2,9,Stop-go lights,9999,FLINDERS,LANE,SWANSTON,STREET,0,E,35364,I,MELBOURNE,MELBOURNE,-37.81649,144.96699,3000
101481,T20100011588,24/02/2010,92767,7628,17.30.00,1,Collision with vehicle,3,Wednesday,133,LANE SIDE SWIPE (VEHICLES IN PARALLEL LANES)        ,1,Day,2,2,0,1,0,1,2,Not at intersection,3,Other Injury,50,A,E ,Bicycle,E ,1,1,H,1,2,6,No control,9999,LONSDALE,STREET,EXHIBITION,STREET,20,E,75309,N,MELBOURNE,MELBOURNE,-37.81007,144.96987,3000
100427,T20100009512,2/03/2010,92767,7628,08.30.00,1,Collision with vehicle,3,Tuesday,163,VEHICLE STRIKES DOOR OF PARKED/STATIONARY VEHICLE      ,1,Day,2,2,0,1,0,1,2,Cross intersection,3,Other Injury,40,B,N ,Bicycle,N ,1,1,H,F,2,1,No control,5853,JOHNSTON,STREET,SMITH,STREET,0,W,36557,I,YARRA,YARRA,-37.79896,144.98427,3066
101007,T20100010714,2/03/2010,92767,7628,07.00.00,8,No collision and no object struck,3,Tuesday,174,OUT OF CONTROL ON CARRIAGEWAY (ON STRAIGHT)         ,3,Dark Street lights on,1,1,0,1,0,0,2,Not at intersection,3,Other Injury,60,A,W ,Bicycle,W ,1,1,H,F,0,6,No control,9999,QUEENSBERRY,STREET,HOWARD,STREET,20,E,231389,N,MELBOURNE,MELBOURNE,-37.80357,144.95428,3051
99749,T20100008044,3/03/2010,92767,7628,07.57.00,8,No collision and no object struck,4,Wednesday,174,OUT OF CONTROL ON CARRIAGEWAY (ON STRAIGHT)         ,1,Day,2,2,1,0,0,1,1,Not at intersection,2,Hospitilisation,50,B,S ,Bicycle,S ,1,1,H,9,2,1,No control,9999,SWANSTON,STREET,CARDIGAN,TERRACE,4,S,233289,N,MELBOURNE,MELBOURNE,-37.80589,144.96303,3053
99787,T20100008119,3/03/2010,92767,7628,18.13.00,1,Collision with vehicle,4,Wednesday,130,REAR END(VEHICLES IN SAME LANE)               ,2,Dusk/Dawn,2,2,0,1,0,1,1,Cross intersection,3,Other Injury,50,B,E ,Bicycle,E ,1,1,H,F,2,1,No control,9999,DRUMMOND,STREET,GRATTAN,STREET,0,N,36350,I,MELBOURNE,MELBOURNE,-37.8009,144.96841,3053
99803,T20100008148,3/03/2010,92767,7628,11.05.00,1,Collision with vehicle,4,Wednesday,163,VEHICLE STRIKES DOOR OF PARKED/STATIONARY VEHICLE      ,1,Day,2,2,0,1,0,1,2,Not at intersection,3,Other Injury,50,B,E ,Bicycle,E ,1,1,H,F,2,6,No control,9999,LA TROBE,STREET,ELIZABETH,STREET,30,E,125545,N,MELBOURNE,MELBOURNE,-37.81022,144.96168,3000
99804,T20100008148,3/03/2010,92767,7628,11.05.00,1,Collision with vehicle,4,Wednesday,163,VEHICLE STRIKES DOOR OF PARKED/STATIONARY VEHICLE      ,1,Day,2,2,0,1,0,1,2,Not at intersection,3,Other Injury,50,B,E ,Bicycle,E ,1,1,H,F,2,6,No control,9999,LA TROBE,STREET,ELIZABETH,STREET,30,E,125545,N,MELBOURNE,MELBOURNE,-37.81022,144.96168,3000
99828,T20100008188,4/03/2010,92767,7628,08.30.00,1,Collision with vehicle,5,Thursday,121,RIGHT THROUGH                        ,1,Day,2,2,0,1,0,1,2,Cross intersection,3,Other Injury,40,A,S ,Bicycle,S ,1,1,H,1,2,1,Unknown,9999,BRUNSWICK,STREET,ROSE,STREET,0,N,36494,I,YARRA,YARRA,-37.79595,144.97887,3065
100245,T20100009122,5/03/2010,92767,7628,16.45.00,1,Collision with vehicle,6,Friday,137,LEFT TURN SIDESWIPE                     ,1,Day,2,2,0,1,0,1,2,Not at intersection,3,Other Injury,60,B,S ,Bicycle,S ,1,1,H,F,2,1,No control,9999,QUEENS BRIDGE,STREET,POWER,STREET,109,N,231187,N,MELBOURNE,MELBOURNE,-37.82226,144.96115,3006