,ACCIDENT_NO,ACCIDENTDATE,CYCLISTS,CYCLISTS_COUNT_LS,ACCIDENTTIME,ACCIDENT_TYPE,ACCIDENT_TYPE_DESC,DAY_OF_WEEK,DAY_WEEK_DESC,DCA_CODE,DCA Description,LIGHT_CONDITION,LIGHT_CONDITION_DEC,NO_OF_VEHICLES,NO_PERSONS,NO_PERSONS_INJ_2,NO_PERSONS_INJ_3,NO_PERSONS_KILLED,NO_PERSONS_NOT_INJ,POLICE_ATTEND,ROAD_GEOMETRY_DESC,SEVERITY,SEVERITY_DESC,SPEED_ZONE,VEHICLE_ID,INITIAL_DIRECTION,Vehicle Type Desc,FINAL_DIRECTION,DRIVER_INTENT,VEHICLE_MOVEMENT,TRAILER_TYPE,INITIAL_IMPACT,LAMPS,LEVEL_OF_DAMAGE,TRAFFIC_CONTROL_DESC,ROAD_ROUTE_1,ROAD_NAME,ROAD_TYPE,ROAD_NAME_INT,ROAD_TYPE_INT,DISTANCE_LOCATION,DIRECTION_LOCATION,NODE_ID,NODE_TYPE,LGA_NAME,Lga Name All,Lat,Long,Postcode No
99977,T20100008511,6/03/2010,92767,7628,12.00.00,1,Collision with vehicle,6,Saturday,133,LANE SIDE SWIPE (VEHICLES IN PARALLEL LANES)        ,1,Day,2,2,1,0,0,1,2,Not at intersection,2,Hospitilisation,60,B,E ,Bicycle,E ,1,1,H,4,2,2,No control,5019,ALEXANDRA,AVENUE,YARRA,STREET,20,E,231271,N,STONNINGTON,STONNINGTON,-37.83416,144.99374,3141
100276,T20100009181,10/03/2010,92767,7628,08.45.00,1,Collision with vehicle,4,Wednesday,132,RIGHT REAR.                         ,1,Day,2,2,1,0,0,1,1,T intersection,2,Hospitilisation,40,A,E ,Bicycle,S ,2,2,H,R,2,9,No control,5898,TOORAK,ROAD,WILLIAM,STREET,0,W,37666,I,STONNINGTON,STONNINGTON,-37.83921,144.99329,3141
100392,T20100009450,11/03/2010,92767,7628,20.00.00,1,Collision with vehicle,5,Thursday,163,VEHICLE STRIKES DOOR OF PARKED/STATIONARY VEHICLE      ,3,Dark Street lights on,2,3,1,0,0,2,1,Not at intersection,2,Hospitilisation,40,B,W ,Bicycle,W ,1,1,H,F,1,1,No control,5853,JOHNSTON,STREET,ELLIOT,STREET,21,E,231196,N,YARRA,YARRA,-37.79876,144.98243,3065
101307,T20100011248,14/03/2010,92767,7628,12.00.00,6,Vehicle overturned (no collision),1,Sunday,174,OUT OF CONTROL ON CARRIAGEWAY (ON STRAIGHT)         ,1,Day,2,2,1,0,0,1,2,T intersection,2,Hospitilisation,40,A,N ,Bicycle,N ,1,1,H,F,2,6,No control,9999,KEELE,STREET,SMITH,STREET,0,W,36585,I,YARRA,YARRA,-37.79687,144.98463,3066
101697,T20100012083,15/03/2010,92767,7628,09.00.00,1,Collision with vehicle,2,Monday,111,RIGHT FAR (INTERSECTIONS ONLY)               ,1,Day,2,2,0,2,0,0,2,Cross intersection,3,Other Injury,60,A,S ,Bicycle,N ,3,3,H,4,2,1,Stop-go lights,5082,VICTORIA,STREET,MACKENZIE,STREET,0,W,45835,I,MELBOURNE,MELBOURNE,-37.80713,144.96734,3053
101345,T20100011330,16/03/2010,92767,7628,16.45.00,1,Collision with vehicle,3,Tuesday,163,VEHICLE STRIKES DOOR OF PARKED/STATIONARY VEHICLE      ,1,Day,2,2,1,0,0,1,2,Not at intersection,2,Hospitilisation,50,B,N ,Bicycle,N ,1,1,H,F,2,1,No control,9999,CANNING,STREET,PITT,STREET,25,S,233538,N,MELBOURNE,MELBOURNE,-37.79611,144.97317,3053
100807,T20100010282,17/03/2010,92767,7628,16.17.00,8,No collision and no object struck,4,Wednesday,174,OUT OF CONTROL ON CARRIAGEWAY (ON STRAIGHT)         ,1,Day,2,2,0,1,0,1,1,Cross intersection,3,Other Injury,50,B,N ,Bicycle,N ,1,18,H,N,2,6,Stop-go lights,9999,CANNING,STREET,ELGIN,STREET,0,S,36399,I,MELBOURNE,MELBOURNE,-37.79774,144.97289,3053
100978,T20100010670,17/03/2010,92767,7628,07.30.00,1,Collision with vehicle,4,Wednesday,163,VEHICLE STRIKES DOOR OF PARKED/STATIONARY VEHICLE      ,1,Day,2,2,0,1,0,1,2,Not at intersection,3,Other Injury,50,A,W ,Bicycle,W ,1,1,H,F,9,2,No control,9999,COLLINS,STREET,EXHIBITION,STREET,38,E,231368,N,MELBOURNE,MELBOURNE,-37.81393,144.97188,3000
101892,T20100012510,17/03/2010,92767,7628,06.30.00,1,Collision with vehicle,3,Wednesday,121,RIGHT THROUGH                        ,2,Dusk/Dawn,2,2,0,1,0,1,2,Cross intersection,3,Other Injury,50,A,E ,Bicycle,E ,1,1,H,F,1,5,Stop-go lights,9999,ELGIN,STREET,LYGON,STREET,0,W,109,I,MELBOURNE,MELBOURNE,-37.79716,144.96756,3053
101244,T20100011141,18/03/2010,92767,7628,09.15.00,1,Collision with vehicle,5,Thursday,163,VEHICLE STRIKES DOOR OF PARKED/STATIONARY VEHICLE      ,1,Day,2,1,0,1,0,0,2,Not at intersection,3,Other Injury,50,A,S ,Bicycle,S ,1,7,H,5,2,1,No control,9999,ELIZABETH,STREET,LONSDALE,STREET,20,S,127990,N,MELBOURNE,MELBOURNE,-37.81245,144.96233,3000
100919,T20100010510,19/03/2010,92767,7628,10.20.00,1,Collision with vehicle,6,Friday,163,VEHICLE STRIKES DOOR OF PARKED/STATIONARY VEHICLE      ,1,Day,2,2,0,1,0,1,1,Not at intersection,3,Other Injury,50,A,W ,Bicycle,W ,1,1,H,F,0,2,No control,9999,HIGHETT,STREET,LENNOX,STREET,19,E,231218,N,YARRA,YARRA,-37.81538,144.99528,3121
101155,T20100010981,19/03/2010,92767,7628,10.45.00,1,Collision with vehicle,6,Friday,130,REAR END(VEHICLES IN SAME LANE)               ,1,Day,2,2,0,1,0,1,2,Cross intersection,3,Other Injury,60,B,S ,Bicycle,S ,17,17,H,F,2,1,Stop-go lights,9999,LINLITHGOW,AVENUE,ST KILDA,ROAD,0,W,231563,I,MELBOURNE,MELBOURNE,-37.82326,144.97034,3004
101115,T20100010898,22/03/2010,92767,7628,09.20.00,1,Collision with vehicle,2,Monday,110,CROSS TRAFFIC(INTERSECTIONS ONLY)              ,1,Day,2,2,0,1,0,1,2,Cross intersection,3,Other Injury,50,B,E ,Bicycle,E ,1,1,H,F,2,6,Stop sign,9999,LANGRIDGE,STREET,OXFORD,STREET,0,W,36573,I,YARRA,YARRA,-37.80652,144.98432,3066
101178,T20100011007,22/03/2010,92767,7628,17.17.00,1,Collision with vehicle,2,Monday,121,RIGHT THROUGH                        ,1,Day,2,2,0,1,0,1,1,Cross intersection,3,Other Injury,60,B,E ,Bicycle,E ,1,1,H,F,2,1,Stop-go lights,9999,ALBERT,STREET,CLARENDON,STREET,0,E,37016,I,MELBOURNE,MELBOURNE,-37.81041,144.98355,3002
101196,T20100011061,22/03/2010,92767,7628,14.25.00,1,Collision with vehicle,2,Monday,130,REAR END(VEHICLES IN SAME LANE)               ,1,Day,3,3,0,1,0,2,1,Cross intersection,3,Other Injury,60,A,W ,Bicycle,W ,1,6,H,F,2,1,Stop-go lights,5082,VICTORIA,PARADE,NICHOLSON,STREET,0,E,36408,I,MELBOURNE,MELBOURNE,-37.80811,144.97316,3002
101780,T20100012293,23/03/2010,92767,7628,11.30.00,4,Collision with a fixed object,3,Tuesday,171,LEFT OFF CARRIAGEWAY INTO OBJECT/PARKED VEHICLE       ,1,Day,2,2,1,1,0,0,2,Cross intersection,2,Hospitilisation,999,A,S ,Bicycle,NK,3,3,H,5,2,5,Unknown,9999,BOWEN,STREET,LENNOX,STREET,0,W,34398,I,YARRA,YARRA,-37.81618,144.99495,3121
101435,T20100011508,24/03/2010,92767,7628,14.30.00,1,Collision with vehicle,4,Wednesday,163,VEHICLE STRIKES DOOR OF PARKED/STATIONARY VEHICLE      ,1,Day,2,2,0,1,0,1,2,Unknown,3,Other Injury,50,B,NW,Bicycle,NW,1,1,H,F,2,5,No control,9999,ABECKETT,STREET,ELIZABETH,STREET,0,E,36882,I,MELBOURNE,MELBOURNE,-37.80925,144.96087,3000
101730,T20100012176,24/03/2010,92767,7628,18.03.00,1,Collision with vehicle,4,Wednesday,110,CROSS TRAFFIC(INTERSECTIONS ONLY)              ,2,Dusk/Dawn,2,2,1,0,0,1,2,Cross intersection,2,Hospitilisation,60,B,SE,Bicycle,SE,1,1,H,F,2,3,Stop sign,5987,MONTAGUE,STREET,BUCKHURST,STREET,0,NW,37460,I,PORT PHILLIP,PORT PHILLIP,-37.83099,144.95039,3205
101346,T20100011333,25/03/2010,92767,7628,08.15.00,1,Collision with vehicle,5,Thursday,163,VEHICLE STRIKES DOOR OF PARKED/STATIONARY VEHICLE      ,1,Day,2,2,0,1,0,1,2,Not at intersection,3,Other Injury,50,A,S ,Bicycle,S ,1,1,H,F,2,1,No control,5102,LANSDOWNE,STREET,PROVIDENCE,LANE,9,N,76117,N,MELBOURNE,MELBOURNE,-37.80938,144.97841,3002
101371,T20100011379,25/03/2010,92767,7628,09.20.00,1,Collision with vehicle,5,Thursday,133,LANE SIDE SWIPE (VEHICLES IN PARALLEL LANES)        ,1,Day,2,2,0,1,0,1,1,Cross intersection,3,Other Injury,60,B,S ,Bicycle,S ,1,1,H,1,2,1,No control,5041,KING,STREET,LONSDALE,STREET,0,S,36835,I,MELBOURNE,MELBOURNE,-37.81443,144.95483,3000
101418,T20100011472,25/03/2010,92767,7628,19.11.00,1,Collision with vehicle,5,Thursday,163,VEHICLE STRIKES DOOR OF PARKED/STATIONARY VEHICLE      ,1,Day,2,5,0,1,0,4,1,Not at intersection,3,Other Injury,60,B,NW,Bicycle,NW,1,1,H,F,0,6,No control,9999,FLINDERS,STREET,DEGRAVES,STREET,28,E,235616,N,MELBOURNE,MELBOURNE,-37.81778,144.96633,3000
101419,T20100011472,25/03/2010,92767,7628,19.11.00,1,Collision with vehicle,5,Thursday,163,VEHICLE STRIKES DOOR OF PARKED/STATIONARY VEHICLE      ,1,Day,2,5,0,1,0,4,1,Not at intersection,3,Other Injury,60,B,NW,Bicycle,NW,1,1,H,F,0,6,No control,9999,FLINDERS,STREET,DEGRAVES,STREET,28,E,235616,N,MELBOURNE,MELBOURNE,-37.81778,144.96633,3000
101984,T20100012746,25/03/2010,92767,7628,18.00.00,1,Collision with vehicle,5,Thursday,121,RIGHT THROUGH                        ,1,Day,2,2,0,1,0,1,1,Not at intersection,3,Other Injury,999,A,E ,Bicycle,E ,1,1,H,1,0,1,Unknown,2240,OLYMPIC,BOULEVARD,BATMAN,AVENUE,25,W,234916,N,MELBOURNE,MELBOURNE,-37.82331,144.97823,3004
118325,T20100049031,27/03/2010,92767,7628,18.00.00,1,Collision with vehicle,7,Saturday,142,LEAVING PARKING                       ,6,Dark Street lights unknown,2,2,0,1,0,1,2,Not at intersection,3,Other Injury,50,A,N ,Bicycle,N ,1,1,H,F,2,2,No control,9999,ELIZABETH,STREET,BOURKE,STREET,40,N,125635,N,MELBOURNE,MELBOURNE,-37.81391,144.963,3000
101680,T20100012046,29/03/2010,92767,7628,18.50.00,1,Collision with vehicle,2,Monday,163,VEHICLE STRIKES DOOR OF PARKED/STATIONARY VEHICLE      ,1,Day,2,3,0,1,0,2,2,Unknown,3,Other Injury,50,B,N ,Bicycle,N ,17,17,H,F,2,1,Stop-go lights,9999,SWANSTON,STREET,FLINDERS,STREET,12,N,75140,N,MELBOURNE,MELBOURNE,-37.81735,144.96739,3000
103435,T20100015991,29/03/2010,92767,7628,18.30.00,1,Collision with vehicle,2,Monday,137,LEFT TURN SIDESWIPE                     ,2,Dusk/Dawn,2,2,0,1,0,1,2,Cross intersection,3,Other Injury,999,A,SE,Bicycle,SE,1,1,H,4,2,2,Stop-go lights,9999,GRATTAN,STREET,FLEMINGTON,ROAD,20,E,233797,I,MELBOURNE,MELBOURNE,-37.79956,144.95523,3000
101715,T20100012123,30/03/2010,92767,7628,11.13.00,1,Collision with vehicle,3,Tuesday,160,VEHICLE COLLIDES WITH VEHICLE PARKED ON LEFT OF ROAD    ,1,Day,2,2,1,0,0,1,1,Not at intersection,2,Hospitilisation,50,B,E ,Bicycle,NK,1,1,H,F,2,6,No control,9999,STANLEY,STREET,KING,STREET,100,SW,231768,N,MELBOURNE,MELBOURNE,-37.80775,144.94987,3003
101725,T20100012161,30/03/2010,92767,7628,14.52.00,1,Collision with vehicle,3,Tuesday,121,RIGHT THROUGH                        ,1,Day,2,2,0,1,0,1,1,T intersection,3,Other Injury,50,B,E ,Bicycle,E ,1,1,H,5,2,9,No control,9999,ISLINGTON,STREET,LANGRIDGE,STREET,0,N,36658,I,YARRA,YARRA,-37.80707,144.99087,3066
101738,T20100012195,30/03/2010,92767,7628,18.45.00,1,Collision with vehicle,3,Tuesday,163,VEHICLE STRIKES DOOR OF PARKED/STATIONARY VEHICLE      ,2,Dusk/Dawn,2,3,0,2,0,1,1,Unknown,3,Other Injury,60,B,N ,Bicycle,N ,1,1,H,F,9,1,No control,9999,SWANSTON,STREET,ST KILDA,ROAD,50,N,1382,N,MELBOURNE,MELBOURNE,-37.8183,144.96783,3000
101873,T20100012467,1/04/2010,92767,7628,16.30.00,1,Collision with vehicle,5,Thursday,110,CROSS TRAFFIC(INTERSECTIONS ONLY)              ,1,Day,2,2,0,1,0,1,1,Cross intersection,3,Other Injury,50,B,N ,Bicycle,N ,1,1,H,1,2,5,Stop-go lights,9999,LITTLE COLLINS,STREET,SWANSTON,STREET,0,W,231,I,MELBOURNE,MELBOURNE,-37.81451,144.96609,3000
102152,T20100013178,1/04/2010,92767,7628,08.50.00,1,Collision with vehicle,5,Thursday,121,RIGHT THROUGH                        ,1,Day,2,2,0,1,0,1,2,Cross intersection,3,Other Injury,40,B,S ,Bicycle,S ,1,1,H,F,2,9,No control,9999,BRUNSWICK,STREET,VICTORIA,STREET,0,N,36499,I,YARRA,YARRA,-37.79906,144.97834,3065
101919,T20100012580,2/04/2010,92767,7628,12.08.00,1,Collision with vehicle,6,Friday,130,REAR END(VEHICLES IN SAME LANE)               ,1,Day,2,3,1,0,0,2,1,Not at intersection,2,Hospitilisation,50,B,SE,Bicycle,SE,1,1,H,F,2,1,No control,9999,POWER,STREET,CITY,ROAD,29,NW,231728,N,MELBOURNE,MELBOURNE,-37.82363,144.96237,3006
102207,T20100013272,8/04/2010,92767,7628,08.30.00,1,Collision with vehicle,5,Thursday,143,ENTERING PARKING                      ,1,Day,2,2,0,2,0,0,2,Not at intersection,3,Other Injury,40,B,E ,Bicycle,E ,1,1,H,1,2,6,No control,5287,SWAN,STREET,DOCKER,STREET,20,E,77894,N,YARRA,YARRA,-37.82558,144.99696,3121
103049,T20100015205,10/04/2010,92767,7628,15.30.00,1,Collision with vehicle,7,Saturday,163,VEHICLE STRIKES DOOR OF PARKED/STATIONARY VEHICLE      ,1,Day,2,2,2,0,0,0,2,Not at intersection,2,Hospitilisation,999,A,E ,Bicycle,E ,1,1,H,N,2,6,Unknown,5948,VICTORIA,STREET,HODDLE,STREET,19,E,232075,N,YARRA,YARRA,-37.80962,144.99159,3067
102396,T20100013830,12/04/2010,92767,7628,09.30.00,1,Collision with vehicle,2,Monday,130,REAR END(VEHICLES IN SAME LANE)               ,1,Day,2,2,0,1,0,1,1,Multiple intersection,3,Other Injury,60,B,S ,Bicycle,S ,1,13,H,R,2,5,Roundabout,5046,ELIZABETH,STREET,HAYMARKET,WALK,28,S,47248,I,MELBOURNE,MELBOURNE,-37.80086,144.95741,3000
102458,T20100013986,13/04/2010,92767,7628,12.15.00,1,Collision with vehicle,3,Tuesday,134,LANE CHANGE RIGHT (NOT OVERTAKING)             ,1,Day,3,3,0,1,0,2,2,Not at intersection,3,Other Injury,40,B,E ,Bicycle,E ,1,2,H,4,2,2,Unknown,9999,GERTRUDE,STREET,BRUNSWICK,STREET,50,E,122243,N,YARRA,YARRA,-37.80581,144.97777,3065
102545,T20100014155,14/04/2010,92767,7628,17.05.00,1,Collision with vehicle,4,Wednesday,135,LANE CHANGE LEFT (NOT OVERTAKING)              ,2,Dusk/Dawn,2,2,0,1,0,1,1,Cross intersection,3,Other Injury,60,B,NW,Bicycle,NW,1,1,H,1,2,2,No control,5044,FLEMINGTON,ROAD,PEEL,STREET,0,SE,35308,I,MELBOURNE,MELBOURNE,-37.80109,144.95682,3000
102649,T20100014380,15/04/2010,92767,7628,19.20.00,1,Collision with vehicle,5,Thursday,133,LANE SIDE SWIPE (VEHICLES IN PARALLEL LANES)        ,2,Dusk/Dawn,2,2,0,1,0,1,2,Not at intersection,3,Other Injury,50,B,W ,Bicycle,W ,1,1,H,F,2,6,No control,9999,LONSDALE,STREET,TATTERSALLS,LANE,6,W,126368,N,MELBOURNE,MELBOURNE,-37.81141,144.96527,3000
102704,T20100014474,17/04/2010,92767,7628,00.40.00,1,Collision with vehicle,7,Saturday,130,REAR END(VEHICLES IN SAME LANE)               ,3,Dark Street lights on,2,3,0,2,0,1,1,Cross intersection,3,Other Injury,50,B,E ,Bicycle,E ,1,1,H,R,2,1,Stop-go lights,9999,COLLINS,STREET,EXHIBITION,STREET,0,E,36990,I,MELBOURNE,MELBOURNE,-37.81405,144.97147,3000
103102,T20100015288,19/04/2010,92767,7628,16.45.00,1,Collision with vehicle,2,Monday,163,VEHICLE STRIKES DOOR OF PARKED/STATIONARY VEHICLE      ,1,Day,2,2,0,1,0,1,2,Not at intersection,3,Other Injury,50,A,S ,Bicycle,S ,1,1,H,F,0,9,No control,9999,ELIZABETH,STREET,LITTLE LONSDALE,STREET,15,N,232114,N,MELBOURNE,MELBOURNE,-37.81117,144.96175,3000
102965,T20100015035,20/04/2010,92767,7628,07.45.00,1,Collision with vehicle,3,Tuesday,137,LEFT TURN SIDESWIPE                     ,1,Day,2,2,0,1,0,1,1,T intersection,3,Other Injury,60,B,S ,Bicycle,S ,1,13,H,1,0,2,No control,9999,DAVID,STREET,ELGIN,STREET,0,S,36398,I,MELBOURNE,MELBOURNE,-37.79762,144.97181,3053
104124,T20100017629,20/04/2010,92767,7628,07.45.00,1,Collision with vehicle,3,Tuesday,130,REAR END(VEHICLES IN SAME LANE)               ,2,Dusk/Dawn,3,4,0,1,0,3,2,Cross intersection,3,Other Injury,60,C,W ,Bicycle,NK,6,6,H,N,2,6,Stop-go lights,5285,BRIDGE,ROAD,LENNOX,STREET,0,W,37122,I,YARRA,YARRA,-37.81807,144.99462,3121
104393,T20100018138,20/04/2010,92767,7628,17.30.00,1,Collision with vehicle,3,Tuesday,148,VEHICLE OFF FOOTPATH STRIKES VEH ON CARRIAGEWAY,2,Dusk/Dawn,2,2,0,1,0,1,2,Not at intersection,3,Other Injury,999,B,S ,Bicycle,S ,1,1,H,5,2,1,No control,2120,WURUNDJERI,WAY,BATMANS HILL,DRIVE,20,W,233203,N,MELBOURNE,MELBOURNE,-37.82245,144.94982,3008
102970,T20100015057,21/04/2010,92767,7628,07.00.00,1,Collision with vehicle,4,Wednesday,163,VEHICLE STRIKES DOOR OF PARKED/STATIONARY VEHICLE      ,2,Dusk/Dawn,2,2,0,1,0,1,1,Not at intersection,3,Other Injury,50,B,E ,Bicycle,E ,1,18,H,F,2,6,No control,9999,COLLINS,STREET,KING,STREET,20,W,238095,N,MELBOURNE,MELBOURNE,-37.81842,144.95642,3000
103022,T20100015158,21/04/2010,92767,7628,19.25.00,1,Collision with vehicle,4,Wednesday,110,CROSS TRAFFIC(INTERSECTIONS ONLY)              ,2,Dusk/Dawn,2,2,0,1,0,1,2,Cross intersection,3,Other Injury,50,A,N ,Bicycle,N ,1,1,H,8,2,6,Roundabout,9999,KERR,STREET,NAPIER,STREET,0,E,36526,I,YARRA,YARRA,-37.79698,144.98098,3065
103055,T20100015217,22/04/2010,92767,7628,10.45.00,1,Collision with vehicle,5,Thursday,163,VEHICLE STRIKES DOOR OF PARKED/STATIONARY VEHICLE      ,1,Day,2,2,0,1,0,1,1,Not at intersection,3,Other Injury,50,B,W ,Bicycle,W ,1,1,H,F,2,6,No control,9999,WHITEMAN,STREET,WHITEMAN,STREET,20,NE,232079,N,MELBOURNE,MELBOURNE,-37.82334,144.95997,3006
103125,T20100015346,23/04/2010,92767,7628,08.01.00,1,Collision with vehicle,6,Friday,160,VEHICLE COLLIDES WITH VEHICLE PARKED ON LEFT OF ROAD    ,1,Day,2,1,1,0,0,0,1,Not at intersection,2,Hospitilisation,30,A,N ,Bicycle,N ,1,18,H,F,2,6,No control,9999,SWANSTON,STREET,FLINDERS,STREET,49,N,233335,N,MELBOURNE,MELBOURNE,-37.81704,144.96725,3000
103200,T20100015476,23/04/2010,92767,7628,09.30.00,1,Collision with vehicle,6,Friday,163,VEHICLE STRIKES DOOR OF PARKED/STATIONARY VEHICLE      ,1,Day,2,2,0,1,0,1,2,Not at intersection,3,Other Injury,60,B,S ,Bicycle,S ,1,1,H,F,2,6,No control,9999,WELLINGTON,STREET,PEEL,STREET,34,N,232265,N,YARRA,YARRA,-37.80498,144.98635,3066
103293,T20100015687,24/04/2010,92767,7628,19.30.00,1,Collision with vehicle,7,Saturday,142,LEAVING PARKING                       ,2,Dusk/Dawn,2,2,0,1,0,1,1,Not at intersection,3,Other Injury,50,B,N ,Bicycle,N ,1,1,H,F,1,1,No control,9999,DORCAS,STREET,MIDDLETON,LANE,37,W,233167,N,MELBOURNE,"MELBOURNE,PORT PHILLIP",-37.83027,144.97002,3205
103312,T20100015734,25/04/2010,92767,7628,13.15.00,1,Collision with vehicle,1,Sunday,163,VEHICLE STRIKES DOOR OF PARKED/STATIONARY VEHICLE      ,1,Day,2,3,0,1,0,2,1,T intersection,3,Other Injury,40,A,S ,Bicycle,S ,1,1,H,F,2,6,No control,9999,SMITH,STREET,ST DAVID,STREET,0,S,36563,I,YARRA,YARRA,-37.80123,144.98388,3066
103426,T20100015970,27/04/2010,92767,7628,14.29.00,1,Collision with vehicle,3,Tuesday,142,LEAVING PARKING                       ,1,Day,2,3,0,1,0,2,1,Cross intersection,3,Other Injury,60,B,E ,Bicycle,E ,1,1,H,5,2,6,No control,9999,DRUMMOND,STREET,ELGIN,STREET,0,N,36338,I,MELBOURNE,MELBOURNE,-37.79732,144.96902,3053
103486,T20100016130,28/04/2010,92767,7628,07.35.00,1,Collision with vehicle,4,Wednesday,163,VEHICLE STRIKES DOOR OF PARKED/STATIONARY VEHICLE      ,1,Day,2,3,0,1,0,2,2,Not at intersection,3,Other Injury,50,B,N ,Bicycle,N ,1,1,H,F,2,2,No control,9999,ST KILDA,ROAD,SWANSTON,STREET,50,S,134815,N,MELBOURNE,MELBOURNE,-37.81915,144.96822,3000
106174,T20100021925,30/04/2010,92767,7628,17.00.00,1,Collision with vehicle,6,Friday,163,VEHICLE STRIKES DOOR OF PARKED/STATIONARY VEHICLE      ,3,Dark Street lights on,2,2,1,0,0,1,2,Not at intersection,2,Hospitilisation,60,A,NW,Bicycle,NW,1,1,H,F,1,4,No control,9999,EXHIBITION,STREET,GRANT,LANE,17,S,235650,N,MELBOURNE,MELBOURNE,-37.80773,144.96854,3000
110058,T20100030854,30/04/2010,92767,7628,17.30.00,1,Collision with vehicle,6,Friday,116,LEFT NEAR (INTERSECTIONS ONLY)               ,2,Dusk/Dawn,2,2,0,1,0,1,2,T intersection,3,Other Injury,999,A,E ,Bicycle,E ,1,1,H,F,9,6,No control,5083,VICTORIA,PARADE,CAMBRIDGE,STREET,0,W,57453,I,YARRA,YARRA,-37.80895,144.98479,3066
103933,T20100017117,1/05/2010,92767,7628,17.30.00,1,Collision with vehicle,7,Saturday,163,VEHICLE STRIKES DOOR OF PARKED/STATIONARY VEHICLE      ,1,Day,2,1,0,1,0,0,2,Not at intersection,3,Other Injury,60,B,E ,Bicycle,E ,1,1,H,F,0,2,No control,5287,SWAN,STREET,DOCKER,STREET,23,E,232549,N,YARRA,YARRA,-37.82558,144.997,3121
105174,T20100019737,1/05/2010,92767,7628,01.30.00,8,No collision and no object struck,6,Saturday,174,OUT OF CONTROL ON CARRIAGEWAY (ON STRAIGHT)         ,3,Dark Street lights on,2,2,0,1,0,1,2,Not at intersection,3,Other Injury,40,A,W ,Bicycle,W ,1,1,H,N,1,6,No control,9999,QUEENSBERRY,STREET,MATTINGLYS,LANE,17,E,285846,N,MELBOURNE,MELBOURNE,-37.80302,144.94939,3051
103916,T20100017061,4/05/2010,92767,7628,17.44.00,1,Collision with vehicle,3,Tuesday,116,LEFT NEAR (INTERSECTIONS ONLY)               ,6,Dark Street lights unknown,2,2,0,1,0,1,1,Multiple intersection,3,Other Injury,50,B,S ,Bicycle,S ,1,1,H,R,9,3,Roundabout,9999,BARKLY,STREET,FARADAY,STREET,0,NE,46469,I,MELBOURNE,MELBOURNE,-37.79925,144.97263,3053
103985,T20100017230,5/05/2010,92767,7628,17.30.00,2,Struck Pedestrian,4,Wednesday,109,ANY MANOEUVRE INVOLVING PED NOT INCLUDED IN DCAs 100-108.  ,2,Dusk/Dawn,1,3,0,1,0,2,2,Not at intersection,3,Other Injury,999,A,S ,Bicycle,S ,1,1,H,F,2,1,No control,5318,CLARENDON,STREET,WHITEMAN,STREET,0,N,36858,I,MELBOURNE,MELBOURNE,-37.82535,144.95705,3006
104046,T20100017409,6/05/2010,92767,7628,18.14.00,1,Collision with vehicle,5,Thursday,163,VEHICLE STRIKES DOOR OF PARKED/STATIONARY VEHICLE      ,2,Dusk/Dawn,2,3,0,1,0,2,1,Not at intersection,3,Other Injury,50,B,W ,Bicycle,W ,1,1,H,F,1,1,Unknown,9999,GERTRUDE,STREET,GEORGE,STREET,45,E,232869,N,YARRA,YARRA,-37.80617,144.98112,3065
104180,T20100017759,7/05/2010,92767,7628,13.30.00,1,Collision with vehicle,6,Friday,143,ENTERING PARKING                      ,1,Day,2,2,0,1,0,1,2,Cross intersection,3,Other Injury,40,B,S ,Bicycle,S ,1,1,H,F,0,2,No control,5490,CHAPEL,STREET,TOORAK,ROAD,0,N,37719,I,STONNINGTON,STONNINGTON,-37.8395,144.99562,3141
108012,T20100025990,7/05/2010,92767,7628,18.15.00,1,Collision with vehicle,6,Friday,121,RIGHT THROUGH                        ,3,Dark Street lights on,2,2,0,1,0,1,1,T intersection,3,Other Injury,60,B,S ,Bicycle,S ,1,1,H,F,1,6,No control,9999,CLARENDON,STREET,GEORGE,STREET,0,S,234574,I,MELBOURNE,MELBOURNE,-37.81496,144.98278,3002
108176,T20100026389,7/05/2010,92767,7628,17.15.00,1,Collision with vehicle,6,Friday,137,LEFT TURN SIDESWIPE                     ,1,Day,2,2,0,1,0,1,2,Cross intersection,3,Other Injury,60,B,NW,Bicycle,NW,1,1,H,F,2,9,Stop-go lights,2120,FOOTSCRAY ROAD -WURUNDJERI,WAY,DOCKLANDS,DRIVE,0,E,36794,I,MELBOURNE,MELBOURNE,-37.81284,144.94288,3008
108659,T20100027542,7/05/2010,92767,7628,13.00.00,1,Collision with vehicle,6,Friday,163,VEHICLE STRIKES DOOR OF PARKED/STATIONARY VEHICLE      ,1,Day,2,2,1,1,0,0,2,Not at intersection,2,Hospitilisation,60,B,E ,Bicycle,E ,1,13,H,5,2,2,No control,9999,GRATTAN,STREET,ERSKINE,LANE,14,E,235169,N,MELBOURNE,MELBOURNE,-37.801,144.96933,3053
104226,T20100017867,9/05/2010,92767,7628,03.05.00,1,Collision with vehicle,1,Sunday,131,LEFT REAR                          ,3,Dark Street lights on,2,2,0,1,0,1,1,T intersection,3,Other Injury,50,B,W ,Bicycle,S ,3,3,H,R,1,3,Unknown,9999,HARBOUR,ESPLANADE,HARBOUR,ESPLANADE,0,N,65926,I,MELBOURNE,MELBOURNE,-37.81499,144.94501,3008