,ACCIDENT_NO,ACCIDENTDATE,CYCLISTS,CYCLISTS_COUNT_LS,ACCIDENTTIME,ACCIDENT_TYPE,ACCIDENT_TYPE_DESC,DAY_OF_WEEK,DAY_WEEK_DESC,DCA_CODE,DCA Description,LIGHT_CONDITION,LIGHT_CONDITION_DEC,NO_OF_VEHICLES,NO_PERSONS,NO_PERSONS_INJ_2,NO_PERSONS_INJ_3,NO_PERSONS_KILLED,NO_PERSONS_NOT_INJ,POLICE_ATTEND,ROAD_GEOMETRY_DESC,SEVERITY,SEVERITY_DESC,SPEED_ZONE,VEHICLE_ID,INITIAL_DIRECTION,Vehicle Type Desc,FINAL_DIRECTION,DRIVER_INTENT,VEHICLE_MOVEMENT,TRAILER_TYPE,INITIAL_IMPACT,LAMPS,LEVEL_OF_DAMAGE,TRAFFIC_CONTROL_DESC,ROAD_ROUTE_1,ROAD_NAME,ROAD_TYPE,ROAD_NAME_INT,ROAD_TYPE_INT,DISTANCE_LOCATION,DIRECTION_LOCATION,NODE_ID,NODE_TYPE,LGA_NAME,Lga Name All,Lat,Long,Postcode No
104228,T20100017868,9/05/2010,92767,7628,13.30.00,1,Collision with vehicle,1,Sunday,113,RIGHT NEAR (INTERSECTIONS ONLY)               ,1,Day,2,2,0,1,0,1,1,T intersection,3,Other Injury,50,B,W ,Bicycle,N ,2,18,H,F,0,3,Stop-go lights,9999,HARBOUR,ESPLANADE,HARBOUR,ESPLANADE,0,N,65926,I,MELBOURNE,MELBOURNE,-37.81499,144.94501,3008
104706,T20100018793,10/05/2010,92767,7628,18.30.00,1,Collision with vehicle,2,Monday,121,RIGHT THROUGH                        ,2,Dusk/Dawn,2,2,0,1,0,1,2,Cross intersection,3,Other Injury,50,B,S ,Bicycle,S ,1,1,H,1,1,1,Stop-go lights,9999,FRANKLIN,STREET,SWANSTON,STREET,0,W,36291,I,MELBOURNE,MELBOURNE,-37.80746,144.96284,3000
104592,T20100018546,11/05/2010,92767,7628,17.30.00,1,Collision with vehicle,3,Tuesday,163,VEHICLE STRIKES DOOR OF PARKED/STATIONARY VEHICLE      ,3,Dark Street lights on,2,3,0,1,0,2,2,Cross intersection,3,Other Injury,40,A,E ,Bicycle,E ,1,1,H,F,2,3,Stop-go lights,9999,COLLINS,STREET,SWANSTON,STREET,0,E,29427,I,MELBOURNE,MELBOURNE,-37.81549,144.96654,3000
104580,T20100018526,13/05/2010,92767,7628,16.55.00,1,Collision with vehicle,5,Thursday,139,OTHER SAME DIRECTION-MANOUEVRES NOT INCLUDED IN DCAs 130-137,2,Dusk/Dawn,2,2,0,1,0,1,2,Not at intersection,3,Other Injury,50,A,W ,Bicycle,W ,7,7,H,5,9,6,No control,9999,DORCAS,STREET,ST LUKE,STREET,11,E,235467,N,PORT PHILLIP,PORT PHILLIP,-37.83265,144.96183,3205
104583,T20100018527,13/05/2010,92767,7628,17.48.00,1,Collision with vehicle,5,Thursday,121,RIGHT THROUGH                        ,3,Dark Street lights on,2,2,1,0,0,1,1,Cross intersection,2,Hospitilisation,40,B,N ,Bicycle,N ,1,18,H,F,2,1,No control,9999,MATER,STREET,WELLINGTON,STREET,0,W,36619,I,YARRA,YARRA,-37.79566,144.98795,3066
104591,T20100018545,13/05/2010,92767,7628,18.16.00,1,Collision with vehicle,5,Thursday,130,REAR END(VEHICLES IN SAME LANE)               ,2,Dusk/Dawn,2,2,1,0,0,1,1,T intersection,2,Hospitilisation,60,B,S ,Bicycle,S ,1,1,H,R,1,1,No control,5882,ST KILDA,ROAD,GRANT,STREET,0,N,29429,I,MELBOURNE,MELBOURNE,-37.82495,144.97088,3006
104641,T20100018661,13/05/2010,92767,7628,17.10.00,1,Collision with vehicle,5,Thursday,110,CROSS TRAFFIC(INTERSECTIONS ONLY)              ,2,Dusk/Dawn,2,2,0,1,0,1,2,Cross intersection,3,Other Injury,60,A,E ,Bicycle,E ,1,1,H,F,2,2,No control,9999,DRUMMOND,STREET,ELGIN,STREET,0,N,36338,I,MELBOURNE,MELBOURNE,-37.79732,144.96902,3053
106846,T20100023353,14/05/2010,92767,7628,20.00.00,1,Collision with vehicle,6,Friday,134,LANE CHANGE RIGHT (NOT OVERTAKING)             ,3,Dark Street lights on,3,3,0,1,0,2,2,Not at intersection,3,Other Injury,30,A,N ,Bicycle,N ,1,6,H,1,2,2,No control,9999,SWANSTON,STREET,COLLINS,STREET,50,S,74882,N,MELBOURNE,MELBOURNE,-37.81592,144.96673,3000
104752,T20100018910,16/05/2010,92767,7628,08.30.00,1,Collision with vehicle,1,Sunday,130,REAR END(VEHICLES IN SAME LANE)               ,1,Day,2,2,0,1,0,1,1,Cross intersection,3,Other Injury,60,B,W ,Bicycle,W ,1,1,H,R,1,3,Stop-go lights,5325,CITY,ROAD,CECIL,STREET,0,SW,36862,I,PORT PHILLIP,PORT PHILLIP,-37.82934,144.95608,3006
104795,T20100018971,16/05/2010,92767,7628,13.30.00,1,Collision with vehicle,1,Sunday,140,U TURN                           ,1,Day,2,3,0,1,0,2,1,Cross intersection,3,Other Injury,50,B,S ,Bicycle,S ,1,1,H,1,2,6,Stop-go lights,9999,ELIZABETH,STREET,LA TROBE,STREET,0,N,65743,I,MELBOURNE,MELBOURNE,-37.81032,144.96136,3000
104796,T20100018971,16/05/2010,92767,7628,13.30.00,1,Collision with vehicle,1,Sunday,140,U TURN                           ,1,Day,2,3,0,1,0,2,1,Cross intersection,3,Other Injury,50,B,S ,Bicycle,S ,1,1,H,1,2,6,Stop-go lights,9999,ELIZABETH,STREET,LA TROBE,STREET,0,N,65743,I,MELBOURNE,MELBOURNE,-37.81032,144.96136,3000
104985,T20100019434,19/05/2010,92767,7628,17.25.00,1,Collision with vehicle,3,Wednesday,133,LANE SIDE SWIPE (VEHICLES IN PARALLEL LANES)        ,2,Dusk/Dawn,2,2,0,1,0,1,1,Not at intersection,3,Other Injury,50,B,NW,Bicycle,NW,1,1,H,F,2,1,No control,9999,SPRING,STREET,LITTLE BOURKE,STREET,20,N,234863,N,MELBOURNE,MELBOURNE,-37.8102,144.97251,3002
104986,T20100019434,19/05/2010,92767,7628,17.25.00,1,Collision with vehicle,3,Wednesday,133,LANE SIDE SWIPE (VEHICLES IN PARALLEL LANES)        ,2,Dusk/Dawn,2,2,0,1,0,1,1,Not at intersection,3,Other Injury,50,B,NW,Bicycle,NW,1,1,H,F,2,1,No control,9999,SPRING,STREET,LITTLE BOURKE,STREET,20,N,234863,N,MELBOURNE,MELBOURNE,-37.8102,144.97251,3002
105010,T20100019492,20/05/2010,92767,7628,08.10.00,1,Collision with vehicle,5,Thursday,137,LEFT TURN SIDESWIPE                     ,1,Day,2,3,0,1,0,2,1,Cross intersection,3,Other Injury,60,B,NW,Bicycle,NW,1,1,H,1,2,2,No control,5987,MONTAGUE,STREET,WOODGATE,STREET,0,NW,36824,I,PORT PHILLIP,PORT PHILLIP,-37.82958,144.94902,3205
105030,T20100019532,20/05/2010,92767,7628,09.15.00,1,Collision with vehicle,5,Thursday,121,RIGHT THROUGH                        ,1,Day,3,3,0,2,0,1,1,Cross intersection,3,Other Injury,60,B,E ,Bicycle,E ,1,1,H,F,2,1,No control,9999,LEICESTER,STREET,QUEENSBERRY,STREET,0,N,65471,I,MELBOURNE,MELBOURNE,-37.80423,144.9603,3053
105031,T20100019532,20/05/2010,92767,7628,09.15.00,1,Collision with vehicle,5,Thursday,121,RIGHT THROUGH                        ,1,Day,3,3,0,2,0,1,1,Cross intersection,3,Other Injury,60,C,E ,Bicycle,E ,1,1,H,F,2,6,No control,9999,LEICESTER,STREET,QUEENSBERRY,STREET,0,N,65471,I,MELBOURNE,MELBOURNE,-37.80423,144.9603,3053
105163,T20100019715,21/05/2010,92767,7628,16.00.00,1,Collision with vehicle,6,Friday,148,VEHICLE OFF FOOTPATH STRIKES VEH ON CARRIAGEWAY,1,Day,2,2,0,1,0,1,1,Cross intersection,3,Other Injury,50,B,W ,Bicycle,W ,1,1,H,8,2,9,Giveway sign,9999,DOW,STREET,LIARDET,STREET,0,SW,37419,I,PORT PHILLIP,PORT PHILLIP,-37.83925,144.9435,3207
105247,T20100019905,22/05/2010,92767,7628,16.42.00,1,Collision with vehicle,7,Saturday,135,LANE CHANGE LEFT (NOT OVERTAKING)              ,2,Dusk/Dawn,2,2,0,1,0,1,1,Cross intersection,3,Other Injury,60,B,N ,Bicycle,N ,1,1,H,1,0,6,No control,9999,KEELE,STREET,WELLINGTON,STREET,0,W,36622,I,YARRA,YARRA,-37.79719,144.98769,3066
118994,T20100050529,22/05/2010,92767,7628,12.00.00,1,Collision with vehicle,7,Saturday,163,VEHICLE STRIKES DOOR OF PARKED/STATIONARY VEHICLE      ,1,Day,2,3,1,0,0,2,2,Not at intersection,2,Hospitilisation,50,B,S ,Bicycle,S ,1,1,H,F,2,6,Stop-go lights,5490,CHAPEL,STREET,ALMEIDA,CRESCENT,10,S,238752,N,STONNINGTON,STONNINGTON,-37.83859,144.9958,3141
105270,T20100019963,23/05/2010,92767,7628,11.05.00,1,Collision with vehicle,1,Sunday,110,CROSS TRAFFIC(INTERSECTIONS ONLY)              ,1,Day,2,2,0,1,0,1,2,Cross intersection,3,Other Injury,60,B,SW,Bicycle,SW,1,1,H,5,2,9,Stop-go lights,9999,FLINDERS,STREET,QUEENS BRIDGE,STREET,0,W,35356,I,MELBOURNE,MELBOURNE,-37.8193,144.96109,3000
105271,T20100019963,23/05/2010,92767,7628,11.05.00,1,Collision with vehicle,1,Sunday,110,CROSS TRAFFIC(INTERSECTIONS ONLY)              ,1,Day,2,2,0,1,0,1,2,Cross intersection,3,Other Injury,60,B,SW,Bicycle,SW,1,1,H,5,2,9,Stop-go lights,9999,FLINDERS,STREET,QUEENS BRIDGE,STREET,0,W,35356,I,MELBOURNE,MELBOURNE,-37.8193,144.96109,3000
105347,T20100020104,24/05/2010,92767,7628,08.30.00,1,Collision with vehicle,2,Monday,135,LANE CHANGE LEFT (NOT OVERTAKING)              ,9,Unknown,2,2,0,1,0,1,2,Not at intersection,3,Other Injury,50,B,S ,Bicycle,S ,1,1,H,F,9,6,No control,9999,WILLIAM,STREET,PEEL,STREET,10,S,233277,N,MELBOURNE,MELBOURNE,-37.80957,144.95543,3003
105487,T20100020429,25/05/2010,92767,7628,10.10.00,1,Collision with vehicle,3,Tuesday,110,CROSS TRAFFIC(INTERSECTIONS ONLY)              ,1,Day,2,3,0,1,0,2,1,Cross intersection,3,Other Injury,50,B,E ,Bicycle,E ,1,1,H,F,2,1,Stop sign,9999,BARRY,STREET,PELHAM,STREET,0,N,65370,I,MELBOURNE,MELBOURNE,-37.80205,144.95953,3053
105518,T20100020506,25/05/2010,92767,7628,19.30.00,7,Fall from or in moving vehicle,3,Tuesday,174,OUT OF CONTROL ON CARRIAGEWAY (ON STRAIGHT)         ,3,Dark Street lights on,2,3,0,1,0,2,2,Cross intersection,3,Other Injury,50,A,N ,Bicycle,N ,1,18,H,5,2,1,No control,9999,LONSDALE,STREET,SWANSTON,STREET,0,E,35363,I,MELBOURNE,MELBOURNE,-37.81156,144.96473,3000
105494,T20100020445,26/05/2010,92767,7628,09.23.00,1,Collision with vehicle,4,Wednesday,110,CROSS TRAFFIC(INTERSECTIONS ONLY)              ,1,Day,2,2,0,1,0,1,1,Cross intersection,3,Other Injury,50,B,W ,Bicycle,W ,1,1,H,F,2,1,Roundabout,9999,COVENTRY,STREET,WELLS,STREET,0,W,36963,I,MELBOURNE,MELBOURNE,-37.82933,144.9689,3006
105517,T20100020502,26/05/2010,92767,7628,12.30.00,1,Collision with vehicle,4,Wednesday,110,CROSS TRAFFIC(INTERSECTIONS ONLY)              ,1,Day,2,2,0,1,0,1,2,Cross intersection,3,Other Injury,999,B,S ,Bicycle,S ,1,1,H,F,9,1,Unknown,9999,BANK,STREET,EASTERN,ROAD,0,E,37571,I,PORT PHILLIP,PORT PHILLIP,-37.83288,144.96535,3205
105532,T20100020531,26/05/2010,92767,7628,17.15.00,1,Collision with vehicle,4,Wednesday,110,CROSS TRAFFIC(INTERSECTIONS ONLY)              ,2,Dusk/Dawn,2,2,0,1,0,1,1,Cross intersection,3,Other Injury,50,B,E ,Bicycle,E ,1,1,H,F,2,1,Stop sign,9999,DRUMMOND,STREET,ELGIN,STREET,0,N,36338,I,MELBOURNE,MELBOURNE,-37.79732,144.96902,3053
107755,T20100025396,27/05/2010,92767,7628,13.30.00,1,Collision with vehicle,5,Thursday,163,VEHICLE STRIKES DOOR OF PARKED/STATIONARY VEHICLE      ,1,Day,3,3,1,0,0,2,2,Not at intersection,2,Hospitilisation,40,A,S ,Bicycle,S ,1,1,H,5,2,2,No control,9999,SMITH,STREET,MOOR,STREET,25,S,235293,N,YARRA,YARRA,-37.80241,144.98368,3066
105691,T20100020886,28/05/2010,92767,7628,17.30.00,1,Collision with vehicle,6,Friday,110,CROSS TRAFFIC(INTERSECTIONS ONLY)              ,3,Dark Street lights on,2,2,1,0,0,1,1,Cross intersection,2,Hospitilisation,50,A,N ,Bicycle,N ,1,1,H,F,1,1,Roundabout,9999,GREY,STREET,POWLETT,STREET,0,W,29433,I,MELBOURNE,MELBOURNE,-37.81188,144.98597,3002
105756,T20100021020,29/05/2010,92767,7628,11.25.00,2,Struck Pedestrian,7,Saturday,108,PED STRUCK WALKING TO/FROM OR BOARDING/ALIGHTING VEHICLE.  ,1,Day,1,2,0,1,0,1,2,Not at intersection,3,Other Injury,60,A,W ,Bicycle,W ,1,1,H,5,2,9,No control,5853,JOHNSTON,STREET,WELLINGTON,STREET,15,W,122887,N,YARRA,YARRA,-37.79926,144.98718,3066
105859,T20100021279,29/05/2010,92767,7628,01.00.00,1,Collision with vehicle,6,Saturday,111,RIGHT FAR (INTERSECTIONS ONLY)               ,6,Dark Street lights unknown,2,2,0,1,0,1,2,T intersection,3,Other Injury,40,A,E ,Bicycle,S ,2,2,H,8,9,9,Stop sign,9999,SMITH,STREET,HODGSON,STREET,0,S,36566,I,YARRA,YARRA,-37.80175,144.98379,3066
106206,T20100021985,1/06/2010,92767,7628,17.27.00,1,Collision with vehicle,3,Tuesday,137,LEFT TURN SIDESWIPE                     ,2,Dusk/Dawn,2,2,0,1,0,1,2,Cross intersection,3,Other Injury,999,B,SW,Bicycle,SE,3,3,H,4,9,5,Ped. crossing,9999,FRANKLIN,STREET,QUEEN,STREET,0,W,36865,I,MELBOURNE,MELBOURNE,-37.8096,144.95823,3000
106023,T20100021600,2/06/2010,92767,7628,17.30.00,1,Collision with vehicle,4,Wednesday,121,RIGHT THROUGH                        ,2,Dusk/Dawn,2,3,0,1,0,2,1,Cross intersection,3,Other Injury,50,B,W ,Bicycle,W ,1,1,H,F,2,6,Stop-go lights,9999,LONSDALE,STREET,RUSSELL,STREET,0,E,236,I,MELBOURNE,MELBOURNE,-37.81084,144.9672,3000
106080,T20100021722,2/06/2010,92767,7628,18.40.00,1,Collision with vehicle,4,Wednesday,163,VEHICLE STRIKES DOOR OF PARKED/STATIONARY VEHICLE      ,3,Dark Street lights on,2,3,0,1,0,2,2,Cross intersection,3,Other Injury,60,B,E ,Bicycle,E ,1,1,H,F,2,6,Stop-go lights,9999,COLLINS,STREET,ELIZABETH,STREET,0,E,35360,I,MELBOURNE,MELBOURNE,-37.81622,144.96407,3000
106632,T20100022883,3/06/2010,92767,7628,15.45.00,1,Collision with vehicle,5,Thursday,163,VEHICLE STRIKES DOOR OF PARKED/STATIONARY VEHICLE      ,1,Day,2,2,0,1,0,1,2,Not at intersection,3,Other Injury,40,A,S ,Bicycle,S ,1,1,H,F,2,2,No control,9999,SMITH,STREET,PEEL,STREET,20,S,122725,N,YARRA,YARRA,-37.80516,144.9832,3066
106181,T20100021945,4/06/2010,92767,7628,15.02.00,1,Collision with vehicle,6,Friday,110,CROSS TRAFFIC(INTERSECTIONS ONLY)              ,1,Day,2,2,1,0,0,1,1,Cross intersection,2,Hospitilisation,60,A,W ,Bicycle,W ,99,99,H,5,2,9,Stop-go lights,5046,ELIZABETH,STREET,ROYAL,PARADE,0,S,36210,I,MELBOURNE,MELBOURNE,-37.79972,144.95756,3052
106476,T20100022599,9/06/2010,92767,7628,07.30.00,1,Collision with vehicle,3,Wednesday,148,VEHICLE OFF FOOTPATH STRIKES VEH ON CARRIAGEWAY,2,Dusk/Dawn,2,2,1,0,0,1,1,Not at intersection,2,Hospitilisation,60,B,S ,Bicycle,S ,1,1,H,1,2,1,No control,5736,NICHOLSON,STREET,JOHNSTON,STREET,30,N,299414,N,MELBOURNE,"MELBOURNE,YARRA",-37.79769,144.97492,3065
106604,T20100022825,10/06/2010,92767,7628,13.15.00,1,Collision with vehicle,5,Thursday,163,VEHICLE STRIKES DOOR OF PARKED/STATIONARY VEHICLE      ,1,Day,2,2,0,1,0,1,1,T intersection,3,Other Injury,50,B,W ,Bicycle,W ,1,13,H,5,2,6,No control,5287,SWAN,STREET,LENNOX,STREET,0,W,37135,I,YARRA,YARRA,-37.82518,144.99339,3121
111357,T20100033905,17/06/2010,92767,7628,08.10.00,1,Collision with vehicle,5,Thursday,121,RIGHT THROUGH                        ,1,Day,2,3,0,1,0,2,2,T intersection,3,Other Injury,999,A,S ,Bicycle,S ,1,1,H,1,2,5,Unknown,5736,NICHOLSON,STREET,PRINCES,STREET,0,S,36445,I,MELBOURNE,"MELBOURNE,YARRA",-37.80677,144.97338,3065
107113,T20100023948,18/06/2010,92767,7628,13.50.00,1,Collision with vehicle,6,Friday,121,RIGHT THROUGH                        ,1,Day,2,2,1,0,0,1,1,T intersection,2,Hospitilisation,40,B,W ,Bicycle,W ,1,1,H,F,2,4,No control,5853,JOHNSTON,STREET,CAMPBELL,STREET,0,W,36644,I,YARRA,YARRA,-37.79951,144.98962,3066
107207,T20100024120,19/06/2010,92767,7628,16.00.00,2,Struck Pedestrian,7,Saturday,100,PED NEAR SIDE. PED HIT BY VEHICLE FROM THE RIGHT.      ,2,Dusk/Dawn,1,2,1,0,0,1,2,Cross intersection,2,Hospitilisation,50,A,N ,Bicycle,N ,1,1,H,F,2,6,Stop-go lights,9999,EXHIBITION,STREET,LA TROBE,STREET,0,N,29396,I,MELBOURNE,MELBOURNE,-37.80816,144.96874,3000
107208,T20100024120,19/06/2010,92767,7628,16.00.00,2,Struck Pedestrian,7,Saturday,100,PED NEAR SIDE. PED HIT BY VEHICLE FROM THE RIGHT.      ,2,Dusk/Dawn,1,2,1,0,0,1,2,Cross intersection,2,Hospitilisation,50,A,N ,Bicycle,N ,1,1,H,F,2,6,Stop-go lights,9999,EXHIBITION,STREET,LA TROBE,STREET,0,N,29396,I,MELBOURNE,MELBOURNE,-37.80816,144.96874,3000
107442,T20100024693,20/06/2010,92767,7628,22.00.00,1,Collision with vehicle,1,Sunday,163,VEHICLE STRIKES DOOR OF PARKED/STATIONARY VEHICLE      ,3,Dark Street lights on,2,2,0,1,0,1,2,T intersection,3,Other Injury,40,B,S ,Bicycle,S ,1,1,H,F,9,2,No control,9999,OTTER,STREET,SMITH,STREET,0,W,36561,I,YARRA,YARRA,-37.8007,144.98397,3066
111807,T20100034975,22/06/2010,92767,7628,09.00.00,1,Collision with vehicle,3,Tuesday,110,CROSS TRAFFIC(INTERSECTIONS ONLY)              ,1,Day,2,2,1,0,0,1,2,Cross intersection,2,Hospitilisation,60,A,W ,Bicycle,W ,1,1,H,F,2,2,Roundabout,9999,LEICESTER,STREET,PELHAM,STREET,0,N,65381,I,MELBOURNE,MELBOURNE,-37.80217,144.96065,3053
107456,T20100024711,23/06/2010,92767,7628,12.45.00,1,Collision with vehicle,4,Wednesday,163,VEHICLE STRIKES DOOR OF PARKED/STATIONARY VEHICLE      ,1,Day,2,2,0,1,0,1,1,Not at intersection,3,Other Injury,40,B,W ,Bicycle,W ,1,1,H,F,2,1,No control,5898,TOORAK,ROAD,MURPHY,STREET,15,W,234114,N,STONNINGTON,STONNINGTON,-37.83878,144.99002,3141
109864,T20100030364,23/06/2010,92767,7628,08.00.00,1,Collision with vehicle,4,Wednesday,110,CROSS TRAFFIC(INTERSECTIONS ONLY)              ,1,Day,2,2,0,1,0,1,2,Cross intersection,3,Other Injury,50,A,E ,Bicycle,E ,1,1,H,5,2,1,Unknown,9999,BRIDGE,STREET,EVANS,STREET,0,NW,37405,I,PORT PHILLIP,PORT PHILLIP,-37.83441,144.94059,3207
107514,T20100024803,24/06/2010,92767,7628,08.40.00,1,Collision with vehicle,5,Thursday,163,VEHICLE STRIKES DOOR OF PARKED/STATIONARY VEHICLE      ,1,Day,3,3,0,2,0,1,1,Not at intersection,3,Other Injury,60,B,NW,Bicycle,NW,1,1,H,F,2,1,No control,5882,ST KILDA,ROAD,SLATER,STREET,126,N,234074,N,MELBOURNE,"PORT PHILLIP,MELBOURNE",-37.83799,144.97618,3004
107515,T20100024803,24/06/2010,92767,7628,08.40.00,1,Collision with vehicle,5,Thursday,163,VEHICLE STRIKES DOOR OF PARKED/STATIONARY VEHICLE      ,1,Day,3,3,0,2,0,1,1,Not at intersection,3,Other Injury,60,C,NW,Bicycle,NW,1,1,H,F,2,1,No control,5882,ST KILDA,ROAD,SLATER,STREET,126,N,234074,N,MELBOURNE,"PORT PHILLIP,MELBOURNE",-37.83799,144.97618,3004
118713,T20100049891,25/06/2010,92767,7628,18.10.00,1,Collision with vehicle,6,Friday,137,LEFT TURN SIDESWIPE                     ,2,Dusk/Dawn,2,2,0,1,0,1,2,Cross intersection,3,Other Injury,50,B,S ,Bicycle,S ,1,1,H,F,2,2,No control,5499,CHURCH,STREET,KENT,STREET,0,N,37194,I,YARRA,YARRA,-37.81451,144.99992,3121
107646,T20100025115,26/06/2010,92767,7628,00.33.00,1,Collision with vehicle,7,Saturday,130,REAR END(VEHICLES IN SAME LANE)               ,3,Dark Street lights on,2,2,1,0,0,1,1,Not at intersection,2,Hospitilisation,60,B,E ,Bicycle,E ,1,1,H,1,1,1,Unknown,5103,WELLINGTON,PARADE,LANSDOWNE,STREET,60,E,234634,N,MELBOURNE,MELBOURNE,-37.81559,144.97804,3002
107739,T20100025353,27/06/2010,92767,7628,14.10.00,1,Collision with vehicle,1,Sunday,163,VEHICLE STRIKES DOOR OF PARKED/STATIONARY VEHICLE      ,1,Day,2,3,0,1,0,2,2,Cross intersection,3,Other Injury,50,A,S ,Bicycle,S ,1,1,H,1,2,6,Stop-go lights,9999,LITTLE BOURKE,STREET,RUSSELL,STREET,0,E,36951,I,MELBOURNE,MELBOURNE,-37.81182,144.96765,3000
107752,T20100025393,28/06/2010,92767,7628,08.35.00,2,Struck Pedestrian,1,Monday,109,ANY MANOEUVRE INVOLVING PED NOT INCLUDED IN DCAs 100-108.  ,1,Day,1,2,0,2,0,0,2,Not at intersection,3,Other Injury,50,A,W ,Bicycle,W ,1,1,H,F,2,6,No control,9999,LATROBE,PLACE,CELESTIAL,AVENUE,10,SE,284291,N,MELBOURNE,MELBOURNE,-37.81225,144.96649,3000
107768,T20100025416,28/06/2010,92767,7628,08.40.00,1,Collision with vehicle,2,Monday,121,RIGHT THROUGH                        ,1,Day,2,2,0,1,0,1,1,T intersection,3,Other Injury,60,B,SW,Bicycle,SW,1,1,H,F,0,2,No control,9999,MACARTHUR,STREET,ST ANDREWS,PLACE,0,SW,36997,I,MELBOURNE,MELBOURNE,-37.81179,144.97483,3002
107898,T20100025707,30/06/2010,92767,7628,12.40.00,1,Collision with vehicle,4,Wednesday,163,VEHICLE STRIKES DOOR OF PARKED/STATIONARY VEHICLE      ,1,Day,2,2,1,0,0,1,1,Not at intersection,2,Hospitilisation,60,B,NW,Bicycle,NW,1,1,H,F,2,1,No control,5044,FLEMINGTON,ROAD,HARKER,STREET,21,NW,204054,N,MELBOURNE,MELBOURNE,-37.79646,144.95103,3052
107992,T20100025936,30/06/2010,92767,7628,20.00.00,1,Collision with vehicle,4,Wednesday,137,LEFT TURN SIDESWIPE                     ,3,Dark Street lights on,2,2,0,1,0,1,2,Cross intersection,3,Other Injury,50,B,SW,Bicycle,SW,1,1,H,F,2,6,Stop-go lights,5040,DUDLEY,STREET,KING,STREET,0,W,36826,I,MELBOURNE,MELBOURNE,-37.80924,144.95237,3003
107954,T20100025850,1/07/2010,92767,7628,12.11.00,1,Collision with vehicle,5,Thursday,137,LEFT TURN SIDESWIPE                     ,1,Day,2,3,1,0,0,2,1,Cross intersection,2,Hospitilisation,50,B,N ,Bicycle,N ,1,7,H,F,2,1,Stop-go lights,5082,VICTORIA,STREET,SWANSTON,STREET,0,W,36264,I,MELBOURNE,MELBOURNE,-37.80666,144.9629,3053
108141,T20100026335,2/07/2010,92767,7628,17.22.00,1,Collision with vehicle,6,Friday,160,VEHICLE COLLIDES WITH VEHICLE PARKED ON LEFT OF ROAD    ,3,Dark Street lights on,2,4,0,1,0,3,1,Not at intersection,3,Other Injury,30,B,N ,Bicycle,N ,1,1,H,F,2,1,No control,9999,SWANSTON,STREET,COLLINS,STREET,40,S,74874,N,MELBOURNE,MELBOURNE,-37.81583,144.96669,3000
108205,T20100026482,6/07/2010,92767,7628,08.20.00,1,Collision with vehicle,3,Tuesday,121,RIGHT THROUGH                        ,1,Day,2,3,0,1,0,2,1,Cross intersection,3,Other Injury,60,B,W ,Bicycle,W ,1,1,H,F,2,2,Stop-go lights,5027,CURZON,STREET,ARDEN,STREET,0,S,36101,I,MELBOURNE,MELBOURNE,-37.80082,144.94851,3051
108366,T20100026860,7/07/2010,92767,7628,08.00.00,8,No collision and no object struck,4,Wednesday,174,OUT OF CONTROL ON CARRIAGEWAY (ON STRAIGHT)         ,1,Day,2,2,0,1,0,1,2,Not at intersection,3,Other Injury,999,A,E ,Bicycle,E ,1,1,H,9,9,1,No control,9999,LONSDALE,STREET,JONES,LANE,21,W,234508,N,MELBOURNE,MELBOURNE,-37.81043,144.96862,3000
108928,T20100028099,7/07/2010,92767,7628,16.30.00,1,Collision with vehicle,4,Wednesday,163,VEHICLE STRIKES DOOR OF PARKED/STATIONARY VEHICLE      ,1,Day,2,2,0,1,0,1,2,Cross intersection,3,Other Injury,50,B,N ,Bicycle,N ,1,1,H,F,2,9,Unknown,9999,ELIZABETH,STREET,LITTLE LONSDALE,STREET,0,N,29422,I,MELBOURNE,MELBOURNE,-37.8113,144.96181,3000
108394,T20100026928,9/07/2010,92767,7628,08.30.00,1,Collision with vehicle,6,Friday,163,VEHICLE STRIKES DOOR OF PARKED/STATIONARY VEHICLE      ,1,Day,2,3,1,0,0,2,1,Not at intersection,2,Hospitilisation,60,B,N ,Bicycle,N ,1,1,H,F,2,1,No control,9999,ST KILDA,ROAD,SWANSTON,STREET,50,S,134815,N,MELBOURNE,MELBOURNE,-37.81915,144.96822,3000
108405,T20100026941,9/07/2010,92767,7628,09.00.00,1,Collision with vehicle,6,Friday,110,CROSS TRAFFIC(INTERSECTIONS ONLY)              ,1,Day,2,2,1,0,0,1,1,Cross intersection,2,Hospitilisation,50,B,NW,Bicycle,NW,1,1,H,1,2,1,Giveway sign,5987,MONTAGUE,STREET,GLADSTONE,STREET,0,NW,36825,I,PORT PHILLIP,PORT PHILLIP,-37.83017,144.94959,3205
108417,T20100026957,9/07/2010,92767,7628,10.30.00,1,Collision with vehicle,6,Friday,163,VEHICLE STRIKES DOOR OF PARKED/STATIONARY VEHICLE      ,1,Day,2,2,0,1,0,1,1,Not at intersection,3,Other Injury,40,B,S ,Bicycle,S ,1,1,H,F,2,2,No control,9999,BRUNSWICK,STREET,KERR,STREET,41,S,235608,N,YARRA,YARRA,-37.79711,144.97868,3065