,ACCIDENT_NO,ACCIDENTDATE,CYCLISTS,CYCLISTS_COUNT_LS,ACCIDENTTIME,ACCIDENT_TYPE,ACCIDENT_TYPE_DESC,DAY_OF_WEEK,DAY_WEEK_DESC,DCA_CODE,DCA Description,LIGHT_CONDITION,LIGHT_CONDITION_DEC,NO_OF_VEHICLES,NO_PERSONS,NO_PERSONS_INJ_2,NO_PERSONS_INJ_3,NO_PERSONS_KILLED,NO_PERSONS_NOT_INJ,POLICE_ATTEND,ROAD_GEOMETRY_DESC,SEVERITY,SEVERITY_DESC,SPEED_ZONE,VEHICLE_ID,INITIAL_DIRECTION,Vehicle Type Desc,FINAL_DIRECTION,DRIVER_INTENT,VEHICLE_MOVEMENT,TRAILER_TYPE,INITIAL_IMPACT,LAMPS,LEVEL_OF_DAMAGE,TRAFFIC_CONTROL_DESC,ROAD_ROUTE_1,ROAD_NAME,ROAD_TYPE,ROAD_NAME_INT,ROAD_TYPE_INT,DISTANCE_LOCATION,DIRECTION_LOCATION,NODE_ID,NODE_TYPE,LGA_NAME,Lga Name All,Lat,Long,Postcode No
108586,T20100027340,12/07/2010,92767,7628,07.58.00,1,Collision with vehicle,2,Monday,137,LEFT TURN SIDESWIPE                     ,1,Day,2,2,0,1,0,1,1,Cross intersection,3,Other Injury,50,B,S ,Bicycle,S ,1,1,H,F,2,1,Stop-go lights,9999,CARDIGAN,STREET,QUEENSBERRY,STREET,0,S,36317,I,MELBOURNE,MELBOURNE,-37.80473,144.96473,3053
108614,T20100027405,12/07/2010,92767,7628,14.29.00,1,Collision with vehicle,2,Monday,130,REAR END(VEHICLES IN SAME LANE)               ,1,Day,2,2,1,0,0,1,1,Not at intersection,2,Hospitilisation,50,B,E ,Bicycle,E ,1,1,H,F,2,2,No control,9999,COLLINS,STREET,SPENCER,STREET,40,E,234590,N,MELBOURNE,MELBOURNE,-37.81895,144.95458,3000
108776,T20100027795,14/07/2010,92767,7628,13.25.00,1,Collision with vehicle,4,Wednesday,142,LEAVING PARKING                       ,1,Day,2,2,0,1,0,1,2,Not at intersection,3,Other Injury,50,B,W ,Bicycle,W ,1,1,H,F,2,1,No control,9999,COLLINS,STREET,SWANSTON,STREET,20,W,126223,N,MELBOURNE,MELBOURNE,-37.81556,144.96633,3000
108824,T20100027911,15/07/2010,92767,7628,18.45.00,1,Collision with vehicle,5,Thursday,116,LEFT NEAR (INTERSECTIONS ONLY)               ,3,Dark Street lights on,2,2,1,0,0,1,1,Cross intersection,2,Hospitilisation,50,B,E ,Bicycle,E ,1,1,H,F,2,1,No control,9999,LANGRIDGE,STREET,ROKEBY,STREET,0,W,36635,I,YARRA,YARRA,-37.8068,144.98809,3066
108870,T20100027987,16/07/2010,92767,7628,09.31.00,1,Collision with vehicle,6,Friday,113,RIGHT NEAR (INTERSECTIONS ONLY)               ,1,Day,2,2,0,1,0,1,1,Cross intersection,3,Other Injury,60,B,E ,Bicycle,E ,1,1,H,F,0,1,No control,5082,VICTORIA,STREET,MACKENZIE,STREET,0,W,45835,I,MELBOURNE,MELBOURNE,-37.80713,144.96734,3053
108980,T20100028269,18/07/2010,92767,7628,08.25.00,1,Collision with vehicle,1,Sunday,130,REAR END(VEHICLES IN SAME LANE)               ,1,Day,2,2,0,1,0,1,1,T intersection,3,Other Injury,50,B,N ,Bicycle,N ,1,15,H,R,2,1,No control,5061,SPENCER,STREET,LITTLE BOURKE,STREET,0,S,36829,I,MELBOURNE,MELBOURNE,-37.81612,144.95279,3008
108981,T20100028269,18/07/2010,92767,7628,08.25.00,1,Collision with vehicle,1,Sunday,130,REAR END(VEHICLES IN SAME LANE)               ,1,Day,2,2,0,1,0,1,1,T intersection,3,Other Injury,50,B,N ,Bicycle,N ,1,15,H,R,2,1,No control,5061,SPENCER,STREET,LITTLE BOURKE,STREET,0,S,36829,I,MELBOURNE,MELBOURNE,-37.81612,144.95279,3008
109049,T20100028446,19/07/2010,92767,7628,09.15.00,1,Collision with vehicle,2,Monday,163,VEHICLE STRIKES DOOR OF PARKED/STATIONARY VEHICLE      ,1,Day,2,2,0,1,0,1,2,Cross intersection,3,Other Injury,50,B,S ,Bicycle,S ,1,1,H,F,2,6,No control,9999,ELIZABETH,STREET,FRANKLIN,STREET,0,N,36267,I,MELBOURNE,MELBOURNE,-37.80818,144.96038,3000
109154,T20100028640,19/07/2010,92767,7628,18.30.00,1,Collision with vehicle,2,Monday,110,CROSS TRAFFIC(INTERSECTIONS ONLY)              ,6,Dark Street lights unknown,2,2,0,2,0,0,2,Cross intersection,3,Other Injury,999,B,W ,Bicycle,W ,1,1,H,8,2,1,Roundabout,9999,LEVESON,STREET,QUEENSBERRY,STREET,0,N,36122,I,MELBOURNE,MELBOURNE,-37.80322,144.9511,3051
109351,T20100029103,22/07/2010,92767,7628,17.15.00,1,Collision with vehicle,5,Thursday,163,VEHICLE STRIKES DOOR OF PARKED/STATIONARY VEHICLE      ,9,Unknown,2,3,0,1,0,2,2,Not at intersection,3,Other Injury,50,A,S ,Bicycle,S ,1,1,H,F,9,3,No control,5061,SPENCER,STREET,LITTLE BOURKE,STREET,20,N,124502,N,MELBOURNE,MELBOURNE,-37.81595,144.95271,3008
109352,T20100029103,22/07/2010,92767,7628,17.15.00,1,Collision with vehicle,5,Thursday,163,VEHICLE STRIKES DOOR OF PARKED/STATIONARY VEHICLE      ,9,Unknown,2,3,0,1,0,2,2,Not at intersection,3,Other Injury,50,A,S ,Bicycle,S ,1,1,H,F,9,3,No control,5061,SPENCER,STREET,LITTLE BOURKE,STREET,20,N,124502,N,MELBOURNE,MELBOURNE,-37.81595,144.95271,3008
109398,T20100029199,23/07/2010,92767,7628,16.52.00,1,Collision with vehicle,6,Friday,163,VEHICLE STRIKES DOOR OF PARKED/STATIONARY VEHICLE      ,2,Dusk/Dawn,2,3,0,1,0,2,2,Not at intersection,3,Other Injury,60,A,N ,Bicycle,N ,1,1,H,F,2,2,No control,9999,ST KILDA,ROAD,SWANSTON,STREET,50,S,134815,N,MELBOURNE,MELBOURNE,-37.81915,144.96822,3000
109566,T20100029612,26/07/2010,92767,7628,18.50.00,1,Collision with vehicle,2,Monday,142,LEAVING PARKING                       ,3,Dark Street lights on,2,2,0,1,0,1,1,Not at intersection,3,Other Injury,60,B,NW,Bicycle,NW,1,1,H,5,1,6,No control,5882,ST KILDA,ROAD,BOWEN,CRESCENT,52,NW,235055,N,MELBOURNE,"MELBOURNE,PORT PHILLIP",-37.83419,144.9741,3004
109588,T20100029679,27/07/2010,92767,7628,09.15.00,1,Collision with vehicle,3,Tuesday,148,VEHICLE OFF FOOTPATH STRIKES VEH ON CARRIAGEWAY,1,Day,2,2,0,1,0,1,1,Cross intersection,3,Other Injury,60,B,S ,Bicycle,S ,1,1,H,1,2,2,Ped. crossing,5499,CHURCH,STREET,HIGHETT,STREET,0,N,37192,I,YARRA,YARRA,-37.8159,144.99966,3121
109591,T20100029691,27/07/2010,92767,7628,08.23.00,1,Collision with vehicle,3,Tuesday,110,CROSS TRAFFIC(INTERSECTIONS ONLY)              ,1,Day,2,2,0,1,0,1,1,Cross intersection,3,Other Injury,50,B,W ,Bicycle,W ,1,1,H,F,2,5,No control,9999,BAY,STREET,RAGLAN,STREET,0,SW,47924,I,PORT PHILLIP,PORT PHILLIP,-37.83459,144.946,3207
109662,T20100029860,28/07/2010,92767,7628,08.48.00,1,Collision with vehicle,4,Wednesday,163,VEHICLE STRIKES DOOR OF PARKED/STATIONARY VEHICLE      ,1,Day,2,2,0,1,0,1,2,Not at intersection,3,Other Injury,50,B,S ,Bicycle,S ,1,1,H,5,2,6,No control,9999,ELIZABETH,STREET,COLLINS,STREET,45,S,235038,N,MELBOURNE,MELBOURNE,-37.8166,144.96424,3000
109760,T20100030125,29/07/2010,92767,7628,16.33.00,1,Collision with vehicle,5,Thursday,163,VEHICLE STRIKES DOOR OF PARKED/STATIONARY VEHICLE      ,1,Day,2,3,1,0,0,2,1,Not at intersection,2,Hospitilisation,60,B,NE,Bicycle,NE,1,1,H,F,2,2,No control,9999,WHITEMAN,STREET,CLARENDON,STREET,55,NE,236131,N,MELBOURNE,MELBOURNE,-37.82495,144.95752,3006
110687,T20100032323,30/07/2010,92767,7628,16.55.00,1,Collision with vehicle,6,Friday,163,VEHICLE STRIKES DOOR OF PARKED/STATIONARY VEHICLE      ,1,Day,2,2,0,1,0,1,2,Not at intersection,3,Other Injury,40,A,E ,Bicycle,E ,1,1,H,F,9,1,No control,9999,GERTRUDE,STREET,YOUNG,STREET,12,W,235790,N,YARRA,YARRA,-37.80586,144.97821,3065
115682,T20100043485,2/08/2010,92767,7628,11.30.00,1,Collision with vehicle,2,Monday,135,LANE CHANGE LEFT (NOT OVERTAKING)              ,1,Day,2,2,0,1,0,1,2,Not at intersection,3,Other Injury,999,A,N ,Bicycle,N ,1,99,H,1,2,1,No control,9999,WADEY,STREET,ST KILDA,ROAD,17,W,237656,I,MELBOURNE,MELBOURNE,-37.82612,144.97108,3006
110076,T20100030900,3/08/2010,92767,7628,17.50.00,1,Collision with vehicle,3,Tuesday,113,RIGHT NEAR (INTERSECTIONS ONLY)               ,3,Dark Street lights on,2,2,0,1,0,1,1,T intersection,3,Other Injury,50,B,N ,Bicycle,N ,1,1,H,8,1,1,Giveway sign,2080,HODDLE,STREET,LITTLE TURNER,STREET,0,S,235511,I,YARRA,YARRA,-37.79939,144.99306,3067
110107,T20100030971,4/08/2010,92767,7628,09.00.00,1,Collision with vehicle,4,Wednesday,163,VEHICLE STRIKES DOOR OF PARKED/STATIONARY VEHICLE      ,1,Day,2,2,0,1,0,1,2,Not at intersection,3,Other Injury,50,B,N ,Bicycle,N ,1,1,H,F,2,1,Stop-go lights,9999,ST KILDA,ROAD,SOUTHBANK,PROMENADE BIKE,52,N,238193,N,MELBOURNE,MELBOURNE,-37.81927,144.96827,3006
110140,T20100031086,4/08/2010,92767,7628,17.05.00,1,Collision with vehicle,4,Wednesday,110,CROSS TRAFFIC(INTERSECTIONS ONLY)              ,1,Day,2,2,1,0,0,1,1,Cross intersection,2,Hospitilisation,50,B,W ,Bicycle,W ,1,1,H,8,2,2,Roundabout,9999,DRUMMOND,STREET,PELHAM,STREET,0,N,36353,I,MELBOURNE,MELBOURNE,-37.80298,144.96805,3053
110273,T20100031376,6/08/2010,92767,7628,16.06.00,1,Collision with vehicle,6,Friday,142,LEAVING PARKING                       ,1,Day,2,2,0,1,0,1,1,Not at intersection,3,Other Injury,50,B,E ,Bicycle,E ,1,1,H,F,2,1,No control,9999,THERRY,STREET,ELIZABETH,STREET,50,W,137437,N,MELBOURNE,MELBOURNE,-37.80727,144.95935,3000
110274,T20100031380,6/08/2010,92767,7628,18.30.00,1,Collision with vehicle,6,Friday,163,VEHICLE STRIKES DOOR OF PARKED/STATIONARY VEHICLE      ,5,Dark No street lights,2,3,0,1,0,2,2,Not at intersection,3,Other Injury,50,A,W ,Bicycle,W ,1,1,H,F,1,2,No control,9999,LA TROBE,STREET,WARNER,LANE,27,E,138692,N,MELBOURNE,MELBOURNE,-37.81262,144.95339,3003
110275,T20100031380,6/08/2010,92767,7628,18.30.00,1,Collision with vehicle,6,Friday,163,VEHICLE STRIKES DOOR OF PARKED/STATIONARY VEHICLE      ,5,Dark No street lights,2,3,0,1,0,2,2,Not at intersection,3,Other Injury,50,A,W ,Bicycle,W ,1,1,H,F,1,2,No control,9999,LA TROBE,STREET,WARNER,LANE,27,E,138692,N,MELBOURNE,MELBOURNE,-37.81262,144.95339,3003
110285,T20100031389,6/08/2010,92767,7628,13.35.00,1,Collision with vehicle,6,Friday,130,REAR END(VEHICLES IN SAME LANE)               ,1,Day,2,2,1,0,0,1,1,Not at intersection,2,Hospitilisation,50,B,N ,Bicycle,N ,1,1,H,F,2,1,No control,9999,EXHIBITION,STREET,COLLINS,STREET,15,N,75719,N,MELBOURNE,MELBOURNE,-37.81392,144.97141,3000
111398,T20100034004,7/08/2010,92767,7628,11.00.00,1,Collision with vehicle,7,Saturday,163,VEHICLE STRIKES DOOR OF PARKED/STATIONARY VEHICLE      ,1,Day,2,2,0,1,0,1,2,Not at intersection,3,Other Injury,60,A,S ,Bicycle,S ,1,1,H,F,2,9,No control,9999,ABBOTSFORD,STREET,HAINES,STREET,20,S,236032,N,MELBOURNE,MELBOURNE,-37.79863,144.94624,3051
110354,T20100031578,8/08/2010,92767,7628,06.30.00,1,Collision with vehicle,1,Sunday,121,RIGHT THROUGH                        ,2,Dusk/Dawn,2,2,0,1,0,1,1,Not at intersection,3,Other Injury,50,B,W ,Bicycle,W ,1,1,H,F,1,5,No control,9999,COLLINS,STREET,EXHIBITION,STREET,31,E,141663,N,MELBOURNE,MELBOURNE,-37.81395,144.9718,3000
110513,T20100031898,10/08/2010,92767,7628,08.50.00,8,No collision and no object struck,3,Tuesday,174,OUT OF CONTROL ON CARRIAGEWAY (ON STRAIGHT)         ,1,Day,2,2,1,0,0,1,1,Not at intersection,2,Hospitilisation,50,B,W ,Bicycle,W ,1,1,H,F,2,1,No control,9999,LONSDALE,STREET,EXHIBITION,STREET,100,E,35026,N,MELBOURNE,MELBOURNE,-37.80982,144.97072,3000
110869,T20100032707,10/08/2010,92767,7628,09.20.00,1,Collision with vehicle,3,Tuesday,163,VEHICLE STRIKES DOOR OF PARKED/STATIONARY VEHICLE      ,1,Day,2,2,0,1,0,1,2,Not at intersection,3,Other Injury,50,B,S ,Bicycle,S ,1,1,H,F,2,3,No control,9999,MORAY,STREET,RAGLAN,STREET,26,N,235844,N,PORT PHILLIP,PORT PHILLIP,-37.83649,144.96499,3205
110663,T20100032256,12/08/2010,92767,7628,13.00.00,1,Collision with vehicle,5,Thursday,121,RIGHT THROUGH                        ,1,Day,2,2,1,0,0,1,2,Cross intersection,2,Hospitilisation,999,B,S ,Bicycle,S ,1,1,H,F,2,1,Unknown,5287,SWAN,STREET,CHURCH,STREET,0,W,35383,I,YARRA,YARRA,-37.82569,144.99793,3121
110683,T20100032309,12/08/2010,92767,7628,08.45.00,1,Collision with vehicle,5,Thursday,137,LEFT TURN SIDESWIPE                     ,1,Day,2,2,1,0,0,1,2,Cross intersection,2,Hospitilisation,999,B,E ,Bicycle,E ,1,1,H,F,9,1,No control,9999,LANGRIDGE,STREET,OXFORD,STREET,0,W,36573,I,YARRA,YARRA,-37.80652,144.98432,3066
110901,T20100032820,16/08/2010,92767,7628,07.43.00,1,Collision with vehicle,2,Monday,110,CROSS TRAFFIC(INTERSECTIONS ONLY)              ,1,Day,2,2,0,1,0,1,1,Cross intersection,3,Other Injury,50,B,W ,Bicycle,W ,1,1,H,5,2,3,Roundabout,9999,LEVESON,STREET,QUEENSBERRY,STREET,0,N,36122,I,MELBOURNE,MELBOURNE,-37.80322,144.9511,3051
111032,T20100033178,16/08/2010,92767,7628,12.30.00,1,Collision with vehicle,2,Monday,121,RIGHT THROUGH                        ,1,Day,2,3,1,0,0,2,1,Cross intersection,2,Hospitilisation,60,B,NE,Bicycle,NE,1,1,H,F,2,1,Stop-go lights,5044,FLEMINGTON,ROAD,GRATTAN,STREET,0,SE,35304,I,MELBOURNE,MELBOURNE,-37.79965,144.95503,3051
110952,T20100032964,17/08/2010,92767,7628,08.07.00,1,Collision with vehicle,3,Tuesday,121,RIGHT THROUGH                        ,1,Day,2,2,0,1,0,1,1,Cross intersection,3,Other Injury,40,B,S ,Bicycle,S ,1,1,H,F,2,1,No control,9999,MARINE,PARADE,NICHOLSON,STREET,0,W,36712,I,YARRA,YARRA,-37.80297,144.9972,3067
111058,T20100033219,18/08/2010,92767,7628,16.38.00,1,Collision with vehicle,4,Wednesday,136,RIGHT TURN SIDESWIPE                    ,2,Dusk/Dawn,2,2,0,1,0,1,1,Multiple intersection,3,Other Injury,60,B,W ,Bicycle,NW,2,2,H,5,2,2,Stop-go lights,5066,DRYBURGH,STREET,MACAULAY,ROAD,0,S,29373,I,MELBOURNE,MELBOURNE,-37.8003,144.94398,3051
111171,T20100033534,20/08/2010,92767,7628,18.30.00,1,Collision with vehicle,6,Friday,148,VEHICLE OFF FOOTPATH STRIKES VEH ON CARRIAGEWAY,3,Dark Street lights on,2,2,0,1,0,1,1,T intersection,3,Other Injury,60,B,S ,Bicycle,S ,1,1,H,F,1,4,No control,5499,CHURCH,STREET,DARLINGTON,PARADE,0,N,37204,I,YARRA,YARRA,-37.82098,144.99876,3121
111176,T20100033541,20/08/2010,92767,7628,14.09.00,1,Collision with vehicle,6,Friday,148,VEHICLE OFF FOOTPATH STRIKES VEH ON CARRIAGEWAY,1,Day,2,2,1,0,0,1,1,Cross intersection,2,Hospitilisation,60,B,S ,Bicycle,S ,1,18,H,F,2,5,Stop-go lights,2080,HODDLE,STREET,GIPPS,STREET,0,S,169,I,YARRA,YARRA,-37.80499,144.99213,3067
111183,T20100033557,20/08/2010,92767,7628,20.34.00,1,Collision with vehicle,6,Friday,139,OTHER SAME DIRECTION-MANOUEVRES NOT INCLUDED IN DCAs 130-137,3,Dark Street lights on,2,2,0,1,0,1,1,Cross intersection,3,Other Injury,40,B,N ,Bicycle,N ,1,1,H,1,2,3,Stop-go lights,9999,BRUNSWICK,STREET,GERTRUDE,STREET,0,N,36469,I,YARRA,YARRA,-37.80575,144.97721,3065
111376,T20100033954,23/08/2010,92767,7628,17.00.00,1,Collision with vehicle,2,Monday,121,RIGHT THROUGH                        ,1,Day,2,2,0,1,0,1,2,T intersection,3,Other Injury,50,B,N ,Bicycle,N ,1,1,H,1,2,2,No control,9999,BELL,STREET,BRUNSWICK,STREET,0,E,36505,I,YARRA,YARRA,-37.80036,144.97812,3065
112304,T20100036051,24/08/2010,92767,7628,08.45.00,8,No collision and no object struck,3,Tuesday,174,OUT OF CONTROL ON CARRIAGEWAY (ON STRAIGHT)         ,1,Day,1,1,0,1,0,0,2,Not at intersection,3,Other Injury,30,A,N ,Bicycle,N ,1,7,H,F,2,1,No control,9999,SWANSTON,STREET,TURNER,ALLEY,21,N,238054,N,MELBOURNE,MELBOURNE,-37.81308,144.96543,3000
111498,T20100034185,25/08/2010,92767,7628,08.32.00,1,Collision with vehicle,3,Wednesday,133,LANE SIDE SWIPE (VEHICLES IN PARALLEL LANES)        ,1,Day,2,2,1,0,0,1,1,Not at intersection,2,Hospitilisation,40,B,E ,Bicycle,E ,1,1,H,1,2,1,No control,9999,GIPPS,STREET,HODDLE,STREET,21,E,236078,N,YARRA,YARRA,-37.80501,144.99237,3067
111669,T20100034556,27/08/2010,92767,7628,20.44.00,1,Collision with vehicle,6,Friday,163,VEHICLE STRIKES DOOR OF PARKED/STATIONARY VEHICLE      ,3,Dark Street lights on,2,2,1,0,0,1,1,Not at intersection,2,Hospitilisation,60,B,N ,Bicycle,N ,1,1,H,5,1,1,No control,9999,WELLINGTON,STREET,JOHNSTON,STREET,30,N,218167,N,YARRA,YARRA,-37.79901,144.98739,3066
111693,T20100034634,27/08/2010,92767,7628,20.00.00,1,Collision with vehicle,6,Friday,163,VEHICLE STRIKES DOOR OF PARKED/STATIONARY VEHICLE      ,3,Dark Street lights on,2,2,0,1,0,1,2,Not at intersection,3,Other Injury,50,A,N ,Bicycle,N ,1,1,H,F,2,1,No control,9999,ELIZABETH,STREET,LITTLE BOURKE,STREET,33,S,236160,N,MELBOURNE,MELBOURNE,-37.81355,144.96284,3000
111706,T20100034664,28/08/2010,92767,7628,17.15.00,2,Struck Pedestrian,7,Saturday,109,ANY MANOEUVRE INVOLVING PED NOT INCLUDED IN DCAs 100-108.  ,1,Day,2,3,1,0,0,2,1,Cross intersection,2,Hospitilisation,60,B,N ,Bicycle,N ,1,1,H,9,2,6,Stop-go lights,9999,BOURKE,STREET,RUSSELL,STREET,0,E,36952,I,MELBOURNE,MELBOURNE,-37.81281,144.9681,3000
111849,T20100035061,31/08/2010,92767,7628,19.18.00,1,Collision with vehicle,3,Tuesday,160,VEHICLE COLLIDES WITH VEHICLE PARKED ON LEFT OF ROAD    ,3,Dark Street lights on,2,1,1,0,0,0,1,Not at intersection,2,Hospitilisation,50,A,S ,Bicycle,S ,1,1,H,5,2,6,No control,9999,ELIZABETH,STREET,ABECKETT,STREET,25,S,236510,N,MELBOURNE,MELBOURNE,-37.80946,144.96096,3000
111863,T20100035084,31/08/2010,92767,7628,16.25.00,1,Collision with vehicle,3,Tuesday,140,U TURN                           ,1,Day,2,2,0,1,0,1,1,Not at intersection,3,Other Injury,40,A,N ,Bicycle,N ,1,1,H,F,2,6,No control,9999,BRUNSWICK,STREET,PALMER,STREET,31,S,122218,N,YARRA,YARRA,-37.80485,144.97735,3065
111964,T20100035284,2/09/2010,92767,7628,08.34.00,1,Collision with vehicle,5,Thursday,130,REAR END(VEHICLES IN SAME LANE)               ,1,Day,2,2,1,0,0,1,2,Not at intersection,2,Hospitilisation,60,A,N ,Bicycle,N ,1,1,H,F,2,1,Unknown,9999,NICHOLSON,STREET,VICTORIA,STREET,30,N,237146,N,YARRA,YARRA,-37.80983,144.99602,3067
111977,T20100035299,2/09/2010,92767,7628,06.48.00,1,Collision with vehicle,5,Thursday,163,VEHICLE STRIKES DOOR OF PARKED/STATIONARY VEHICLE      ,1,Day,2,2,0,1,0,1,1,Not at intersection,3,Other Injury,60,B,S ,Bicycle,S ,1,1,H,F,1,3,No control,9999,WELLINGTON,STREET,NAPOLEON,STREET,12,N,236087,N,YARRA,YARRA,-37.80153,144.98694,3066
112079,T20100035531,3/09/2010,92767,7628,18.50.00,1,Collision with vehicle,6,Friday,163,VEHICLE STRIKES DOOR OF PARKED/STATIONARY VEHICLE      ,6,Dark Street lights unknown,2,3,0,1,0,2,2,Not at intersection,3,Other Injury,50,A,N ,Bicycle,N ,1,1,H,F,2,1,No control,5882,ST KILDA,ROAD,LINLITHGOW,AVENUE,55,S,75507,N,MELBOURNE,MELBOURNE,-37.82378,144.97034,3006
112200,T20100035833,3/09/2010,92767,7628,15.45.00,1,Collision with vehicle,6,Friday,130,REAR END(VEHICLES IN SAME LANE)               ,1,Day,2,2,0,1,0,1,2,Cross intersection,3,Other Injury,60,A,SE,Bicycle,SE,1,1,H,R,2,5,Stop-go lights,5882,ST KILDA,ROAD,LINLITHGOW,AVENUE,0,N,29387,I,MELBOURNE,MELBOURNE,-37.82332,144.97013,3006
112368,T20100036172,7/09/2010,92767,7628,06.45.00,8,No collision and no object struck,3,Tuesday,174,OUT OF CONTROL ON CARRIAGEWAY (ON STRAIGHT)         ,1,Day,2,2,1,0,0,1,2,T intersection,2,Hospitilisation,60,B,W ,Bicycle,W ,1,1,H,N,2,1,No control,9999,DOUGLAS,STREET,TURNER,STREET,0,S,47471,I,MELBOURNE,MELBOURNE,-37.82381,144.92398,3207
112374,T20100036192,7/09/2010,92767,7628,16.50.00,1,Collision with vehicle,3,Tuesday,163,VEHICLE STRIKES DOOR OF PARKED/STATIONARY VEHICLE      ,1,Day,2,2,0,1,0,1,2,Not at intersection,3,Other Injury,999,B,N ,Bicycle,N ,1,1,H,5,9,2,No control,9999,SMITH,STREET,CHARLES,STREET,27,S,236523,N,YARRA,YARRA,-37.8037,144.98345,3066
112397,T20100036218,7/09/2010,92767,7628,08.10.00,1,Collision with vehicle,3,Tuesday,110,CROSS TRAFFIC(INTERSECTIONS ONLY)              ,1,Day,2,3,1,0,0,2,2,Cross intersection,2,Hospitilisation,60,A,E ,Bicycle,E ,1,1,H,5,2,5,Stop-go lights,9999,LITTLE LONSDALE,STREET,QUEEN,STREET,0,W,35353,I,MELBOURNE,MELBOURNE,-37.81203,144.95934,3000
112383,T20100036201,8/09/2010,92767,7628,08.15.00,1,Collision with vehicle,4,Wednesday,137,LEFT TURN SIDESWIPE                     ,1,Day,2,2,0,1,0,1,1,Not at intersection,3,Other Injury,50,B,W ,Bicycle,W ,1,1,H,F,2,1,No control,9999,LA TROBE,STREET,ELIZABETH,STREET,100,E,236526,N,MELBOURNE,MELBOURNE,-37.81,144.96242,3000
112384,T20100036201,8/09/2010,92767,7628,08.15.00,1,Collision with vehicle,4,Wednesday,137,LEFT TURN SIDESWIPE                     ,1,Day,2,2,0,1,0,1,1,Not at intersection,3,Other Injury,50,B,W ,Bicycle,W ,1,1,H,F,2,1,No control,9999,LA TROBE,STREET,ELIZABETH,STREET,100,E,236526,N,MELBOURNE,MELBOURNE,-37.81,144.96242,3000
113130,T20100037918,8/09/2010,92767,7628,17.45.00,6,Vehicle overturned (no collision),4,Wednesday,199,UNKNOWN-NO DETAILS ON MANOEUVRES OF ROAD-USERS IN ACCIDENT ,1,Day,2,2,0,1,0,1,2,Cross intersection,3,Other Injury,60,A,N ,Bicycle,N ,1,1,H,N,2,6,Stop-go lights,2120,FOOTSCRAY ROAD -WURUNDJERI,WAY,DOCKLANDS,DRIVE,0,E,36794,I,MELBOURNE,MELBOURNE,-37.81284,144.94288,3008
112465,T20100036336,9/09/2010,92767,7628,12.00.00,1,Collision with vehicle,5,Thursday,137,LEFT TURN SIDESWIPE                     ,1,Day,2,2,0,1,0,1,2,T intersection,3,Other Injury,60,B,E ,Bicycle,E ,1,1,H,F,2,1,No control,5853,JOHNSTON,STREET,SPRING,STREET,0,W,36458,I,YARRA,YARRA,-37.79807,144.97597,3065
112562,T20100036588,9/09/2010,92767,7628,08.10.00,1,Collision with vehicle,5,Thursday,137,LEFT TURN SIDESWIPE                     ,1,Day,2,1,0,1,0,0,2,T intersection,3,Other Injury,50,B,W ,Bicycle,W ,1,1,H,F,2,1,Unknown,5285,BRIDGE,ROAD,ROTHERWOOD,STREET,0,W,37089,I,YARRA,YARRA,-37.81781,144.99231,3121
112567,T20100036601,11/09/2010,92767,7628,08.45.00,1,Collision with vehicle,6,Saturday,133,LANE SIDE SWIPE (VEHICLES IN PARALLEL LANES)        ,1,Day,2,3,1,0,0,2,2,Not at intersection,2,Hospitilisation,50,A,N ,Bicycle,N ,1,1,H,F,2,1,No control,5318,CLARENDON,STREET,HAIG,STREET,54,N,236459,N,MELBOURNE,MELBOURNE,-37.82621,144.95744,3006
112765,T20100037018,14/09/2010,92767,7628,18.42.00,1,Collision with vehicle,3,Tuesday,121,RIGHT THROUGH                        ,3,Dark Street lights on,2,2,0,1,0,1,1,Cross intersection,3,Other Injury,60,A,E ,Bicycle,E ,1,1,H,F,2,1,Stop-go lights,2080,HODDLE,STREET,GIPPS,STREET,0,S,169,I,YARRA,YARRA,-37.80499,144.99213,3067
112837,T20100037177,15/09/2010,92767,7628,17.35.00,1,Collision with vehicle,4,Wednesday,163,VEHICLE STRIKES DOOR OF PARKED/STATIONARY VEHICLE      ,1,Day,3,3,1,0,0,2,1,Not at intersection,2,Hospitilisation,50,B,E ,Bicycle,E ,1,1,H,F,2,2,No control,9999,GRATTAN,STREET,BOUVERIE,STREET,20,E,236848,N,MELBOURNE,MELBOURNE,-37.80029,144.96273,3053
113146,T20100037963,21/09/2010,92767,7628,17.15.00,1,Collision with vehicle,3,Tuesday,110,CROSS TRAFFIC(INTERSECTIONS ONLY)              ,1,Day,2,2,0,1,0,1,2,Cross intersection,3,Other Injury,50,A,E ,Bicycle,E ,1,1,H,4,2,3,Stop-go lights,5041,KING,STREET,LA TROBE,STREET,0,S,65831,I,MELBOURNE,MELBOURNE,-37.81247,144.95392,3003