,ACCIDENT_NO,ACCIDENTDATE,CYCLISTS,CYCLISTS_COUNT_LS,ACCIDENTTIME,ACCIDENT_TYPE,ACCIDENT_TYPE_DESC,DAY_OF_WEEK,DAY_WEEK_DESC,DCA_CODE,DCA Description,LIGHT_CONDITION,LIGHT_CONDITION_DEC,NO_OF_VEHICLES,NO_PERSONS,NO_PERSONS_INJ_2,NO_PERSONS_INJ_3,NO_PERSONS_KILLED,NO_PERSONS_NOT_INJ,POLICE_ATTEND,ROAD_GEOMETRY_DESC,SEVERITY,SEVERITY_DESC,SPEED_ZONE,VEHICLE_ID,INITIAL_DIRECTION,Vehicle Type Desc,FINAL_DIRECTION,DRIVER_INTENT,VEHICLE_MOVEMENT,TRAILER_TYPE,INITIAL_IMPACT,LAMPS,LEVEL_OF_DAMAGE,TRAFFIC_CONTROL_DESC,ROAD_ROUTE_1,ROAD_NAME,ROAD_TYPE,ROAD_NAME_INT,ROAD_TYPE_INT,DISTANCE_LOCATION,DIRECTION_LOCATION,NODE_ID,NODE_TYPE,LGA_NAME,Lga Name All,Lat,Long,Postcode No
113147,T20100037963,21/09/2010,92767,7628,17.15.00,1,Collision with vehicle,3,Tuesday,110,CROSS TRAFFIC(INTERSECTIONS ONLY)              ,1,Day,2,2,0,1,0,1,2,Cross intersection,3,Other Injury,50,A,E ,Bicycle,E ,1,1,H,4,2,3,Stop-go lights,5041,KING,STREET,LA TROBE,STREET,0,S,65831,I,MELBOURNE,MELBOURNE,-37.81247,144.95392,3003
114779,T20100041583,24/09/2010,92767,7628,08.45.00,1,Collision with vehicle,6,Friday,137,LEFT TURN SIDESWIPE                     ,1,Day,2,2,0,1,0,1,2,Cross intersection,3,Other Injury,50,B,S ,Bicycle,S ,1,1,H,1,2,1,Stop-go lights,9999,EXHIBITION,STREET,LONSDALE,STREET,0,N,36966,I,MELBOURNE,MELBOURNE,-37.81013,144.96966,3000
113396,T20100038559,26/09/2010,92767,7628,18.07.00,2,Struck Pedestrian,1,Sunday,100,PED NEAR SIDE. PED HIT BY VEHICLE FROM THE RIGHT.      ,1,Day,1,2,0,2,0,0,1,Cross intersection,3,Other Injury,999,A,SE,Bicycle,SE,1,1,H,F,2,6,No control,9999,ELIZABETH,STREET,LA TROBE,STREET,0,N,65743,I,MELBOURNE,MELBOURNE,-37.81032,144.96136,3000
113397,T20100038559,26/09/2010,92767,7628,18.07.00,2,Struck Pedestrian,1,Sunday,100,PED NEAR SIDE. PED HIT BY VEHICLE FROM THE RIGHT.      ,1,Day,1,2,0,2,0,0,1,Cross intersection,3,Other Injury,999,A,SE,Bicycle,SE,1,1,H,F,2,6,No control,9999,ELIZABETH,STREET,LA TROBE,STREET,0,N,65743,I,MELBOURNE,MELBOURNE,-37.81032,144.96136,3000
116737,T20100045685,26/09/2010,92767,7628,12.20.00,1,Collision with vehicle,1,Sunday,163,VEHICLE STRIKES DOOR OF PARKED/STATIONARY VEHICLE      ,1,Day,2,2,0,1,0,1,2,T intersection,3,Other Injury,50,B,E ,Bicycle,E ,1,1,H,5,2,6,No control,9999,FORDHAM,COURT,GOODWOOD,STREET,0,N,237956,I,YARRA,YARRA,-37.81983,144.99543,3121
113537,T20100038833,28/09/2010,92767,7628,09.28.00,1,Collision with vehicle,3,Tuesday,119,OTHER ADJACENT (INTERSECTIONS ONLY)             ,1,Day,2,2,0,0,1,1,1,Multiple intersection,1,Fatal,60,A,E ,Bicycle,E ,1,1,H,F,2,5,No control,2120,FOOTSCRAY,ROAD,,,145,NK,222090,I,MELBOURNE,MELBOURNE,-37.80928,144.93202,3003
115486,T20100043008,28/09/2010,92767,7628,11.40.00,1,Collision with vehicle,3,Tuesday,137,LEFT TURN SIDESWIPE                     ,1,Day,2,2,0,1,0,1,2,T intersection,3,Other Injury,40,B,N ,Bicycle,N ,1,1,H,F,2,9,No control,9999,SMITH,STREET,KERR,STREET,0,S,36135,I,YARRA,YARRA,-37.79736,144.98455,3066
113593,T20100038955,29/09/2010,92767,7628,08.35.00,1,Collision with vehicle,4,Wednesday,163,VEHICLE STRIKES DOOR OF PARKED/STATIONARY VEHICLE      ,1,Day,2,2,0,1,0,1,2,T intersection,3,Other Injury,60,B,N ,Bicycle,N ,1,1,H,5,2,6,No control,5882,ST KILDA,ROAD,DOMAIN,ROAD,0,NW,46158,I,MELBOURNE,"PORT PHILLIP,MELBOURNE",-37.83281,144.97224,3004
117473,T20100047206,29/09/2010,92767,7628,16.30.00,2,Struck Pedestrian,4,Wednesday,109,ANY MANOEUVRE INVOLVING PED NOT INCLUDED IN DCAs 100-108.  ,1,Day,1,2,0,2,0,0,2,Not at intersection,3,Other Injury,30,A,N ,Bicycle,N ,1,1,H,F,2,9,No control,9999,SWANSTON,STREET,COLLINS,STREET,16,N,238178,N,MELBOURNE,MELBOURNE,-37.81536,144.96648,3000
113801,T20100039383,1/10/2010,92767,7628,17.40.00,1,Collision with vehicle,6,Friday,135,LANE CHANGE LEFT (NOT OVERTAKING)              ,2,Dusk/Dawn,2,2,0,2,0,0,2,Not at intersection,3,Other Injury,50,A,E ,Bicycle,E ,1,1,H,4,2,3,No control,9999,LONSDALE,STREET,ELIZABETH,STREET,50,E,123157,N,MELBOURNE,MELBOURNE,-37.81213,144.96279,3000
113823,T20100039440,2/10/2010,92767,7628,20.55.00,1,Collision with vehicle,7,Saturday,163,VEHICLE STRIKES DOOR OF PARKED/STATIONARY VEHICLE      ,5,Dark No street lights,2,2,1,0,0,1,1,Not at intersection,2,Hospitilisation,50,B,E ,Bicycle,E ,1,1,H,F,2,6,No control,9999,GRATTAN,STREET,DRUMMOND,STREET,20,E,237650,N,MELBOURNE,MELBOURNE,-37.80093,144.96863,3053
113901,T20100039589,4/10/2010,92767,7628,07.55.00,1,Collision with vehicle,2,Monday,163,VEHICLE STRIKES DOOR OF PARKED/STATIONARY VEHICLE      ,1,Day,2,3,0,1,0,2,2,Not at intersection,3,Other Injury,60,A,W ,Bicycle,W ,1,1,H,F,2,3,No control,9999,ALBERT,STREET,GOTCH,LANE,66,W,237166,N,MELBOURNE,MELBOURNE,-37.81055,144.98478,3002
114119,T20100040077,7/10/2010,92767,7628,07.30.00,1,Collision with vehicle,5,Thursday,163,VEHICLE STRIKES DOOR OF PARKED/STATIONARY VEHICLE      ,1,Day,2,2,0,1,0,1,1,Not at intersection,3,Other Injury,50,B,W ,Bicycle,W ,1,1,H,F,2,1,No control,9999,ALBERT,STREET,ALBERT,LANE,87,E,237228,N,MELBOURNE,MELBOURNE,-37.81087,144.98764,3002
114276,T20100040385,8/10/2010,92767,7628,20.40.00,8,No collision and no object struck,6,Friday,174,OUT OF CONTROL ON CARRIAGEWAY (ON STRAIGHT)         ,3,Dark Street lights on,2,2,0,1,0,1,2,Cross intersection,3,Other Injury,50,B,W ,Bicycle,W ,1,1,H,N,2,6,Stop-go lights,9999,LONSDALE,STREET,SWANSTON,STREET,0,E,35363,I,MELBOURNE,MELBOURNE,-37.81156,144.96473,3000
114418,T20100040686,11/10/2010,92767,7628,08.45.00,8,No collision and no object struck,2,Monday,174,OUT OF CONTROL ON CARRIAGEWAY (ON STRAIGHT)         ,1,Day,1,1,0,1,0,0,2,Not at intersection,3,Other Injury,30,A,N ,Bicycle,N ,1,1,H,F,2,6,No control,9999,SWANSTON,STREET,COLLINS,STREET,32,S,237104,N,MELBOURNE,MELBOURNE,-37.81576,144.96666,3000
115418,T20100042865,11/10/2010,92767,7628,09.45.00,1,Collision with vehicle,2,Monday,137,LEFT TURN SIDESWIPE                     ,1,Day,2,2,0,1,0,1,2,T intersection,3,Other Injury,60,A,SE,Bicycle,SE,1,1,H,F,0,6,No control,9999,FRANKLIN,STREET,WILLIAM,STREET,0,W,53272,I,MELBOURNE,MELBOURNE,-37.80968,144.95548,3003
114514,T20100040880,12/10/2010,92767,7628,09.02.00,1,Collision with vehicle,3,Tuesday,137,LEFT TURN SIDESWIPE                     ,1,Day,2,2,0,1,0,1,1,Cross intersection,3,Other Injury,50,B,S ,Bicycle,S ,1,1,H,F,2,1,Stop-go lights,9999,QUEENSBERRY,STREET,SWANSTON,STREET,0,W,36278,I,MELBOURNE,MELBOURNE,-37.80456,144.96326,3053
114527,T20100040900,12/10/2010,92767,7628,15.26.00,1,Collision with vehicle,3,Tuesday,134,LANE CHANGE RIGHT (NOT OVERTAKING)             ,1,Day,2,2,1,0,0,1,1,Cross intersection,2,Hospitilisation,50,B,N ,Bicycle,N ,1,6,H,1,2,9,Stop-go lights,9999,BOURKE,STREET,QUEEN,STREET,0,E,216,I,MELBOURNE,MELBOURNE,-37.81496,144.96068,3000
115335,T20100042719,13/10/2010,92767,7628,08.45.00,1,Collision with vehicle,4,Wednesday,131,LEFT REAR                          ,1,Day,2,2,0,1,0,1,2,Not at intersection,3,Other Injury,999,B,E ,Bicycle,E ,1,1,H,F,2,2,No control,9999,LA TROBE,STREET,ELIZABETH,STREET,20,W,125532,N,MELBOURNE,MELBOURNE,-37.81038,144.96115,3000
115336,T20100042719,13/10/2010,92767,7628,08.45.00,1,Collision with vehicle,4,Wednesday,131,LEFT REAR                          ,1,Day,2,2,0,1,0,1,2,Not at intersection,3,Other Injury,999,B,E ,Bicycle,E ,1,1,H,F,2,2,No control,9999,LA TROBE,STREET,ELIZABETH,STREET,20,W,125532,N,MELBOURNE,MELBOURNE,-37.81038,144.96115,3000
125549,T20110012289,13/10/2010,92767,7628,18.30.00,6,Vehicle overturned (no collision),4,Wednesday,174,OUT OF CONTROL ON CARRIAGEWAY (ON STRAIGHT)         ,1,Day,2,1,0,1,0,0,2,Not at intersection,3,Other Injury,60,A,N ,Bicycle,NK,18,11,H,9,1,2,No control,9999,SMITH,STREET,ROSE,STREET,16,N,241821,N,YARRA,YARRA,-37.79643,144.98471,3066
114986,T20100041999,19/10/2010,92767,7628,21.19.00,1,Collision with vehicle,3,Tuesday,121,RIGHT THROUGH                        ,3,Dark Street lights on,2,2,0,1,0,1,2,T intersection,3,Other Injury,40,A,N ,Bicycle,N ,1,1,H,F,2,6,Stop-go lights,5490,CHAPEL,STREET,DALY,STREET,0,N,37721,I,STONNINGTON,STONNINGTON,-37.83818,144.99589,3141
115181,T20100042360,19/10/2010,92767,7628,17.15.00,1,Collision with vehicle,3,Tuesday,163,VEHICLE STRIKES DOOR OF PARKED/STATIONARY VEHICLE      ,1,Day,2,3,0,1,0,2,2,Not at intersection,3,Other Injury,60,A,N ,Bicycle,N ,1,17,H,F,2,1,No control,9999,ST KILDA,ROAD,SOUTHBANK,PROMENADE BIKE,57,N,237454,N,MELBOURNE,MELBOURNE,-37.81923,144.96825,3000
116077,T20100044331,19/10/2010,92767,7628,08.15.00,8,No collision and no object struck,3,Tuesday,174,OUT OF CONTROL ON CARRIAGEWAY (ON STRAIGHT)         ,1,Day,1,1,0,1,0,0,2,Cross intersection,3,Other Injury,50,A,W ,Bicycle,W ,1,18,H,F,2,9,No control,9999,ELIZABETH,STREET,FLINDERS,LANE,0,N,35361,I,MELBOURNE,MELBOURNE,-37.8172,144.96452,3000
115044,T20100042110,20/10/2010,92767,7628,09.00.00,1,Collision with vehicle,4,Wednesday,111,RIGHT FAR (INTERSECTIONS ONLY)               ,1,Day,2,2,0,1,0,1,2,T intersection,3,Other Injury,50,A,SE,Bicycle,SE,1,1,H,R,2,1,Unknown,9999,EASTERN,ROAD,THOMSON,STREET,61,SE,56513,I,PORT PHILLIP,PORT PHILLIP,-37.83716,144.96758,3205
115206,T20100042385,21/10/2010,92767,7628,18.55.00,1,Collision with vehicle,5,Thursday,110,CROSS TRAFFIC(INTERSECTIONS ONLY)              ,1,Day,2,3,0,1,0,2,1,Cross intersection,3,Other Injury,50,B,N ,Bicycle,N ,1,1,H,8,0,6,No control,9999,GORE,STREET,WEBB,STREET,0,N,48010,I,YARRA,YARRA,-37.80402,144.98219,3065
115424,T20100042878,25/10/2010,92767,7628,20.23.00,4,Collision with a fixed object,2,Monday,171,LEFT OFF CARRIAGEWAY INTO OBJECT/PARKED VEHICLE       ,1,Day,1,1,0,1,0,0,2,Not at intersection,3,Other Injury,999,A,NW,Bicycle,NW,1,1,H,9,2,9,Unknown,9999,SWANSTON,STREET,SWANSTON,STREET,35,N,237535,N,MELBOURNE,MELBOURNE,-37.80704,144.96265,3000
115445,T20100042926,26/10/2010,92767,7628,09.30.00,1,Collision with vehicle,3,Tuesday,121,RIGHT THROUGH                        ,1,Day,2,2,0,1,0,1,2,Cross intersection,3,Other Injury,999,A,E ,Bicycle,E ,1,1,H,1,2,5,Stop-go lights,9999,FARADAY,STREET,LYGON,STREET,0,W,35322,I,MELBOURNE,MELBOURNE,-37.79868,144.96729,3053
115584,T20100043216,27/10/2010,92767,7628,16.15.00,1,Collision with vehicle,4,Wednesday,163,VEHICLE STRIKES DOOR OF PARKED/STATIONARY VEHICLE      ,1,Day,2,2,1,0,0,1,1,Not at intersection,2,Hospitilisation,50,B,W ,Bicycle,W ,1,1,H,F,2,1,No control,5853,JOHNSTON,STREET,NICHOLSON,STREET,28,E,237705,N,YARRA,YARRA,-37.79799,144.9752,3065
115623,T20100043319,28/10/2010,92767,7628,17.40.00,1,Collision with vehicle,5,Thursday,121,RIGHT THROUGH                        ,1,Day,2,2,0,1,0,1,1,Cross intersection,3,Other Injury,60,B,NW,Bicycle,NW,1,1,H,F,0,2,No control,5068,MACAULAY,ROAD,GRACIE,STREET,0,SE,29371,I,MELBOURNE,MELBOURNE,-37.79638,144.93997,3051
116091,T20100044359,28/10/2010,92767,7628,18.20.00,4,Collision with a fixed object,5,Thursday,171,LEFT OFF CARRIAGEWAY INTO OBJECT/PARKED VEHICLE       ,1,Day,2,2,0,1,0,1,2,Not at intersection,3,Other Injury,60,B,W ,Bicycle,W ,1,1,H,N,2,1,No control,2120,FOOTSCRAY,ROAD,CITYLINK OUT-FOOTSCRAY OF,RAMP,25,W,238201,N,MELBOURNE,MELBOURNE,-37.80926,144.93174,3003
116504,T20100045205,30/10/2010,92767,7628,13.00.00,1,Collision with vehicle,7,Saturday,163,VEHICLE STRIKES DOOR OF PARKED/STATIONARY VEHICLE      ,1,Day,2,3,0,1,0,2,2,Cross intersection,3,Other Injury,50,A,E ,Bicycle,E ,1,1,H,F,2,1,Stop-go lights,9999,LONSDALE,STREET,SWANSTON,STREET,0,E,35363,I,MELBOURNE,MELBOURNE,-37.81156,144.96473,3000
116050,T20100044282,3/11/2010,92767,7628,16.15.00,1,Collision with vehicle,4,Wednesday,163,VEHICLE STRIKES DOOR OF PARKED/STATIONARY VEHICLE      ,1,Day,2,2,0,1,0,1,1,Not at intersection,3,Other Injury,50,B,W ,Bicycle,W ,1,1,H,F,2,2,No control,9999,HOTHAM,STREET,EMMA,STREET,19,E,237858,N,YARRA,YARRA,-37.79631,144.98586,3066
116141,T20100044454,5/11/2010,92767,7628,08.30.00,8,No collision and no object struck,6,Friday,174,OUT OF CONTROL ON CARRIAGEWAY (ON STRAIGHT)         ,1,Day,1,1,0,1,0,0,2,Not at intersection,3,Other Injury,60,A,N ,Bicycle,N ,8,8,H,F,2,1,No control,9999,ABBOTSFORD,STREET,OSHANASSY,STREET,31,S,237739,N,MELBOURNE,MELBOURNE,-37.80008,144.94598,3051
116158,T20100044484,5/11/2010,92767,7628,19.54.00,1,Collision with vehicle,6,Friday,136,RIGHT TURN SIDESWIPE                    ,4,Dark Street lights off,2,2,0,1,0,1,1,Not at intersection,3,Other Injury,50,B,W ,Bicycle,W ,1,1,H,F,2,1,No control,9999,SWANSTON,STREET,PELHAM,STREET,38,N,237753,N,MELBOURNE,MELBOURNE,-37.80216,144.96368,3053
116316,T20100044855,6/11/2010,92767,7628,12.00.00,1,Collision with vehicle,6,Saturday,133,LANE SIDE SWIPE (VEHICLES IN PARALLEL LANES)        ,1,Day,2,2,0,1,0,1,2,Not at intersection,3,Other Injury,999,A,N ,Bicycle,N ,1,1,H,R,2,9,Unknown,9999,ERROL,STREET,RAGLAN,STREET,38,N,239271,N,MELBOURNE,MELBOURNE,-37.80393,144.94947,3051
116382,T20100044964,9/11/2010,92767,7628,14.00.00,1,Collision with vehicle,3,Tuesday,148,VEHICLE OFF FOOTPATH STRIKES VEH ON CARRIAGEWAY,1,Day,2,2,0,1,0,1,2,Not at intersection,3,Other Injury,60,A,E ,Bicycle,E ,1,6,H,1,2,6,Stop-go lights,5979,ROYAL,PARADE,ELIZABETH,STREET,103,N,238168,N,MELBOURNE,MELBOURNE,-37.79879,144.95767,3052
116406,T20100045007,9/11/2010,92767,7628,16.57.00,1,Collision with vehicle,3,Tuesday,134,LANE CHANGE RIGHT (NOT OVERTAKING)             ,1,Day,2,2,0,1,0,1,1,T intersection,3,Other Injury,50,A,NE,Bicycle,NE,1,6,H,9,2,6,Stop-go lights,5082,VICTORIA,STREET,LA TROBE,STREET,0,W,65610,I,MELBOURNE,MELBOURNE,-37.80749,144.9707,3053
116407,T20100045007,9/11/2010,92767,7628,16.57.00,1,Collision with vehicle,3,Tuesday,134,LANE CHANGE RIGHT (NOT OVERTAKING)             ,1,Day,2,2,0,1,0,1,1,T intersection,3,Other Injury,50,A,NE,Bicycle,NE,1,6,H,9,2,6,Stop-go lights,5082,VICTORIA,STREET,LA TROBE,STREET,0,W,65610,I,MELBOURNE,MELBOURNE,-37.80749,144.9707,3053
116518,T20100045225,9/11/2010,92767,7628,16.00.00,1,Collision with vehicle,3,Tuesday,163,VEHICLE STRIKES DOOR OF PARKED/STATIONARY VEHICLE      ,1,Day,2,2,0,1,0,1,2,Not at intersection,3,Other Injury,999,B,N ,Bicycle,N ,1,1,H,5,2,1,Unknown,9999,BRUNSWICK,STREET,ARGYLE,STREET,43,S,238746,N,YARRA,YARRA,-37.79793,144.97854,3065
117022,T20100046296,9/11/2010,92767,7628,10.00.00,7,Fall from or in moving vehicle,3,Tuesday,174,OUT OF CONTROL ON CARRIAGEWAY (ON STRAIGHT)         ,1,Day,1,1,0,1,0,0,2,Cross intersection,3,Other Injury,50,A,SE,Bicycle,SE,7,1,H,F,2,1,No control,9999,FLINDERS,LANE,SWANSTON,STREET,0,E,35364,I,MELBOURNE,MELBOURNE,-37.81649,144.96699,3000
117046,T20100046336,9/11/2010,92767,7628,18.30.00,1,Collision with vehicle,3,Tuesday,137,LEFT TURN SIDESWIPE                     ,9,Unknown,2,2,0,1,0,1,2,Not at intersection,3,Other Injury,999,B,S ,Bicycle,S ,1,6,H,1,9,9,Unknown,5882,ST KILDA,ROAD,TOORAK,ROAD,135,S,239903,N,MELBOURNE,"PORT PHILLIP,MELBOURNE",-37.83739,144.97596,3004
116442,T20100045066,10/11/2010,92767,7628,08.23.00,1,Collision with vehicle,4,Wednesday,137,LEFT TURN SIDESWIPE                     ,1,Day,2,2,0,1,0,1,1,T intersection,3,Other Injury,50,B,SW,Bicycle,SW,1,1,H,F,2,2,No control,9999,MACARTHUR,STREET,ST ANDREWS,PLACE,0,SW,36997,I,MELBOURNE,MELBOURNE,-37.81179,144.97483,3002
116576,T20100045320,11/11/2010,92767,7628,22.00.00,1,Collision with vehicle,5,Thursday,163,VEHICLE STRIKES DOOR OF PARKED/STATIONARY VEHICLE      ,3,Dark Street lights on,2,2,1,0,0,1,2,Cross intersection,2,Hospitilisation,50,B,W ,Bicycle,W ,1,1,H,F,2,9,No control,9999,ERROL,STREET,QUEENSBERRY,STREET,0,S,36111,I,MELBOURNE,MELBOURNE,-37.80305,144.94962,3051
116669,T20100045538,11/11/2010,92767,7628,14.55.00,1,Collision with vehicle,5,Thursday,137,LEFT TURN SIDESWIPE                     ,1,Day,2,2,0,1,0,1,1,Cross intersection,3,Other Injury,50,B,W ,Bicycle,W ,1,1,H,F,2,1,Stop-go lights,9999,LITTLE BOURKE,STREET,RUSSELL,STREET,0,E,36951,I,MELBOURNE,MELBOURNE,-37.81182,144.96765,3000
116830,T20100045879,11/11/2010,92767,7628,11.10.00,1,Collision with vehicle,5,Thursday,137,LEFT TURN SIDESWIPE                     ,1,Day,2,2,0,1,0,1,2,Cross intersection,3,Other Injury,60,A,SE,Bicycle,SE,1,1,H,1,2,1,Stop-go lights,9999,FLINDERS,STREET,WILLIAM,STREET,0,W,29420,I,MELBOURNE,MELBOURNE,-37.81961,144.96002,3000
116831,T20100045879,11/11/2010,92767,7628,11.10.00,1,Collision with vehicle,5,Thursday,137,LEFT TURN SIDESWIPE                     ,1,Day,2,2,0,1,0,1,2,Cross intersection,3,Other Injury,60,A,SE,Bicycle,SE,1,1,H,1,2,1,Stop-go lights,9999,FLINDERS,STREET,WILLIAM,STREET,0,W,29420,I,MELBOURNE,MELBOURNE,-37.81961,144.96002,3000
116965,T20100046171,11/11/2010,92767,7628,17.15.00,1,Collision with vehicle,5,Thursday,163,VEHICLE STRIKES DOOR OF PARKED/STATIONARY VEHICLE      ,1,Day,2,2,0,1,0,1,2,Not at intersection,3,Other Injury,50,B,NW,Bicycle,NW,1,1,H,F,0,6,No control,9999,SWANSTON,STREET,TURNER,ALLEY,34,N,239362,N,MELBOURNE,MELBOURNE,-37.81297,144.96538,3000
138822,T20110034917,11/11/2010,92767,7628,08.30.00,1,Collision with vehicle,5,Thursday,163,VEHICLE STRIKES DOOR OF PARKED/STATIONARY VEHICLE      ,1,Day,2,2,1,0,0,1,2,Not at intersection,2,Hospitilisation,50,A,W ,Bicycle,W ,1,13,H,F,9,2,Other,5287,SWAN,STREET,CREMORNE,STREET,15,E,246259,N,YARRA,YARRA,-37.82493,144.99133,3121
140491,T20110037020,11/11/2010,92767,7628,16.30.00,1,Collision with vehicle,5,Thursday,143,ENTERING PARKING                      ,1,Day,2,2,0,1,0,1,2,Not at intersection,3,Other Injury,999,B,NK,Bicycle,NK,1,1,H,R,9,1,Unknown,9999,BERKELEY,STREET,QUEENSBERRY,STREET,0,N,31046,I,MELBOURNE,MELBOURNE,-37.80414,144.95949,3053
116885,T20100046004,16/11/2010,92767,7628,16.38.00,1,Collision with vehicle,3,Tuesday,121,RIGHT THROUGH                        ,1,Day,2,2,0,1,0,1,1,T intersection,3,Other Injury,40,B,E ,Bicycle,E ,1,1,H,4,2,1,No control,5898,TOORAK,ROAD,MURPHY,STREET,0,W,37648,I,STONNINGTON,STONNINGTON,-37.8388,144.99018,3141
117165,T20100046594,17/11/2010,92767,7628,19.45.00,1,Collision with vehicle,3,Wednesday,163,VEHICLE STRIKES DOOR OF PARKED/STATIONARY VEHICLE      ,2,Dusk/Dawn,2,3,0,1,0,2,2,Not at intersection,3,Other Injury,40,A,E ,Bicycle,E ,1,1,H,1,2,3,No control,5285,BRIDGE,ROAD,CHURCH,STREET,20,E,285988,N,YARRA,YARRA,-37.81858,144.9994,3121
117127,T20100046527,20/11/2010,92767,7628,01.53.00,1,Collision with vehicle,7,Saturday,116,LEFT NEAR (INTERSECTIONS ONLY)               ,3,Dark Street lights on,2,3,1,0,0,2,1,Cross intersection,2,Hospitilisation,50,A,E ,Bicycle,N ,3,3,H,1,2,6,Stop-go lights,9999,GERTRUDE,STREET,LANGRIDGE,STREET,0,W,36572,I,YARRA,YARRA,-37.80637,144.98299,3066
117195,T20100046653,20/11/2010,92767,7628,14.55.00,1,Collision with vehicle,7,Saturday,121,RIGHT THROUGH                        ,1,Day,2,3,0,1,0,2,1,Cross intersection,3,Other Injury,50,B,S ,Bicycle,S ,1,1,H,F,2,1,Stop-go lights,2080,PUNT,ROAD,TOORAK,ROAD,0,S,37610,I,MELBOURNE,"STONNINGTON,MELBOURNE",-37.83832,144.98652,3141
120742,T20110002072,20/11/2010,92767,7628,16.15.00,1,Collision with vehicle,7,Saturday,163,VEHICLE STRIKES DOOR OF PARKED/STATIONARY VEHICLE      ,1,Day,2,2,0,1,0,1,2,Not at intersection,3,Other Injury,50,A,S ,Bicycle,S ,1,1,H,F,2,6,No control,5318,CLARENDON,STREET,BANK,STREET,50,N,226671,N,PORT PHILLIP,PORT PHILLIP,-37.83369,144.96089,3205
117219,T20100046706,21/11/2010,92767,7628,09.28.00,1,Collision with vehicle,1,Sunday,137,LEFT TURN SIDESWIPE                     ,1,Day,2,2,0,1,0,1,1,T intersection,3,Other Injury,60,A,E ,Bicycle,N ,3,3,H,R,0,2,Stop-go lights,2120,MONTAGUE,STREET,CHARLES GRIMES BRIDGE,ROAD,28,S,29889,N,MELBOURNE,MELBOURNE,-37.82446,144.9481,3008
117224,T20100046714,21/11/2010,92767,7628,11.30.00,9,Other accident,1,Sunday,199,UNKNOWN-NO DETAILS ON MANOEUVRES OF ROAD-USERS IN ACCIDENT ,1,Day,1,1,0,1,0,0,2,Not at intersection,3,Other Injury,40,A,E ,Bicycle,NK,99,99,H,N,2,6,Stop-go lights,5285,BRIDGE,ROAD,LENNOX,STREET,15,W,77595,N,YARRA,YARRA,-37.81805,144.99445,3121
117356,T20100046958,22/11/2010,92767,7628,22.20.00,8,No collision and no object struck,2,Monday,174,OUT OF CONTROL ON CARRIAGEWAY (ON STRAIGHT)         ,3,Dark Street lights on,1,1,1,0,0,0,1,Cross intersection,2,Hospitilisation,30,A,SE,Bicycle,SE,1,1,H,9,2,5,Stop-go lights,9999,FLINDERS,LANE,SWANSTON,STREET,0,E,35364,I,MELBOURNE,MELBOURNE,-37.81649,144.96699,3000
118003,T20100048359,22/11/2010,92767,7628,18.15.00,8,No collision and no object struck,2,Monday,174,OUT OF CONTROL ON CARRIAGEWAY (ON STRAIGHT)         ,1,Day,1,1,0,1,0,0,2,Not at intersection,3,Other Injury,60,A,SE,Bicycle,SE,3,3,H,R,2,2,Stop-go lights,2997,BATMAN,AVENUE,OLYMPIC,BOULEVARD,30,NW,1396,N,MELBOURNE,MELBOURNE,-37.82312,144.97831,3004
117510,T20100047314,24/11/2010,92767,7628,22.20.00,1,Collision with vehicle,4,Wednesday,121,RIGHT THROUGH                        ,3,Dark Street lights on,2,2,0,1,0,1,1,Cross intersection,3,Other Injury,50,B,E ,Bicycle,E ,1,1,H,F,1,6,Stop-go lights,9999,BRUNSWICK,STREET,GERTRUDE,STREET,0,N,36469,I,YARRA,YARRA,-37.80575,144.97721,3065
117637,T20100047577,26/11/2010,92767,7628,17.00.00,1,Collision with vehicle,6,Friday,163,VEHICLE STRIKES DOOR OF PARKED/STATIONARY VEHICLE      ,1,Day,2,2,1,1,0,0,2,T intersection,2,Hospitilisation,60,B,N ,Bicycle,N ,1,1,H,F,2,1,Unknown,9999,SMITH,STREET,MOOR,STREET,0,S,36565,I,YARRA,YARRA,-37.80219,144.98371,3066
118033,T20100048416,26/11/2010,92767,7628,19.50.00,1,Collision with vehicle,6,Friday,137,LEFT TURN SIDESWIPE                     ,2,Dusk/Dawn,2,2,0,1,0,1,2,Cross intersection,3,Other Injury,60,A,S ,Bicycle,S ,1,1,H,1,9,6,No control,9999,SLATER,STREET,ST KILDA,ROAD,19,E,229693,I,MELBOURNE,MELBOURNE,-37.83903,144.97679,3004
117787,T20100047958,29/11/2010,92767,7628,08.30.00,1,Collision with vehicle,2,Monday,111,RIGHT FAR (INTERSECTIONS ONLY)               ,1,Day,2,2,0,1,0,1,1,Cross intersection,3,Other Injury,60,B,N ,Bicycle,N ,1,6,H,F,2,1,Stop-go lights,2120,WURUNDJERI,WAY,BATMANS HILL,DRIVE,0,E,78,I,MELBOURNE,MELBOURNE,-37.82259,144.95018,3008
117823,T20100048022,29/11/2010,92767,7628,08.30.00,1,Collision with vehicle,2,Monday,121,RIGHT THROUGH                        ,1,Day,2,2,0,1,0,1,2,T intersection,3,Other Injury,40,B,W ,Bicycle,W ,1,1,H,F,2,1,No control,5285,BRIDGE,ROAD,ROTHERWOOD,STREET,0,W,37089,I,YARRA,YARRA,-37.81781,144.99231,3121