,ACCIDENT_NO,ACCIDENTDATE,CYCLISTS,CYCLISTS_COUNT_LS,ACCIDENTTIME,ACCIDENT_TYPE,ACCIDENT_TYPE_DESC,DAY_OF_WEEK,DAY_WEEK_DESC,DCA_CODE,DCA Description,LIGHT_CONDITION,LIGHT_CONDITION_DEC,NO_OF_VEHICLES,NO_PERSONS,NO_PERSONS_INJ_2,NO_PERSONS_INJ_3,NO_PERSONS_KILLED,NO_PERSONS_NOT_INJ,POLICE_ATTEND,ROAD_GEOMETRY_DESC,SEVERITY,SEVERITY_DESC,SPEED_ZONE,VEHICLE_ID,INITIAL_DIRECTION,Vehicle Type Desc,FINAL_DIRECTION,DRIVER_INTENT,VEHICLE_MOVEMENT,TRAILER_TYPE,INITIAL_IMPACT,LAMPS,LEVEL_OF_DAMAGE,TRAFFIC_CONTROL_DESC,ROAD_ROUTE_1,ROAD_NAME,ROAD_TYPE,ROAD_NAME_INT,ROAD_TYPE_INT,DISTANCE_LOCATION,DIRECTION_LOCATION,NODE_ID,NODE_TYPE,LGA_NAME,Lga Name All,Lat,Long,Postcode No
117988,T20100048314,1/12/2010,92767,7628,15.55.00,1,Collision with vehicle,4,Wednesday,121,RIGHT THROUGH                        ,1,Day,2,5,0,1,0,4,1,Cross intersection,3,Other Injury,50,B,N ,Bicycle,N ,1,1,H,F,2,1,No control,9999,HOTHAM,STREET,WELLINGTON,STREET,0,W,29406,I,YARRA,YARRA,-37.79651,144.98781,3066
118038,T20100048419,2/12/2010,92767,7628,12.40.00,1,Collision with vehicle,5,Thursday,147,VEHICLE STRIKES ANOTHER VEH WHILE EMERGING FROM DRIVEWAY,1,Day,2,2,1,0,0,1,1,Not at intersection,2,Hospitilisation,70,B,S ,Bicycle,S ,1,1,H,F,0,1,No control,2080,HODDLE,STREET,STAFFORD,STREET,12,S,238848,N,YARRA,YARRA,-37.80065,144.99285,3067
118759,T20100050015,3/12/2010,92767,7628,08.15.00,8,No collision and no object struck,6,Friday,174,OUT OF CONTROL ON CARRIAGEWAY (ON STRAIGHT)         ,1,Day,2,2,0,1,0,1,2,Not at intersection,3,Other Injury,50,B,W ,Bicycle,W ,1,17,H,N,2,6,Unknown,9999,LONSDALE,STREET,ELIZABETH,STREET,29,W,238647,N,MELBOURNE,MELBOURNE,-37.81237,144.96195,3000
126820,T20110015122,4/12/2010,92767,7628,18.00.00,8,No collision and no object struck,7,Saturday,179,OTHER ACCIDENTS-OFF STRAIGHT NOT INCLUDED IN DCAs 170-175  ,1,Day,1,1,0,1,0,0,2,Cross intersection,3,Other Injury,50,A,N ,Bicycle,N ,1,1,H,F,2,1,No control,9999,BRUNSWICK,STREET,VICTORIA,STREET,0,N,36499,I,YARRA,YARRA,-37.79906,144.97834,3065
118258,T20100048882,5/12/2010,92767,7628,08.33.00,1,Collision with vehicle,1,Sunday,130,REAR END(VEHICLES IN SAME LANE)               ,1,Day,3,3,0,2,0,1,1,Cross intersection,3,Other Injury,40,B,W ,Bicycle,W ,1,1,H,R,2,9,Stop-go lights,5019,ALEXANDRA,AVENUE,CHAPEL,STREET,0,NW,35414,I,STONNINGTON,STONNINGTON,-37.83484,144.99656,3141
118259,T20100048882,5/12/2010,92767,7628,08.33.00,1,Collision with vehicle,1,Sunday,130,REAR END(VEHICLES IN SAME LANE)               ,1,Day,3,3,0,2,0,1,1,Cross intersection,3,Other Injury,40,C,W ,Bicycle,W ,1,1,H,F,2,9,Stop-go lights,5019,ALEXANDRA,AVENUE,CHAPEL,STREET,0,NW,35414,I,STONNINGTON,STONNINGTON,-37.83484,144.99656,3141
118395,T20100049203,7/12/2010,92767,7628,13.38.00,1,Collision with vehicle,3,Tuesday,137,LEFT TURN SIDESWIPE                     ,1,Day,2,2,1,0,0,1,1,Cross intersection,2,Hospitilisation,50,B,N ,Bicycle,N ,1,1,H,1,2,5,Stop-go lights,5082,VICTORIA,STREET,SWANSTON,STREET,0,W,36264,I,MELBOURNE,MELBOURNE,-37.80666,144.9629,3053
118496,T20100049419,7/12/2010,92767,7628,16.30.00,1,Collision with vehicle,3,Tuesday,163,VEHICLE STRIKES DOOR OF PARKED/STATIONARY VEHICLE      ,1,Day,2,2,0,1,0,1,2,Cross intersection,3,Other Injury,50,A,N ,Bicycle,N ,1,1,H,F,2,1,Stop-go lights,9999,FLINDERS,STREET,SWANSTON,STREET,0,W,238,I,MELBOURNE,MELBOURNE,-37.81745,144.96744,3000
118497,T20100049419,7/12/2010,92767,7628,16.30.00,1,Collision with vehicle,3,Tuesday,163,VEHICLE STRIKES DOOR OF PARKED/STATIONARY VEHICLE      ,1,Day,2,2,0,1,0,1,2,Cross intersection,3,Other Injury,50,A,N ,Bicycle,N ,1,1,H,F,2,1,Stop-go lights,9999,FLINDERS,STREET,SWANSTON,STREET,0,W,238,I,MELBOURNE,MELBOURNE,-37.81745,144.96744,3000
118536,T20100049493,9/12/2010,92767,7628,08.15.00,1,Collision with vehicle,5,Thursday,137,LEFT TURN SIDESWIPE                     ,1,Day,2,2,0,1,0,1,1,T intersection,3,Other Injury,60,B,W ,Bicycle,W ,1,1,H,F,2,1,Giveway sign,5083,VICTORIA,PARADE,GISBORNE,STREET,0,E,238583,I,MELBOURNE,MELBOURNE,-37.80843,144.97584,3002
118576,T20100049564,9/12/2010,92767,7628,17.30.00,1,Collision with vehicle,5,Thursday,121,RIGHT THROUGH                        ,1,Day,2,2,0,1,0,1,1,Not at intersection,3,Other Injury,60,B,E ,Bicycle,E ,1,1,H,F,2,2,No control,9999,ALBERT,STREET,GOTCH,LANE,11,E,147935,N,MELBOURNE,MELBOURNE,-37.81065,144.98564,3002
119360,T20100051358,9/12/2010,92767,7628,16.30.00,1,Collision with vehicle,5,Thursday,135,LANE CHANGE LEFT (NOT OVERTAKING)              ,1,Day,2,2,0,1,0,1,2,T intersection,3,Other Injury,60,A,S ,Bicycle,NK,1,1,H,1,0,1,Stop-go lights,5287,SWAN,STREET,LENNOX,STREET,0,W,37135,I,YARRA,YARRA,-37.82518,144.99339,3121
118770,T20100050042,13/12/2010,92767,7628,08.30.00,6,Vehicle overturned (no collision),2,Monday,174,OUT OF CONTROL ON CARRIAGEWAY (ON STRAIGHT)         ,1,Day,1,1,0,1,0,0,1,Not at intersection,3,Other Injury,30,A,N ,Bicycle,N ,1,1,H,9,2,6,No control,9999,SWANSTON,STREET,FLINDERS,LANE,40,S,75139,N,MELBOURNE,MELBOURNE,-37.81682,144.96715,3000
118874,T20100050257,13/12/2010,92767,7628,17.15.00,1,Collision with vehicle,2,Monday,163,VEHICLE STRIKES DOOR OF PARKED/STATIONARY VEHICLE      ,1,Day,2,3,0,1,0,2,2,T intersection,3,Other Injury,60,B,W ,Bicycle,W ,1,1,H,F,2,5,No control,5853,JOHNSTON,STREET,LULIE,STREET,0,W,36695,I,YARRA,YARRA,-37.80004,144.99495,3067
118892,T20100050303,14/12/2010,92767,7628,17.45.00,1,Collision with vehicle,3,Tuesday,147,VEHICLE STRIKES ANOTHER VEH WHILE EMERGING FROM DRIVEWAY,1,Day,2,2,0,1,0,1,2,Not at intersection,3,Other Injury,60,B,NW,Bicycle,NW,1,1,H,9,2,5,No control,5882,ST KILDA,ROAD,SLATER,STREET,164,N,238692,N,MELBOURNE,"PORT PHILLIP,MELBOURNE",-37.83766,144.97606,3004
119303,T20100051267,14/12/2010,92767,7628,19.00.00,8,No collision and no object struck,3,Tuesday,174,OUT OF CONTROL ON CARRIAGEWAY (ON STRAIGHT)         ,1,Day,2,2,0,1,0,1,2,Not at intersection,3,Other Injury,50,A,W ,Bicycle,W ,1,18,H,N,9,6,No control,9999,LONSDALE,STREET,EXHIBITION,STREET,50,E,34481,N,MELBOURNE,MELBOURNE,-37.80997,144.97019,3000
120065,T20110000490,14/12/2010,92767,7628,06.45.00,1,Collision with vehicle,3,Tuesday,121,RIGHT THROUGH                        ,1,Day,2,2,0,1,0,1,2,Cross intersection,3,Other Injury,50,B,SE,Bicycle,SE,1,1,H,1,2,2,No control,5061,SPENCER,STREET,ROSSLYN,STREET,0,SE,36815,I,MELBOURNE,MELBOURNE,-37.80928,144.94939,3003
119267,T20100051201,17/12/2010,92767,7628,08.30.00,1,Collision with vehicle,6,Friday,160,VEHICLE COLLIDES WITH VEHICLE PARKED ON LEFT OF ROAD    ,1,Day,2,2,1,0,0,1,1,Not at intersection,2,Hospitilisation,30,A,NW,Bicycle,NW,7,7,H,F,2,1,No control,9999,SWANSTON,STREET,BOURKE,STREET,56,S,240175,N,MELBOURNE,MELBOURNE,-37.814,144.96585,3000
120640,T20110001834,20/12/2010,92767,7628,21.00.00,1,Collision with vehicle,2,Monday,134,LANE CHANGE RIGHT (NOT OVERTAKING)             ,6,Dark Street lights unknown,2,2,1,0,0,1,2,T intersection,2,Hospitilisation,50,B,N ,Bicycle,N ,1,6,H,5,2,1,Unknown,9999,SMITH,STREET,KERR,STREET,0,S,36135,I,YARRA,YARRA,-37.79736,144.98455,3066
119332,T20100051293,21/12/2010,92767,7628,16.15.00,1,Collision with vehicle,3,Tuesday,130,REAR END(VEHICLES IN SAME LANE)               ,1,Day,2,2,0,2,0,0,2,Cross intersection,3,Other Injury,50,B,E ,Bicycle,E ,1,1,H,R,2,4,Roundabout,9999,HOWARD,STREET,QUEENSBERRY,STREET,0,N,36193,I,MELBOURNE,MELBOURNE,-37.80355,144.95406,3051
119495,T20100051659,21/12/2010,92767,7628,09.30.00,1,Collision with vehicle,3,Tuesday,147,VEHICLE STRIKES ANOTHER VEH WHILE EMERGING FROM DRIVEWAY,1,Day,2,2,1,0,0,1,2,Not at intersection,2,Hospitilisation,50,B,SE,Bicycle,SE,1,1,H,4,2,2,No control,9999,HARBOUR,ESPLANADE,RON CASEY,LANE,4,S,238881,N,MELBOURNE,MELBOURNE,-37.81545,144.94521,3008
119460,T20100051599,23/12/2010,92767,7628,17.00.00,1,Collision with vehicle,5,Thursday,148,VEHICLE OFF FOOTPATH STRIKES VEH ON CARRIAGEWAY,1,Day,2,2,0,1,0,1,2,T intersection,3,Other Injury,70,B,N ,Bicycle,N ,1,1,H,5,2,2,No control,2080,PUNT,ROAD,NAPIER,LANE,0,S,46104,I,MELBOURNE,"MELBOURNE,YARRA",-37.8179,144.98997,3121
120345,T20110001185,23/12/2010,92767,7628,15.00.00,1,Collision with vehicle,5,Thursday,163,VEHICLE STRIKES DOOR OF PARKED/STATIONARY VEHICLE      ,1,Day,2,2,0,1,0,1,2,T intersection,3,Other Injury,50,B,S ,Bicycle,S ,1,1,H,F,2,1,No control,9999,ELIZABETH,STREET,FLINDERS,STREET,0,N,233,I,MELBOURNE,MELBOURNE,-37.81817,144.96497,3000
120346,T20110001185,23/12/2010,92767,7628,15.00.00,1,Collision with vehicle,5,Thursday,163,VEHICLE STRIKES DOOR OF PARKED/STATIONARY VEHICLE      ,1,Day,2,2,0,1,0,1,2,T intersection,3,Other Injury,50,B,S ,Bicycle,S ,1,1,H,F,2,1,No control,9999,ELIZABETH,STREET,FLINDERS,STREET,0,N,233,I,MELBOURNE,MELBOURNE,-37.81817,144.96497,3000
119534,T20100051749,24/12/2010,92767,7628,18.11.00,8,No collision and no object struck,6,Friday,151,OUT OF CONTROL (OVERTAKING)                 ,1,Day,2,2,0,1,0,1,2,Not at intersection,3,Other Injury,40,A,N ,Bicycle,N ,7,1,H,9,2,6,No control,9999,BRUNSWICK,STREET,GREEVES,STREET,26,N,239009,N,YARRA,YARRA,-37.79959,144.97825,3065
120103,T20110000594,6/01/2011,101877,8377,14.10.00,1,Collision with vehicle,5,Thursday,135,LANE CHANGE LEFT (NOT OVERTAKING)              ,1,Day,2,3,0,1,0,2,1,Cross intersection,3,Other Injury,50,B,N ,Bicycle,N ,1,1,H,F,2,3,No control,9999,ELIZABETH,STREET,LITTLE LONSDALE,STREET,0,N,29422,I,MELBOURNE,MELBOURNE,-37.8113,144.96181,3000
120115,T20110000622,6/01/2011,101877,8377,14.30.00,1,Collision with vehicle,5,Thursday,137,LEFT TURN SIDESWIPE                     ,1,Day,2,5,0,1,0,4,2,T intersection,3,Other Injury,999,B,NE,Bicycle,NE,1,1,H,F,2,1,No control,5738,BAY,STREET,SPRING N,STREET,0,SW,37437,I,PORT PHILLIP,PORT PHILLIP,-37.83563,144.94507,3207
120117,T20110000628,6/01/2011,101877,8377,17.52.00,1,Collision with vehicle,5,Thursday,142,LEAVING PARKING                       ,1,Day,2,2,0,1,0,1,1,Not at intersection,3,Other Injury,60,A,E ,Bicycle,E ,1,1,H,5,2,1,No control,5083,VICTORIA,PARADE,VICTORIA,PARADE,7,E,240694,N,YARRA,YARRA,-37.80796,144.97549,3065
120192,T20110000811,8/01/2011,101877,8377,09.01.00,1,Collision with vehicle,7,Saturday,163,VEHICLE STRIKES DOOR OF PARKED/STATIONARY VEHICLE      ,1,Day,2,2,1,0,0,1,1,Not at intersection,2,Hospitilisation,40,B,N ,Bicycle,N ,1,1,H,F,2,2,No control,5318,CLARENDON,STREET,JAMES,LANE,27,S,80361,N,PORT PHILLIP,PORT PHILLIP,-37.83488,144.96144,3205
120454,T20110001416,9/01/2011,101877,8377,13.30.00,1,Collision with vehicle,1,Sunday,148,VEHICLE OFF FOOTPATH STRIKES VEH ON CARRIAGEWAY,1,Day,2,2,0,1,0,1,2,Cross intersection,3,Other Injury,60,B,W ,Bicycle,W ,1,1,H,F,2,3,Giveway sign,9999,FRESHWATER,PLACE,SOUTHBANK,BOULEVARD,0,SW,36929,I,MELBOURNE,MELBOURNE,-37.82167,144.963,3006
120292,T20110001027,10/01/2011,101877,8377,08.40.00,1,Collision with vehicle,1,Monday,133,LANE SIDE SWIPE (VEHICLES IN PARALLEL LANES)        ,1,Day,2,2,0,1,0,1,1,Not at intersection,3,Other Injury,60,B,W ,Bicycle,W ,1,1,H,1,2,1,No control,5019,ALEXANDRA,AVENUE,YARRA,STREET,101,E,242856,N,STONNINGTON,STONNINGTON,-37.83437,144.99463,3141
121316,T20110003233,10/01/2011,101877,8377,17.00.00,8,No collision and no object struck,2,Monday,174,OUT OF CONTROL ON CARRIAGEWAY (ON STRAIGHT)         ,1,Day,2,2,0,1,0,1,2,Not at intersection,3,Other Injury,60,A,N ,Bicycle,N ,7,7,H,F,2,1,No control,9999,BRUNSWICK,STREET,KING WILLIAM,STREET,38,N,239550,N,YARRA,YARRA,-37.802,144.97783,3065
120389,T20110001264,11/01/2011,101877,8377,18.00.00,1,Collision with vehicle,3,Tuesday,121,RIGHT THROUGH                        ,2,Dusk/Dawn,2,2,0,1,0,1,1,T intersection,3,Other Injury,50,B,E ,Bicycle,E ,1,1,H,F,2,1,No control,9999,ALBERT,STREET,EADES,STREET,0,E,37014,I,MELBOURNE,MELBOURNE,-37.81012,144.98094,3002
120716,T20110001993,11/01/2011,101877,8377,16.00.00,1,Collision with vehicle,2,Tuesday,142,LEAVING PARKING                       ,1,Day,2,2,0,1,0,1,2,Not at intersection,3,Other Injury,999,B,N ,Bicycle,N ,1,1,H,F,0,1,Unknown,9999,RATHDOWNE,PLACE,SILVER TOP,TERRACE,0,S,283886,I,MELBOURNE,MELBOURNE,-37.79959,144.97056,3053
120633,T20110001820,13/01/2011,101877,8377,06.30.00,1,Collision with vehicle,5,Thursday,137,LEFT TURN SIDESWIPE                     ,1,Day,2,2,0,1,0,1,2,Cross intersection,3,Other Injury,50,A,N ,Bicycle,N ,1,1,H,1,2,6,Stop-go lights,9999,EXHIBITION,STREET,LITTLE COLLINS,STREET,0,N,29428,I,MELBOURNE,MELBOURNE,-37.81306,144.97101,3000
120667,T20110001886,15/01/2011,101877,8377,13.58.00,1,Collision with vehicle,7,Saturday,163,VEHICLE STRIKES DOOR OF PARKED/STATIONARY VEHICLE      ,1,Day,2,2,0,2,0,0,1,T intersection,3,Other Injury,60,B,W ,Bicycle,W ,1,1,H,5,2,6,No control,5083,VICTORIA,PARADE,EADES,STREET,0,E,37013,I,MELBOURNE,MELBOURNE,-37.80898,144.98113,3002
120698,T20110001966,16/01/2011,101877,8377,10.50.00,1,Collision with vehicle,1,Sunday,140,U TURN                           ,1,Day,2,2,0,1,0,1,2,Not at intersection,3,Other Injury,50,A,SW,Bicycle,SW,1,1,H,F,2,1,No control,9999,LA TROBE,STREET,RUSSELL,STREET,53,W,241065,N,MELBOURNE,MELBOURNE,-37.80904,144.96574,3000
120699,T20110001966,16/01/2011,101877,8377,10.50.00,1,Collision with vehicle,1,Sunday,140,U TURN                           ,1,Day,2,2,0,1,0,1,2,Not at intersection,3,Other Injury,50,A,SW,Bicycle,SW,1,1,H,F,2,1,No control,9999,LA TROBE,STREET,RUSSELL,STREET,53,W,241065,N,MELBOURNE,MELBOURNE,-37.80904,144.96574,3000
120718,T20110001995,16/01/2011,101877,8377,13.30.00,1,Collision with vehicle,1,Sunday,163,VEHICLE STRIKES DOOR OF PARKED/STATIONARY VEHICLE      ,1,Day,2,3,0,1,0,2,1,Cross intersection,3,Other Injury,50,B,S ,Bicycle,S ,1,1,H,F,2,1,Stop-go lights,9999,BOURKE,STREET,ELIZABETH,STREET,0,E,35359,I,MELBOURNE,MELBOURNE,-37.81425,144.96316,3000
120799,T20110002180,17/01/2011,101877,8377,18.50.00,1,Collision with vehicle,2,Monday,147,VEHICLE STRIKES ANOTHER VEH WHILE EMERGING FROM DRIVEWAY,1,Day,2,2,0,1,0,1,2,Not at intersection,3,Other Injury,50,A,NW,Bicycle,NW,1,1,H,F,2,2,No control,9999,VICTORIA,CRESCENT,ZETLAND,STREET,20,NW,139091,N,YARRA,YARRA,-37.80732,144.99883,3067
121013,T20110002619,17/01/2011,101877,8377,16.45.00,1,Collision with vehicle,2,Monday,163,VEHICLE STRIKES DOOR OF PARKED/STATIONARY VEHICLE      ,1,Day,2,3,0,1,0,2,2,Not at intersection,3,Other Injury,50,A,N ,Bicycle,N ,1,1,H,F,2,6,No control,9999,ST KILDA,ROAD,SWANSTON,STREET,47,S,239584,N,MELBOURNE,MELBOURNE,-37.81912,144.9682,3000
120853,T20110002281,18/01/2011,101877,8377,21.30.00,1,Collision with vehicle,3,Tuesday,140,U TURN                           ,3,Dark Street lights on,2,2,0,1,0,1,1,Cross intersection,3,Other Injury,60,B,E ,Bicycle,E ,1,1,H,R,9,1,No control,5948,VICTORIA,STREET,PARK,STREET,0,W,65714,I,YARRA,YARRA,-37.80986,144.99379,3121
120967,T20110002509,20/01/2011,101877,8377,18.10.00,1,Collision with vehicle,5,Thursday,143,ENTERING PARKING                      ,1,Day,2,2,1,0,0,1,1,Not at intersection,2,Hospitilisation,50,B,N ,Bicycle,N ,1,99,H,F,2,3,No control,9999,NAPIER,STREET,ROSE,STREET,39,S,239841,N,YARRA,YARRA,-37.79654,144.98105,3065
120971,T20110002518,20/01/2011,101877,8377,17.45.00,1,Collision with vehicle,5,Thursday,163,VEHICLE STRIKES DOOR OF PARKED/STATIONARY VEHICLE      ,1,Day,2,3,0,1,0,2,2,Cross intersection,3,Other Injury,60,B,E ,Bicycle,E ,1,1,H,F,2,1,Ped. crossing,2240,CITY,ROAD,SOUTHBANK,BOULEVARD,0,SW,57471,I,MELBOURNE,MELBOURNE,-37.82257,144.96414,3006
121011,T20110002601,21/01/2011,101877,8377,10.55.00,1,Collision with vehicle,6,Friday,135,LANE CHANGE LEFT (NOT OVERTAKING)              ,1,Day,2,2,0,1,0,1,2,Cross intersection,3,Other Injury,50,A,E ,Bicycle,E ,17,17,H,1,2,1,Stop-go lights,9999,ELIZABETH,STREET,LONSDALE,STREET,0,N,35355,I,MELBOURNE,MELBOURNE,-37.81228,144.96226,3000
121566,T20110003748,21/01/2011,101877,8377,07.20.00,1,Collision with vehicle,6,Friday,121,RIGHT THROUGH                        ,1,Day,2,2,1,0,0,1,2,T intersection,2,Hospitilisation,999,B,W ,Bicycle,W ,1,1,H,4,2,5,Stop-go lights,9999,ARDEN,STREET,LAURENS,STREET,0,W,36082,I,MELBOURNE,MELBOURNE,-37.8001,144.94199,3051
122365,T20110005545,21/01/2011,101877,8377,16.20.00,1,Collision with vehicle,6,Friday,137,LEFT TURN SIDESWIPE                     ,1,Day,2,2,0,1,0,1,2,Multiple intersection,3,Other Injury,60,B,S ,Bicycle,S ,1,1,H,1,0,2,No control,2120,MONTAGUE,STREET,CONVENTION CENTRE,PLACE,0,N,240343,I,MELBOURNE,MELBOURNE,-37.82523,144.94835,3008
121057,T20110002708,22/01/2011,101877,8377,11.20.00,1,Collision with vehicle,7,Saturday,123,RIGHT/LEFT. ONE VEH TURNING RIGHT THE OTHER LEFT.      ,1,Day,2,2,1,0,0,1,1,T intersection,2,Hospitilisation,50,B,E ,Bicycle,N ,3,3,H,1,2,1,No control,9999,ALBERT,STREET,EADES,STREET,0,E,37014,I,MELBOURNE,MELBOURNE,-37.81012,144.98094,3002
121295,T20110003172,25/01/2011,101877,8377,17.30.00,1,Collision with vehicle,3,Tuesday,163,VEHICLE STRIKES DOOR OF PARKED/STATIONARY VEHICLE      ,1,Day,2,2,0,1,0,1,2,Not at intersection,3,Other Injury,60,B,NW,Bicycle,NW,1,1,H,F,2,9,No control,5882,ST KILDA,ROAD,TOORAK,ROAD,42,S,241066,N,MELBOURNE,"PORT PHILLIP,MELBOURNE",-37.83658,144.97567,3004
121328,T20110003253,25/01/2011,101877,8377,17.40.00,1,Collision with vehicle,3,Tuesday,163,VEHICLE STRIKES DOOR OF PARKED/STATIONARY VEHICLE      ,1,Day,2,2,1,0,0,1,2,Not at intersection,2,Hospitilisation,60,B,NE,Bicycle,NE,1,1,H,5,2,1,No control,5404,STURT,STREET,SOUTHBANK,BOULEVARD,24,S,240948,N,MELBOURNE,MELBOURNE,-37.82385,144.96725,3006
121377,T20110003371,25/01/2011,101877,8377,18.30.00,1,Collision with vehicle,3,Tuesday,163,VEHICLE STRIKES DOOR OF PARKED/STATIONARY VEHICLE      ,1,Day,2,2,0,1,0,1,2,Not at intersection,3,Other Injury,60,A,W ,Bicycle,W ,1,1,H,F,2,2,No control,5853,JOHNSTON,STREET,YOUNG,STREET,26,W,239677,N,YARRA,YARRA,-37.79843,144.97929,3065
121375,T20110003368,27/01/2011,101877,8377,09.18.00,1,Collision with vehicle,5,Thursday,148,VEHICLE OFF FOOTPATH STRIKES VEH ON CARRIAGEWAY,1,Day,2,2,0,1,0,1,1,T intersection,3,Other Injury,50,B,S ,Bicycle,S ,1,6,H,1,2,1,Stop-go lights,9999,WELLINGTON,PARADE,FLINDERS,STREET,0,W,37000,I,MELBOURNE,MELBOURNE,-37.81529,144.97487,3002
121376,T20110003368,27/01/2011,101877,8377,09.18.00,1,Collision with vehicle,5,Thursday,148,VEHICLE OFF FOOTPATH STRIKES VEH ON CARRIAGEWAY,1,Day,2,2,0,1,0,1,1,T intersection,3,Other Injury,50,B,S ,Bicycle,S ,1,6,H,1,2,1,Stop-go lights,9999,WELLINGTON,PARADE,FLINDERS,STREET,0,W,37000,I,MELBOURNE,MELBOURNE,-37.81529,144.97487,3002
121507,T20110003641,28/01/2011,101877,8377,17.30.00,1,Collision with vehicle,6,Friday,163,VEHICLE STRIKES DOOR OF PARKED/STATIONARY VEHICLE      ,1,Day,2,2,1,0,0,1,2,Not at intersection,2,Hospitilisation,60,B,SE,Bicycle,SE,1,1,H,F,2,9,Unknown,5882,ST KILDA,ROAD,BOWEN,LANE,27,SE,240275,N,MELBOURNE,"PORT PHILLIP,MELBOURNE",-37.83404,144.97388,3004
121711,T20110004020,1/02/2011,101877,8377,09.05.00,1,Collision with vehicle,3,Tuesday,110,CROSS TRAFFIC(INTERSECTIONS ONLY)              ,1,Day,2,2,1,0,0,1,1,Cross intersection,2,Hospitilisation,40,B,S ,Bicycle,S ,1,1,H,1,2,1,Other,9999,FITZROY,STREET,VICTORIA,STREET,0,S,36461,I,YARRA,YARRA,-37.79894,144.97726,3065
121789,T20110004231,1/02/2011,101877,8377,22.00.00,1,Collision with vehicle,3,Tuesday,163,VEHICLE STRIKES DOOR OF PARKED/STATIONARY VEHICLE      ,3,Dark Street lights on,2,3,0,1,0,2,2,Cross intersection,3,Other Injury,60,B,N ,Bicycle,N ,1,1,H,F,2,2,Stop-go lights,5061,SPENCER,STREET,COLLINS,STREET,0,S,29416,I,MELBOURNE,MELBOURNE,-37.81907,144.95415,3008
121790,T20110004231,1/02/2011,101877,8377,22.00.00,1,Collision with vehicle,3,Tuesday,163,VEHICLE STRIKES DOOR OF PARKED/STATIONARY VEHICLE      ,3,Dark Street lights on,2,3,0,1,0,2,2,Cross intersection,3,Other Injury,60,B,N ,Bicycle,N ,1,1,H,F,2,2,Stop-go lights,5061,SPENCER,STREET,COLLINS,STREET,0,S,29416,I,MELBOURNE,MELBOURNE,-37.81907,144.95415,3008
121929,T20110004505,1/02/2011,101877,8377,09.00.00,1,Collision with vehicle,3,Tuesday,116,LEFT NEAR (INTERSECTIONS ONLY)               ,9,Unknown,2,2,1,0,0,1,2,Cross intersection,2,Hospitilisation,50,A,S ,Bicycle,S ,1,1,H,5,2,9,No control,9999,ARGYLE,PLACE,CARDIGAN,STREET,0,W,240956,I,MELBOURNE,MELBOURNE,-37.80338,144.96497,3053
121867,T20110004382,2/02/2011,101877,8377,21.20.00,8,No collision and no object struck,4,Wednesday,174,OUT OF CONTROL ON CARRIAGEWAY (ON STRAIGHT)         ,3,Dark Street lights on,2,2,0,1,0,1,2,Cross intersection,3,Other Injury,50,B,SE,Bicycle,SE,1,1,H,N,1,1,Stop-go lights,9999,ELIZABETH,STREET,LONSDALE,STREET,0,N,35355,I,MELBOURNE,MELBOURNE,-37.81228,144.96226,3000
128560,T20110019047,2/02/2011,101877,8377,17.30.00,6,Vehicle overturned (no collision),4,Wednesday,174,OUT OF CONTROL ON CARRIAGEWAY (ON STRAIGHT)         ,2,Dusk/Dawn,2,2,0,2,0,0,2,Cross intersection,3,Other Injury,60,B,SW,Bicycle,SW,1,1,H,N,2,1,Stop-go lights,2120,WURUNDJERI,WAY,HARBOUR,ESPLANADE,0,E,56424,I,MELBOURNE,MELBOURNE,-37.81278,144.9433,3008
121826,T20110004305,3/02/2011,101877,8377,08.45.00,1,Collision with vehicle,5,Thursday,163,VEHICLE STRIKES DOOR OF PARKED/STATIONARY VEHICLE      ,1,Day,2,3,1,0,0,2,1,T intersection,2,Hospitilisation,70,B,S ,Bicycle,S ,1,1,H,F,1,6,No control,2080,HODDLE,STREET,TURNER,STREET,0,S,38851,I,YARRA,YARRA,-37.79889,144.99314,3067
121844,T20110004335,3/02/2011,101877,8377,08.25.00,1,Collision with vehicle,5,Thursday,163,VEHICLE STRIKES DOOR OF PARKED/STATIONARY VEHICLE      ,1,Day,2,3,0,1,0,2,2,Not at intersection,3,Other Injury,60,B,W ,Bicycle,W ,1,1,H,N,2,9,Unknown,9999,DOMAIN,ROAD,DALLAS BROOKS,DRIVE,66,W,240405,N,MELBOURNE,MELBOURNE,-37.83322,144.97543,3004
121881,T20110004415,3/02/2011,101877,8377,19.08.00,1,Collision with vehicle,5,Thursday,121,RIGHT THROUGH                        ,1,Day,2,2,0,1,0,1,1,T intersection,3,Other Injury,60,B,N ,Bicycle,N ,1,1,H,F,2,3,No control,9999,OTTER,STREET,WELLINGTON,STREET,0,W,36628,I,YARRA,YARRA,-37.80102,144.98703,3066