,ACCIDENT_NO,ACCIDENTDATE,CYCLISTS,CYCLISTS_COUNT_LS,ACCIDENTTIME,ACCIDENT_TYPE,ACCIDENT_TYPE_DESC,DAY_OF_WEEK,DAY_WEEK_DESC,DCA_CODE,DCA Description,LIGHT_CONDITION,LIGHT_CONDITION_DEC,NO_OF_VEHICLES,NO_PERSONS,NO_PERSONS_INJ_2,NO_PERSONS_INJ_3,NO_PERSONS_KILLED,NO_PERSONS_NOT_INJ,POLICE_ATTEND,ROAD_GEOMETRY_DESC,SEVERITY,SEVERITY_DESC,SPEED_ZONE,VEHICLE_ID,INITIAL_DIRECTION,Vehicle Type Desc,FINAL_DIRECTION,DRIVER_INTENT,VEHICLE_MOVEMENT,TRAILER_TYPE,INITIAL_IMPACT,LAMPS,LEVEL_OF_DAMAGE,TRAFFIC_CONTROL_DESC,ROAD_ROUTE_1,ROAD_NAME,ROAD_TYPE,ROAD_NAME_INT,ROAD_TYPE_INT,DISTANCE_LOCATION,DIRECTION_LOCATION,NODE_ID,NODE_TYPE,LGA_NAME,Lga Name All,Lat,Long,Postcode No
121913,T20110004473,3/02/2011,101877,8377,10.40.00,1,Collision with vehicle,5,Thursday,110,CROSS TRAFFIC(INTERSECTIONS ONLY)              ,1,Day,2,2,0,1,0,1,2,Cross intersection,3,Other Injury,60,B,N ,Bicycle,N ,1,1,H,5,2,5,Giveway sign,9999,FITZGIBBON,STREET,MORRAH,STREET,0,N,65071,I,MELBOURNE,MELBOURNE,-37.79567,144.95679,3052
122080,T20110004888,7/02/2011,101877,8377,06.55.00,1,Collision with vehicle,2,Monday,110,CROSS TRAFFIC(INTERSECTIONS ONLY)              ,1,Day,2,2,1,0,0,1,1,Cross intersection,2,Hospitilisation,50,B,NW,Bicycle,NW,1,1,H,5,0,1,Roundabout,9999,DORCAS,STREET,MORAY,STREET,0,W,37556,I,PORT PHILLIP,PORT PHILLIP,-37.83229,144.96305,3205
122450,T20110005744,8/02/2011,101877,8377,18.15.00,1,Collision with vehicle,3,Tuesday,163,VEHICLE STRIKES DOOR OF PARKED/STATIONARY VEHICLE      ,1,Day,2,2,1,1,0,0,2,T intersection,2,Hospitilisation,40,A,W ,Bicycle,W ,1,1,H,5,2,1,Unknown,5736,NICHOLSON,STREET,GERTRUDE,STREET,0,S,129,I,MELBOURNE,"YARRA,MELBOURNE",-37.80538,144.97362,3065
122513,T20110005922,9/02/2011,101877,8377,19.10.00,1,Collision with vehicle,4,Wednesday,137,LEFT TURN SIDESWIPE                     ,1,Day,2,2,0,1,0,1,2,Not at intersection,3,Other Injury,40,A,E ,Bicycle,E ,1,1,H,F,2,1,No control,9999,ALBERT,STREET,EADES,STREET,76,W,240758,N,MELBOURNE,MELBOURNE,-37.81003,144.98008,3002
122474,T20110005837,10/02/2011,101877,8377,13.00.00,8,No collision and no object struck,5,Thursday,174,OUT OF CONTROL ON CARRIAGEWAY (ON STRAIGHT)         ,1,Day,2,2,1,0,0,1,1,Not at intersection,2,Hospitilisation,40,A,S ,Bicycle,S ,1,18,H,1,2,1,No control,5499,CHURCH,STREET,ALBERT,STREET,0,N,37182,I,YARRA,YARRA,-37.82835,144.99746,3121
123162,T20110007253,11/02/2011,101877,8377,18.00.00,8,No collision and no object struck,6,Friday,174,OUT OF CONTROL ON CARRIAGEWAY (ON STRAIGHT)         ,2,Dusk/Dawn,1,1,0,1,0,0,2,Not at intersection,3,Other Injury,40,A,N ,Bicycle,N ,1,1,H,F,2,1,Unknown,9999,BRUNSWICK,STREET,PALMER,STREET,31,S,122218,N,YARRA,YARRA,-37.80485,144.97735,3065
122732,T20110006358,15/02/2011,101877,8377,14.00.00,1,Collision with vehicle,3,Tuesday,163,VEHICLE STRIKES DOOR OF PARKED/STATIONARY VEHICLE      ,1,Day,2,3,0,1,0,2,2,Cross intersection,3,Other Injury,50,B,SW,Bicycle,SW,1,1,H,F,2,6,Other,9999,LA TROBE,STREET,SWANSTON,STREET,0,W,35358,I,MELBOURNE,MELBOURNE,-37.80959,144.96383,3000
122733,T20110006358,15/02/2011,101877,8377,14.00.00,1,Collision with vehicle,3,Tuesday,163,VEHICLE STRIKES DOOR OF PARKED/STATIONARY VEHICLE      ,1,Day,2,3,0,1,0,2,2,Cross intersection,3,Other Injury,50,B,SW,Bicycle,SW,1,1,H,F,2,6,Other,9999,LA TROBE,STREET,SWANSTON,STREET,0,W,35358,I,MELBOURNE,MELBOURNE,-37.80959,144.96383,3000
122760,T20110006404,16/02/2011,101877,8377,15.53.00,1,Collision with vehicle,4,Wednesday,121,RIGHT THROUGH                        ,1,Day,2,2,0,1,0,1,1,Cross intersection,3,Other Injury,50,B,NE,Bicycle,NE,1,1,H,F,2,4,No control,9999,OXFORD,STREET,WRECKYN,STREET,0,NW,36190,I,MELBOURNE,MELBOURNE,-37.80034,144.95416,3051
123130,T20110007185,16/02/2011,101877,8377,18.10.00,1,Collision with vehicle,3,Wednesday,137,LEFT TURN SIDESWIPE                     ,1,Day,2,2,0,1,0,1,2,Cross intersection,3,Other Injury,60,A,E ,Bicycle,E ,17,17,H,1,2,1,Stop-go lights,5853,JOHNSTON,STREET,NAPIER,STREET,0,W,36536,I,YARRA,YARRA,-37.79858,144.98071,3065
122739,T20110006367,17/02/2011,101877,8377,07.50.00,1,Collision with vehicle,5,Thursday,137,LEFT TURN SIDESWIPE                     ,1,Day,2,2,1,1,0,0,1,Multiple intersection,2,Hospitilisation,50,B,SW,Bicycle,SE,3,3,H,1,2,5,Stop-go lights,9999,EXHIBITION,STREET,LA TROBE,STREET,0,N,29396,I,MELBOURNE,MELBOURNE,-37.80816,144.96874,3000
122740,T20110006367,17/02/2011,101877,8377,07.50.00,1,Collision with vehicle,5,Thursday,137,LEFT TURN SIDESWIPE                     ,1,Day,2,2,1,1,0,0,1,Multiple intersection,2,Hospitilisation,50,B,SW,Bicycle,SE,3,3,H,1,2,5,Stop-go lights,9999,EXHIBITION,STREET,LA TROBE,STREET,0,N,29396,I,MELBOURNE,MELBOURNE,-37.80816,144.96874,3000
122818,T20110006535,18/02/2011,101877,8377,08.30.00,1,Collision with vehicle,6,Friday,140,U TURN                           ,1,Day,2,3,0,1,0,2,1,T intersection,3,Other Injury,60,B,W ,Bicycle,W ,1,1,H,F,0,1,No control,5127,TOORAK,ROAD,DOMAIN,STREET,0,W,29463,I,MELBOURNE,MELBOURNE,-37.83726,144.97817,3141
122883,T20110006666,19/02/2011,101877,8377,00.05.00,1,Collision with vehicle,7,Saturday,110,CROSS TRAFFIC(INTERSECTIONS ONLY)              ,3,Dark Street lights on,2,2,0,1,0,1,1,Cross intersection,3,Other Injury,30,B,SE,Bicycle,SE,1,1,H,5,2,6,Stop-go lights,9999,FLINDERS,LANE,SWANSTON,STREET,0,E,35364,I,MELBOURNE,MELBOURNE,-37.81649,144.96699,3000
122987,T20110006909,19/02/2011,101877,8377,17.30.00,1,Collision with vehicle,7,Saturday,163,VEHICLE STRIKES DOOR OF PARKED/STATIONARY VEHICLE      ,1,Day,3,4,1,0,0,3,2,Not at intersection,2,Hospitilisation,60,B,S ,Bicycle,S ,1,1,H,F,2,3,No control,9999,BRUNSWICK,STREET,VICTORIA,PARADE,100,N,240973,N,YARRA,YARRA,-37.80722,144.97697,3065
122988,T20110006909,19/02/2011,101877,8377,17.30.00,1,Collision with vehicle,7,Saturday,163,VEHICLE STRIKES DOOR OF PARKED/STATIONARY VEHICLE      ,1,Day,3,4,1,0,0,3,2,Not at intersection,2,Hospitilisation,60,C,S ,Bicycle,S ,1,1,H,F,2,9,No control,9999,BRUNSWICK,STREET,VICTORIA,PARADE,100,N,240973,N,YARRA,YARRA,-37.80722,144.97697,3065
123011,T20110006954,21/02/2011,101877,8377,08.44.00,1,Collision with vehicle,2,Monday,143,ENTERING PARKING                      ,1,Day,2,2,1,0,0,1,1,Not at intersection,2,Hospitilisation,40,B,S ,Bicycle,S ,1,1,H,1,2,6,No control,5499,CHURCH,STREET,CHARLOTTE,STREET,26,N,240605,N,YARRA,YARRA,-37.8248,144.99809,3121
123082,T20110007093,22/02/2011,101877,8377,09.15.00,1,Collision with vehicle,3,Tuesday,137,LEFT TURN SIDESWIPE                     ,1,Day,2,2,0,1,0,1,1,Cross intersection,3,Other Injury,50,A,W ,Bicycle,W ,1,1,H,F,2,2,Stop-go lights,9999,ALBERT,STREET,SIMPSON,STREET,0,E,37036,I,MELBOURNE,MELBOURNE,-37.811,144.98877,3002
123113,T20110007155,22/02/2011,101877,8377,08.30.00,1,Collision with vehicle,3,Tuesday,169,OTHER ON PATH                        ,1,Day,2,3,1,0,0,2,2,Cross intersection,2,Hospitilisation,50,B,S ,Bicycle,S ,1,1,H,4,0,5,No control,9999,LONSDALE,STREET,WILLIAM,STREET,0,E,205,I,MELBOURNE,MELBOURNE,-37.81371,144.95732,3000
123186,T20110007288,23/02/2011,101877,8377,13.45.00,1,Collision with vehicle,4,Wednesday,149,OTHER MANOEUVRING NOT INCLUDED IN DCAs 140-148       ,1,Day,6,6,1,0,0,5,1,Cross intersection,2,Hospitilisation,50,F,W ,Bicycle,NK,1,99,H,5,2,1,No control,5853,JOHNSTON,STREET,FITZROY,STREET,0,W,36459,I,YARRA,YARRA,-37.79822,144.97739,3065
123229,T20110007385,24/02/2011,101877,8377,08.00.00,1,Collision with vehicle,5,Thursday,137,LEFT TURN SIDESWIPE                     ,1,Day,2,2,1,0,0,1,2,Not at intersection,2,Hospitilisation,50,B,W ,Bicycle,W ,1,1,H,F,2,9,No control,9999,LA TROBE,STREET,SWANSTON,STREET,50,W,125543,N,MELBOURNE,MELBOURNE,-37.80975,144.9633,3000
123230,T20110007385,24/02/2011,101877,8377,08.00.00,1,Collision with vehicle,5,Thursday,137,LEFT TURN SIDESWIPE                     ,1,Day,2,2,1,0,0,1,2,Not at intersection,2,Hospitilisation,50,B,W ,Bicycle,W ,1,1,H,F,2,9,No control,9999,LA TROBE,STREET,SWANSTON,STREET,50,W,125543,N,MELBOURNE,MELBOURNE,-37.80975,144.9633,3000
123249,T20110007421,24/02/2011,101877,8377,08.37.00,1,Collision with vehicle,5,Thursday,143,ENTERING PARKING                      ,1,Day,2,3,1,0,0,2,1,Not at intersection,2,Hospitilisation,50,B,S ,Bicycle,S ,1,1,H,F,2,1,No control,9999,EXHIBITION,STREET,BATMAN,AVENUE,16,N,240713,N,MELBOURNE,MELBOURNE,-37.81587,144.97232,3000
123289,T20110007503,24/02/2011,101877,8377,21.14.00,8,No collision and no object struck,5,Thursday,174,OUT OF CONTROL ON CARRIAGEWAY (ON STRAIGHT)         ,3,Dark Street lights on,1,1,1,0,0,0,1,Not at intersection,2,Hospitilisation,40,A,N ,Bicycle,N ,1,1,H,N,2,1,No control,9999,BRUNSWICK,STREET,JOHNSTON,STREET,20,N,122369,N,YARRA,YARRA,-37.79816,144.9785,3065
123343,T20110007619,25/02/2011,101877,8377,17.50.00,1,Collision with vehicle,6,Friday,163,VEHICLE STRIKES DOOR OF PARKED/STATIONARY VEHICLE      ,1,Day,2,2,0,1,0,1,2,Cross intersection,3,Other Injury,50,B,NE,Bicycle,NE,1,1,H,F,1,1,Stop-go lights,9999,SPRING,STREET,COLLINS,STREET,0,N,36999,I,MELBOURNE,MELBOURNE,-37.81332,144.97395,3002
123344,T20110007619,25/02/2011,101877,8377,17.50.00,1,Collision with vehicle,6,Friday,163,VEHICLE STRIKES DOOR OF PARKED/STATIONARY VEHICLE      ,1,Day,2,2,0,1,0,1,2,Cross intersection,3,Other Injury,50,B,NE,Bicycle,NE,1,1,H,F,1,1,Stop-go lights,9999,SPRING,STREET,COLLINS,STREET,0,N,36999,I,MELBOURNE,MELBOURNE,-37.81332,144.97395,3002
123535,T20110008032,28/02/2011,101877,8377,16.40.00,1,Collision with vehicle,2,Monday,163,VEHICLE STRIKES DOOR OF PARKED/STATIONARY VEHICLE      ,1,Day,3,3,0,1,0,2,1,T intersection,3,Other Injury,40,B,S ,Bicycle,S ,1,1,H,F,2,1,No control,9999,LYGON,STREET,LYGON,TERRACE,19,N,226745,N,MELBOURNE,MELBOURNE,-37.80092,144.9669,3053
123579,T20110008131,28/02/2011,101877,8377,17.30.00,1,Collision with vehicle,2,Monday,163,VEHICLE STRIKES DOOR OF PARKED/STATIONARY VEHICLE      ,1,Day,2,3,0,1,0,2,2,Not at intersection,3,Other Injury,50,B,NE,Bicycle,NE,1,1,H,F,9,6,No control,9999,COLLINS,STREET,MANCHESTER,LANE,20,W,240894,N,MELBOURNE,MELBOURNE,-37.81579,144.96554,3000
123569,T20110008097,1/03/2011,101877,8377,08.32.00,1,Collision with vehicle,3,Tuesday,121,RIGHT THROUGH                        ,1,Day,2,3,0,1,0,2,1,Cross intersection,3,Other Injury,50,B,S ,Bicycle,S ,1,1,H,F,2,1,No control,9999,ABBOTSFORD,STREET,NICHOLSON,STREET,0,W,36344,I,YARRA,YARRA,-37.80165,144.9974,3067
123595,T20110008178,1/03/2011,101877,8377,17.17.00,1,Collision with vehicle,3,Tuesday,130,REAR END(VEHICLES IN SAME LANE)               ,1,Day,2,2,1,0,0,1,1,Cross intersection,2,Hospitilisation,50,A,W ,Bicycle,W ,1,1,H,F,2,6,Stop-go lights,5041,KING,STREET,COLLINS,STREET,0,S,206,I,MELBOURNE,MELBOURNE,-37.81836,144.95663,3000
123655,T20110008270,2/03/2011,101877,8377,09.00.00,1,Collision with vehicle,4,Wednesday,163,VEHICLE STRIKES DOOR OF PARKED/STATIONARY VEHICLE      ,1,Day,2,2,0,1,0,1,1,Not at intersection,3,Other Injury,40,B,S ,Bicycle,S ,1,1,H,F,2,1,No control,9999,BRUNSWICK,STREET,PALMER,STREET,22,N,240731,N,YARRA,YARRA,-37.80438,144.97743,3065
123740,T20110008427,3/03/2011,101877,8377,12.43.00,1,Collision with vehicle,5,Thursday,133,LANE SIDE SWIPE (VEHICLES IN PARALLEL LANES)        ,1,Day,2,2,0,1,0,1,2,Not at intersection,3,Other Injury,40,A,N ,Bicycle,N ,1,1,H,5,0,6,No control,9999,ST KILDA,ROAD,SOUTHBANK,PROMENADE BIKE,49,N,242855,N,MELBOURNE,MELBOURNE,-37.81929,144.96828,3006
129648,T20110021676,3/03/2011,101877,8377,07.50.00,1,Collision with vehicle,5,Thursday,121,RIGHT THROUGH                        ,1,Day,2,2,0,1,0,1,2,T intersection,3,Other Injury,60,B,W ,Bicycle,N ,2,2,H,F,2,1,Unknown,5853,JOHNSTON,STREET,GOLD,STREET,0,W,45952,I,YARRA,YARRA,-37.79945,144.98905,3066
123950,T20110008924,4/03/2011,101877,8377,09.40.00,1,Collision with vehicle,6,Friday,163,VEHICLE STRIKES DOOR OF PARKED/STATIONARY VEHICLE      ,1,Day,2,3,0,1,0,2,2,Not at intersection,3,Other Injury,50,B,W ,Bicycle,W ,1,1,H,F,2,1,No control,9999,COLLINS,STREET,EXHIBITION,STREET,50,W,75413,N,MELBOURNE,MELBOURNE,-37.8142,144.97094,3000
123868,T20110008722,5/03/2011,101877,8377,10.05.00,1,Collision with vehicle,7,Saturday,110,CROSS TRAFFIC(INTERSECTIONS ONLY)              ,1,Day,2,2,0,1,0,1,1,Cross intersection,3,Other Injury,50,B,E ,Bicycle,E ,1,1,H,9,2,1,No control,9999,CAMBRIDGE,STREET,PEEL,STREET,0,S,36605,I,YARRA,YARRA,-37.80523,144.98543,3066
124060,T20110009165,8/03/2011,101877,8377,07.30.00,1,Collision with vehicle,3,Tuesday,163,VEHICLE STRIKES DOOR OF PARKED/STATIONARY VEHICLE      ,1,Day,2,3,0,1,0,2,2,Not at intersection,3,Other Injury,50,B,NE,Bicycle,N ,1,1,H,F,2,2,Stop-go lights,9999,LA TROBE,STREET,WILLIAM,STREET,50,W,124625,N,MELBOURNE,MELBOURNE,-37.81191,144.95591,3003
124061,T20110009165,8/03/2011,101877,8377,07.30.00,1,Collision with vehicle,3,Tuesday,163,VEHICLE STRIKES DOOR OF PARKED/STATIONARY VEHICLE      ,1,Day,2,3,0,1,0,2,2,Not at intersection,3,Other Injury,50,B,NE,Bicycle,N ,1,1,H,F,2,2,Stop-go lights,9999,LA TROBE,STREET,WILLIAM,STREET,50,W,124625,N,MELBOURNE,MELBOURNE,-37.81191,144.95591,3003
124752,T20110010651,8/03/2011,101877,8377,18.17.00,1,Collision with vehicle,3,Tuesday,137,LEFT TURN SIDESWIPE                     ,2,Dusk/Dawn,2,2,0,1,0,1,2,T intersection,3,Other Injury,60,A,NW,Bicycle,NW,1,1,H,F,0,1,Stop-go lights,5882,ST KILDA,ROAD,SLATER,STREET,0,N,37590,I,MELBOURNE,"PORT PHILLIP,MELBOURNE",-37.83908,144.97658,3004
124096,T20110009255,9/03/2011,101877,8377,07.00.00,1,Collision with vehicle,4,Wednesday,163,VEHICLE STRIKES DOOR OF PARKED/STATIONARY VEHICLE      ,1,Day,2,3,1,0,0,2,1,Cross intersection,2,Hospitilisation,50,B,E ,Bicycle,E ,1,1,H,F,2,1,No control,9999,GRATTAN,STREET,SWANSTON,STREET,0,E,90,I,MELBOURNE,MELBOURNE,-37.80043,144.96398,3053
126607,T20110014587,10/03/2011,101877,8377,20.55.00,1,Collision with vehicle,5,Thursday,163,VEHICLE STRIKES DOOR OF PARKED/STATIONARY VEHICLE      ,3,Dark Street lights on,2,2,0,1,0,1,2,Not at intersection,3,Other Injury,50,A,NW,Bicycle,NW,1,1,H,F,1,1,No control,9999,ELIZABETH,STREET,ABECKETT,STREET,50,N,130791,N,MELBOURNE,MELBOURNE,-37.80882,144.96067,3000
126315,T20110013923,11/03/2011,101877,8377,09.00.00,1,Collision with vehicle,6,Friday,123,RIGHT/LEFT. ONE VEH TURNING RIGHT THE OTHER LEFT.      ,1,Day,2,2,0,1,0,1,2,Cross intersection,3,Other Injury,999,A,SW,Bicycle,W ,2,2,H,5,2,2,Roundabout,9999,COVENTRY,STREET,DODDS,STREET,0,W,66520,I,MELBOURNE,MELBOURNE,-37.82995,144.9668,3006
124748,T20110010639,14/03/2011,101877,8377,11.45.00,1,Collision with vehicle,1,Monday,137,LEFT TURN SIDESWIPE                     ,1,Day,2,2,0,1,0,1,2,T intersection,3,Other Injury,60,B,N ,Bicycle,N ,1,1,H,1,2,6,No control,2080,HODDLE,STREET,ALBERT,STREET,0,S,37055,I,MELBOURNE,"MELBOURNE,YARRA",-37.81126,144.99108,3121
124550,T20110010219,15/03/2011,101877,8377,08.10.00,1,Collision with vehicle,3,Tuesday,121,RIGHT THROUGH                        ,1,Day,2,2,0,1,0,1,2,Not at intersection,3,Other Injury,40,A,W ,Bicycle,W ,1,1,H,F,2,6,Unknown,9999,ELGIN,STREET,HAWKINS,LANE,3,W,240905,N,MELBOURNE,MELBOURNE,-37.7972,144.96791,3053
124567,T20110010262,15/03/2011,101877,8377,18.00.00,1,Collision with vehicle,2,Tuesday,137,LEFT TURN SIDESWIPE                     ,2,Dusk/Dawn,2,2,0,1,0,1,2,Cross intersection,3,Other Injury,50,A,E ,Bicycle,E ,1,1,H,F,2,1,No control,9999,LANGRIDGE,STREET,LITTLE OXFORD,STREET,0,W,48791,I,YARRA,YARRA,-37.80646,144.98381,3066
125110,T20110011430,15/03/2011,101877,8377,07.20.00,1,Collision with vehicle,3,Tuesday,116,LEFT NEAR (INTERSECTIONS ONLY)               ,1,Day,2,2,0,2,0,0,2,T intersection,3,Other Injury,70,B,W ,Bicycle,W ,1,1,H,5,0,1,Giveway sign,9999,KAVANAGH,STREET,SOUTHBANK,BOULEVARD,0,N,57887,I,MELBOURNE,MELBOURNE,-37.82324,144.96518,3006
126254,T20110013803,15/03/2011,101877,8377,14.25.00,1,Collision with vehicle,3,Tuesday,163,VEHICLE STRIKES DOOR OF PARKED/STATIONARY VEHICLE      ,1,Day,2,2,0,1,0,1,2,Cross intersection,3,Other Injury,999,B,S ,Bicycle,S ,1,1,H,F,9,9,Unknown,9999,ELIZABETH,STREET,LONSDALE,STREET,0,N,35355,I,MELBOURNE,MELBOURNE,-37.81228,144.96226,3000
124603,T20110010333,16/03/2011,101877,8377,08.20.00,1,Collision with vehicle,4,Wednesday,130,REAR END(VEHICLES IN SAME LANE)               ,1,Day,2,2,1,0,0,1,1,Not at intersection,2,Hospitilisation,60,B,W ,Bicycle,W ,1,1,H,F,2,2,No control,5287,SWAN,STREET,OLYMPIC,BOULEVARD,55,E,240924,N,MELBOURNE,MELBOURNE,-37.8234,144.97914,3004
124921,T20110011030,16/03/2011,101877,8377,08.00.00,1,Collision with vehicle,4,Wednesday,130,REAR END(VEHICLES IN SAME LANE)               ,1,Day,2,2,0,1,0,1,2,Not at intersection,3,Other Injury,60,A,W ,Bicycle,W ,1,1,H,F,2,6,No control,9999,GRATTAN,STREET,LITTLE GRATTAN,STREET,20,E,120654,N,MELBOURNE,MELBOURNE,-37.8004,144.96375,3053
124657,T20110010453,17/03/2011,101877,8377,00.00.00,1,Collision with vehicle,4,Thursday,110,CROSS TRAFFIC(INTERSECTIONS ONLY)              ,3,Dark Street lights on,2,3,1,0,0,2,1,Cross intersection,2,Hospitilisation,60,C,W ,Bicycle,NK,1,1,H,F,2,1,Stop-go lights,5082,VICTORIA,STREET,SWANSTON,STREET,0,W,36264,I,MELBOURNE,MELBOURNE,-37.80666,144.9629,3053
124729,T20110010585,17/03/2011,101877,8377,19.35.00,8,No collision and no object struck,5,Thursday,174,OUT OF CONTROL ON CARRIAGEWAY (ON STRAIGHT)         ,3,Dark Street lights on,2,3,0,1,0,2,1,T intersection,3,Other Injury,60,B,W ,Bicycle,W ,1,1,H,N,1,6,No control,5853,JOHNSTON,STREET,MASONS,LANE,0,W,65269,I,YARRA,YARRA,-37.80043,144.99898,3067
124947,T20110011107,17/03/2011,101877,8377,17.50.00,1,Collision with vehicle,5,Thursday,163,VEHICLE STRIKES DOOR OF PARKED/STATIONARY VEHICLE      ,1,Day,2,3,1,0,0,2,2,Not at intersection,2,Hospitilisation,40,B,N ,Bicycle,N ,1,1,H,F,0,9,No control,9999,ST KILDA,ROAD,SWANSTON,STREET,56,S,222774,N,MELBOURNE,MELBOURNE,-37.81919,144.96824,3000
124738,T20110010616,18/03/2011,101877,8377,08.43.00,1,Collision with vehicle,6,Friday,163,VEHICLE STRIKES DOOR OF PARKED/STATIONARY VEHICLE      ,1,Day,2,3,0,1,0,2,1,Not at intersection,3,Other Injury,50,B,W ,Bicycle,W ,1,1,H,F,2,1,Ped. crossing,9999,COLLINS,STREET,EXHIBITION,STREET,58,W,241038,N,MELBOURNE,MELBOURNE,-37.81423,144.97086,3000
126993,T20110015503,18/03/2011,101877,8377,17.15.00,6,Vehicle overturned (no collision),6,Friday,174,OUT OF CONTROL ON CARRIAGEWAY (ON STRAIGHT)         ,1,Day,2,2,0,1,0,1,2,Not at intersection,3,Other Injury,50,A,E ,Bicycle,E ,1,18,H,9,2,9,No control,9999,ALBERT,STREET,PROVIDENCE,LANE,75,E,241598,N,MELBOURNE,MELBOURNE,-37.81002,144.98,3002
125590,T20110012336,20/03/2011,101877,8377,17.00.00,8,No collision and no object struck,1,Sunday,174,OUT OF CONTROL ON CARRIAGEWAY (ON STRAIGHT)         ,1,Day,2,2,0,1,0,1,2,Not at intersection,3,Other Injury,60,B,N ,Bicycle,N ,1,18,H,N,0,1,No control,9999,RATHDOWNE,STREET,PELHAM,STREET,68,S,242933,N,MELBOURNE,MELBOURNE,-37.80375,144.96945,3053
125515,T20110012223,21/03/2011,101877,8377,08.45.00,1,Collision with vehicle,2,Monday,160,VEHICLE COLLIDES WITH VEHICLE PARKED ON LEFT OF ROAD    ,1,Day,2,2,1,0,0,1,2,T intersection,2,Hospitilisation,60,A,SE,Bicycle,SE,1,1,H,F,2,3,No control,5127,TOORAK,ROAD,ST KILDA,ROAD,0,E,46819,I,MELBOURNE,"MELBOURNE,PORT PHILLIP",-37.83695,144.97581,3004
125243,T20110011675,22/03/2011,101877,8377,21.30.00,4,Collision with a fixed object,3,Tuesday,173,RIGHT OFF CARRIAGEWAY INTO OBJECT/PARKED VEHICLE      ,3,Dark Street lights on,2,2,0,1,0,1,2,Cross intersection,3,Other Injury,50,A,SE,Bicycle,SE,1,1,H,F,1,3,No control,9999,ELIZABETH,STREET,THERRY,STREET,0,N,35310,I,MELBOURNE,MELBOURNE,-37.80711,144.95988,3000
125282,T20110011751,22/03/2011,101877,8377,16.41.00,1,Collision with vehicle,3,Tuesday,137,LEFT TURN SIDESWIPE                     ,1,Day,2,2,0,1,0,1,1,T intersection,3,Other Injury,60,B,E ,Bicycle,E ,1,1,H,F,2,3,No control,9999,DAVID,STREET,ELGIN,STREET,0,S,36398,I,MELBOURNE,MELBOURNE,-37.79762,144.97181,3053
125324,T20110011843,22/03/2011,101877,8377,08.00.00,1,Collision with vehicle,2,Tuesday,163,VEHICLE STRIKES DOOR OF PARKED/STATIONARY VEHICLE      ,1,Day,2,2,1,1,0,0,2,Not at intersection,2,Hospitilisation,50,B,N ,Bicycle,N ,1,1,H,F,1,2,No control,5882,ST KILDA,ROAD,DORCAS,STREET,109,S,283948,N,MELBOURNE,"PORT PHILLIP,MELBOURNE",-37.83087,144.97138,3004
125100,T20110011410,23/03/2011,101877,8377,20.00.00,1,Collision with vehicle,4,Wednesday,110,CROSS TRAFFIC(INTERSECTIONS ONLY)              ,3,Dark Street lights on,2,2,1,0,0,1,1,Cross intersection,2,Hospitilisation,50,B,N ,Bicycle,N ,1,1,H,F,2,5,Roundabout,9999,DRUMMOND,STREET,PELHAM,STREET,0,N,36353,I,MELBOURNE,MELBOURNE,-37.80298,144.96805,3053
125234,T20110011658,25/03/2011,101877,8377,07.30.00,1,Collision with vehicle,6,Friday,171,LEFT OFF CARRIAGEWAY INTO OBJECT/PARKED VEHICLE       ,1,Day,2,1,0,1,0,0,1,Not at intersection,3,Other Injury,40,B,N ,Bicycle,N ,6,6,H,5,1,1,No control,9999,SWANSTON,STREET,FLINDERS,LANE,39,S,243915,N,MELBOURNE,MELBOURNE,-37.81682,144.96714,3000
125368,T20110011941,26/03/2011,101877,8377,11.30.00,1,Collision with vehicle,7,Saturday,163,VEHICLE STRIKES DOOR OF PARKED/STATIONARY VEHICLE      ,1,Day,2,2,0,1,0,1,1,T intersection,3,Other Injury,50,B,N ,Bicycle,N ,1,1,H,F,2,1,No control,5499,CHURCH,STREET,CAMERON,STREET,0,N,37195,I,YARRA,YARRA,-37.81681,144.9995,3121
125391,T20110011989,27/03/2011,101877,8377,06.45.00,1,Collision with vehicle,1,Sunday,121,RIGHT THROUGH                        ,2,Dusk/Dawn,2,2,0,1,0,1,2,T intersection,3,Other Injury,60,A,W ,Bicycle,W ,1,1,H,F,2,5,No control,9999,LANGFORD,STREET,MACAULAY,ROAD,0,S,36063,I,MELBOURNE,MELBOURNE,-37.79518,144.93662,3051
125554,T20110012295,28/03/2011,101877,8377,08.30.00,1,Collision with vehicle,2,Monday,121,RIGHT THROUGH                        ,1,Day,2,2,0,1,0,1,2,T intersection,3,Other Injury,999,B,S ,Bicycle,S ,1,1,H,F,2,9,Unknown,9999,SINGLETON,STREET,WELLINGTON,STREET,0,W,150,I,YARRA,YARRA,-37.80371,144.98656,3066
125528,T20110012240,29/03/2011,101877,8377,11.11.00,1,Collision with vehicle,3,Tuesday,121,RIGHT THROUGH                        ,1,Day,2,2,0,1,0,1,2,Multiple intersection,3,Other Injury,50,A,SE,Bicycle,SE,1,1,H,F,2,5,Stop-go lights,9999,FRANKLIN,STREET,SWANSTON,STREET,0,W,36291,I,MELBOURNE,MELBOURNE,-37.80746,144.96284,3000