,ACCIDENT_NO,ACCIDENTDATE,CYCLISTS,CYCLISTS_COUNT_LS,ACCIDENTTIME,ACCIDENT_TYPE,ACCIDENT_TYPE_DESC,DAY_OF_WEEK,DAY_WEEK_DESC,DCA_CODE,DCA Description,LIGHT_CONDITION,LIGHT_CONDITION_DEC,NO_OF_VEHICLES,NO_PERSONS,NO_PERSONS_INJ_2,NO_PERSONS_INJ_3,NO_PERSONS_KILLED,NO_PERSONS_NOT_INJ,POLICE_ATTEND,ROAD_GEOMETRY_DESC,SEVERITY,SEVERITY_DESC,SPEED_ZONE,VEHICLE_ID,INITIAL_DIRECTION,Vehicle Type Desc,FINAL_DIRECTION,DRIVER_INTENT,VEHICLE_MOVEMENT,TRAILER_TYPE,INITIAL_IMPACT,LAMPS,LEVEL_OF_DAMAGE,TRAFFIC_CONTROL_DESC,ROAD_ROUTE_1,ROAD_NAME,ROAD_TYPE,ROAD_NAME_INT,ROAD_TYPE_INT,DISTANCE_LOCATION,DIRECTION_LOCATION,NODE_ID,NODE_TYPE,LGA_NAME,Lga Name All,Lat,Long,Postcode No
125586,T20110012332,29/03/2011,101877,8377,14.14.00,1,Collision with vehicle,3,Tuesday,163,VEHICLE STRIKES DOOR OF PARKED/STATIONARY VEHICLE      ,1,Day,2,2,0,1,0,1,1,Not at intersection,3,Other Injury,40,B,S ,Bicycle,S ,1,1,H,F,2,1,No control,5318,CLARENDON,STREET,BANK,STREET,15,N,80341,N,PORT PHILLIP,PORT PHILLIP,-37.83398,144.96102,3205
127373,T20110016448,30/03/2011,101877,8377,18.40.00,1,Collision with vehicle,4,Wednesday,137,LEFT TURN SIDESWIPE                     ,1,Day,2,2,0,1,0,1,2,Cross intersection,3,Other Injury,60,A,E ,Bicycle,E ,1,1,H,F,9,9,Stop-go lights,9999,LONSDALE,STREET,RUSSELL,STREET,0,E,236,I,MELBOURNE,MELBOURNE,-37.81084,144.9672,3000
125710,T20110012611,31/03/2011,101877,8377,10.15.00,1,Collision with vehicle,4,Thursday,133,LANE SIDE SWIPE (VEHICLES IN PARALLEL LANES)        ,1,Day,2,2,0,1,0,1,2,Cross intersection,3,Other Injury,50,A,E ,Bicycle,E ,1,1,H,1,2,1,Roundabout,9999,LEVESON,STREET,QUEENSBERRY,STREET,0,N,36122,I,MELBOURNE,MELBOURNE,-37.80322,144.9511,3051
125717,T20110012619,31/03/2011,101877,8377,16.20.00,1,Collision with vehicle,5,Thursday,121,RIGHT THROUGH                        ,1,Day,2,2,0,1,0,1,2,Cross intersection,3,Other Injury,999,B,E ,Bicycle,E ,1,1,H,F,9,2,No control,5287,SWAN,STREET,CHURCH,STREET,0,W,35383,I,YARRA,YARRA,-37.82569,144.99793,3121
125820,T20110012807,1/04/2011,101877,8377,09.30.00,1,Collision with vehicle,6,Friday,121,RIGHT THROUGH                        ,1,Day,2,2,1,0,0,1,2,Cross intersection,2,Hospitilisation,50,B,W ,Bicycle,W ,1,1,H,1,2,2,Giveway sign,9999,MATER,STREET,WELLINGTON,STREET,0,W,36619,I,YARRA,YARRA,-37.79566,144.98795,3066
126182,T20110013654,1/04/2011,101877,8377,06.30.00,1,Collision with vehicle,5,Friday,111,RIGHT FAR (INTERSECTIONS ONLY)               ,3,Dark Street lights on,2,2,0,1,0,1,2,Multiple intersection,3,Other Injury,60,B,SE,Bicycle,S ,2,2,H,F,1,1,No control,5046,ELIZABETH,STREET,ROYAL,PARADE,0,S,36210,I,MELBOURNE,MELBOURNE,-37.79972,144.95756,3052
125965,T20110013181,4/04/2011,101877,8377,08.00.00,1,Collision with vehicle,2,Monday,142,LEAVING PARKING                       ,1,Day,2,3,0,1,0,2,1,Not at intersection,3,Other Injury,50,B,W ,Bicycle,W ,1,1,H,5,9,1,Stop-go lights,9999,GRATTAN,STREET,ELIZABETH,STREET,48,W,241605,N,MELBOURNE,MELBOURNE,-37.79966,144.95702,3052
126001,T20110013301,5/04/2011,101877,8377,07.45.00,1,Collision with vehicle,3,Tuesday,163,VEHICLE STRIKES DOOR OF PARKED/STATIONARY VEHICLE      ,2,Dusk/Dawn,2,2,0,1,0,1,1,Cross intersection,3,Other Injury,50,B,SE,Bicycle,SE,1,1,H,5,2,1,No control,9999,EXHIBITION,STREET,LITTLE BOURKE,STREET,0,N,36968,I,MELBOURNE,MELBOURNE,-37.8111,144.97011,3000
126071,T20110013415,5/04/2011,101877,8377,17.45.00,1,Collision with vehicle,3,Tuesday,163,VEHICLE STRIKES DOOR OF PARKED/STATIONARY VEHICLE      ,1,Day,3,3,0,1,0,2,1,Not at intersection,3,Other Injury,50,B,N ,Bicycle,N ,1,1,H,5,0,1,No control,9999,SPRING,STREET,LONSDALE,STREET,50,N,121877,N,MELBOURNE,MELBOURNE,-37.80898,144.97194,3002
126072,T20110013415,5/04/2011,101877,8377,17.45.00,1,Collision with vehicle,3,Tuesday,163,VEHICLE STRIKES DOOR OF PARKED/STATIONARY VEHICLE      ,1,Day,3,3,0,1,0,2,1,Not at intersection,3,Other Injury,50,B,N ,Bicycle,N ,1,1,H,5,0,1,No control,9999,SPRING,STREET,LONSDALE,STREET,50,N,121877,N,MELBOURNE,MELBOURNE,-37.80898,144.97194,3002
126078,T20110013422,5/04/2011,101877,8377,19.55.00,1,Collision with vehicle,3,Tuesday,113,RIGHT NEAR (INTERSECTIONS ONLY)               ,3,Dark Street lights on,2,3,0,1,0,2,1,Multiple intersection,3,Other Injury,60,B,N ,Bicycle,N ,1,1,H,F,1,1,Roundabout,5044,FLEMINGTON,ROAD,ELIZABETH,STREET,0,SE,29893,I,MELBOURNE,MELBOURNE,-37.8012,144.95693,3000
142224,T20110039147,5/04/2011,101877,8377,17.30.00,1,Collision with vehicle,3,Tuesday,163,VEHICLE STRIKES DOOR OF PARKED/STATIONARY VEHICLE      ,1,Day,2,2,0,1,0,1,2,Cross intersection,3,Other Injury,50,A,N ,Bicycle,N ,1,1,H,F,2,1,No control,5499,CHURCH,STREET,COTTER,STREET,0,N,29441,I,YARRA,YARRA,-37.83041,144.99708,3121
126166,T20110013616,6/04/2011,101877,8377,22.58.00,1,Collision with vehicle,4,Wednesday,134,LANE CHANGE RIGHT (NOT OVERTAKING)             ,3,Dark Street lights on,2,2,1,0,0,1,1,Not at intersection,2,Hospitilisation,40,B,S ,Bicycle,S ,1,1,H,N,1,1,No control,9999,SWANSTON,STREET,FLINDERS,STREET,50,N,75144,N,MELBOURNE,MELBOURNE,-37.81703,144.96724,3000
126245,T20110013762,7/04/2011,101877,8377,15.25.00,1,Collision with vehicle,5,Thursday,137,LEFT TURN SIDESWIPE                     ,1,Day,2,2,0,1,0,1,1,T intersection,3,Other Injury,60,B,S ,Bicycle,S ,1,1,H,F,2,1,No control,5882,ST KILDA,ROAD,GOVERNMENT HOUSE,DRIVE,0,N,242,I,MELBOURNE,MELBOURNE,-37.82595,144.97123,3006
126484,T20110014302,11/04/2011,101877,8377,08.20.00,1,Collision with vehicle,2,Monday,148,VEHICLE OFF FOOTPATH STRIKES VEH ON CARRIAGEWAY,1,Day,2,2,0,1,0,1,1,Not at intersection,3,Other Injury,50,B,NW,Bicycle,NW,1,1,H,1,2,5,Ped. lights,9999,LONSDALE,STREET,SMYTHE,LANE,12,E,241899,N,MELBOURNE,MELBOURNE,-37.81021,144.96936,3000
127189,T20110015985,11/04/2011,101877,8377,18.00.00,1,Collision with vehicle,2,Monday,163,VEHICLE STRIKES DOOR OF PARKED/STATIONARY VEHICLE      ,2,Dusk/Dawn,2,2,0,1,0,1,2,T intersection,3,Other Injury,60,B,E ,Bicycle,E ,1,1,H,F,2,1,Unknown,9999,BOURKE,STREET,CHURCH,STREET,0,E,65962,I,MELBOURNE,MELBOURNE,-37.81601,144.95705,3000
126791,T20110015036,14/04/2011,101877,8377,09.40.00,1,Collision with vehicle,5,Thursday,110,CROSS TRAFFIC(INTERSECTIONS ONLY)              ,1,Day,2,2,0,1,0,1,2,Cross intersection,3,Other Injury,999,A,E ,Bicycle,E ,1,1,H,F,2,9,Stop-go lights,9999,CHETWYND,STREET,QUEENSBERRY,STREET,0,N,36163,I,MELBOURNE,MELBOURNE,-37.80338,144.95258,3051
127068,T20110015647,14/04/2011,101877,8377,11.30.00,1,Collision with vehicle,5,Thursday,163,VEHICLE STRIKES DOOR OF PARKED/STATIONARY VEHICLE      ,1,Day,2,3,0,1,0,2,2,Not at intersection,3,Other Injury,60,A,W ,Bicycle,W ,1,1,H,1,2,1,No control,9999,GERTRUDE,STREET,ROYAL,LANE,33,E,243286,N,YARRA,YARRA,-37.80551,144.97482,3065
132199,T20110026802,16/04/2011,101877,8377,11.45.00,1,Collision with vehicle,7,Saturday,147,VEHICLE STRIKES ANOTHER VEH WHILE EMERGING FROM DRIVEWAY,1,Day,2,2,0,1,0,1,2,Not at intersection,3,Other Injury,999,A,NE,Bicycle,NE,1,1,H,F,2,4,No control,5839,NORMANBY,ROAD,MONTAGUE,STREET,21,NE,243869,N,PORT PHILLIP,PORT PHILLIP,-37.82885,144.94863,3006
126939,T20110015381,18/04/2011,101877,8377,08.45.00,1,Collision with vehicle,2,Monday,143,ENTERING PARKING                      ,1,Day,2,2,0,1,0,1,1,Not at intersection,3,Other Injury,50,B,S ,Bicycle,S ,1,1,H,1,2,2,No control,9999,ELIZABETH,STREET,LA TROBE,STREET,20,S,125518,N,MELBOURNE,MELBOURNE,-37.81049,144.96144,3000
126963,T20110015437,18/04/2011,101877,8377,15.25.00,1,Collision with vehicle,2,Monday,179,OTHER ACCIDENTS-OFF STRAIGHT NOT INCLUDED IN DCAs 170-175  ,1,Day,2,2,0,1,0,1,1,Not at intersection,3,Other Injury,30,B,N ,Bicycle,N ,1,1,H,N,2,6,No control,9999,SWANSTON,STREET,FLINDERS,STREET,30,N,75136,N,MELBOURNE,MELBOURNE,-37.8172,144.96732,3000
127594,T20110016959,18/04/2011,101877,8377,16.30.00,1,Collision with vehicle,2,Monday,110,CROSS TRAFFIC(INTERSECTIONS ONLY)              ,1,Day,2,2,0,1,0,1,2,Cross intersection,3,Other Injury,50,A,S ,Bicycle,S ,1,1,H,F,2,1,No control,9999,GLASSHOUSE,ROAD,PEEL,STREET,0,W,36604,I,YARRA,YARRA,-37.80528,144.9863,3066
127112,T20110015729,20/04/2011,101877,8377,09.15.00,1,Collision with vehicle,4,Wednesday,163,VEHICLE STRIKES DOOR OF PARKED/STATIONARY VEHICLE      ,1,Day,2,2,1,0,0,1,2,Not at intersection,2,Hospitilisation,999,B,S ,Bicycle,S ,1,1,H,F,9,9,No control,9999,LITTLE COLLINS,STREET,SPRING,STREET,0,W,36998,I,MELBOURNE,MELBOURNE,-37.81234,144.9735,3002
127113,T20110015729,20/04/2011,101877,8377,09.15.00,1,Collision with vehicle,4,Wednesday,163,VEHICLE STRIKES DOOR OF PARKED/STATIONARY VEHICLE      ,1,Day,2,2,1,0,0,1,2,Not at intersection,2,Hospitilisation,999,B,S ,Bicycle,S ,1,1,H,F,9,9,No control,9999,LITTLE COLLINS,STREET,SPRING,STREET,0,W,36998,I,MELBOURNE,MELBOURNE,-37.81234,144.9735,3002
135743,T20110031292,20/04/2011,101877,8377,18.20.00,1,Collision with vehicle,4,Wednesday,110,CROSS TRAFFIC(INTERSECTIONS ONLY)              ,3,Dark Street lights on,2,2,0,1,0,1,2,Cross intersection,3,Other Injury,50,A,W ,Bicycle,W ,1,1,H,F,1,5,Roundabout,9999,KERR,STREET,NAPIER,STREET,0,E,36526,I,YARRA,YARRA,-37.79698,144.98098,3065
128078,T20110017963,26/04/2011,101877,8377,14.30.00,8,No collision and no object struck,3,Tuesday,174,OUT OF CONTROL ON CARRIAGEWAY (ON STRAIGHT)         ,1,Day,2,2,1,0,0,1,2,Cross intersection,2,Hospitilisation,999,A,NW,Bicycle,NW,1,1,H,N,2,9,Unknown,5717,GRAHAM,STREET,EVANS,STREET,0,NW,66759,I,PORT PHILLIP,PORT PHILLIP,-37.83718,144.93607,3207
128299,T20110018444,27/04/2011,101877,8377,16.50.00,1,Collision with vehicle,4,Wednesday,110,CROSS TRAFFIC(INTERSECTIONS ONLY)              ,1,Day,2,2,1,0,0,1,2,Cross intersection,2,Hospitilisation,60,B,NE,Bicycle,NE,1,1,H,5,2,1,Ped. crossing,5325,CITY,ROAD,MORAY,STREET,0,SW,57475,I,MELBOURNE,MELBOURNE,-37.82598,144.96007,3006
127536,T20110016827,28/04/2011,101877,8377,10.07.00,1,Collision with vehicle,5,Thursday,163,VEHICLE STRIKES DOOR OF PARKED/STATIONARY VEHICLE      ,1,Day,2,2,0,1,0,1,1,Not at intersection,3,Other Injury,50,B,W ,Bicycle,W ,1,1,H,5,2,6,No control,9999,FRANKLIN,STREET,SWANSTON,STREET,24,E,245420,N,MELBOURNE,MELBOURNE,-37.80739,144.96309,3000
128309,T20110018480,3/05/2011,101877,8377,18.05.00,8,No collision and no object struck,3,Tuesday,174,OUT OF CONTROL ON CARRIAGEWAY (ON STRAIGHT)         ,2,Dusk/Dawn,1,1,1,0,0,0,2,Not at intersection,2,Hospitilisation,50,A,NE,Bicycle,NE,1,1,H,F,1,6,No control,9999,FRANKLIN,STREET,SWANSTON,STREET,32,W,242760,N,MELBOURNE,MELBOURNE,-37.80756,144.96249,3000
128756,T20110019601,3/05/2011,101877,8377,07.50.00,1,Collision with vehicle,2,Tuesday,121,RIGHT THROUGH                        ,1,Day,2,2,0,1,0,1,2,Not at intersection,3,Other Injury,50,A,S ,Bicycle,W ,2,15,H,F,2,1,No control,9999,NAVIGATION,DRIVE,COLLINS,STREET,0,S,278444,I,MELBOURNE,MELBOURNE,-37.82133,144.94634,3008
127917,T20110017658,4/05/2011,101877,8377,09.00.00,1,Collision with vehicle,4,Wednesday,163,VEHICLE STRIKES DOOR OF PARKED/STATIONARY VEHICLE      ,1,Day,2,2,0,2,0,0,1,Cross intersection,3,Other Injury,60,B,NW,Bicycle,NW,1,1,H,5,2,6,Stop-go lights,5882,ST KILDA,ROAD,SLATER,STREET,0,N,37590,I,MELBOURNE,"PORT PHILLIP,MELBOURNE",-37.83908,144.97658,3004
127956,T20110017726,4/05/2011,101877,8377,15.58.00,1,Collision with vehicle,4,Wednesday,143,ENTERING PARKING                      ,1,Day,2,2,0,1,0,1,1,Not at intersection,3,Other Injury,40,B,N ,Bicycle,N ,1,3,H,1,2,1,No control,9999,BRUNSWICK,STREET,WESTGARTH,STREET,31,S,246179,N,YARRA,YARRA,-37.79501,144.97903,3065
129080,T20110020329,5/05/2011,101877,8377,18.00.00,1,Collision with vehicle,5,Thursday,110,CROSS TRAFFIC(INTERSECTIONS ONLY)              ,9,Unknown,2,2,1,0,0,1,2,Cross intersection,2,Hospitilisation,50,B,NE,Bicycle,NE,1,1,H,1,9,5,No control,9999,ARDEN,STREET,WRECKYN,STREET,0,NW,36152,I,MELBOURNE,MELBOURNE,-37.80113,144.95311,3051
128442,T20110018746,6/05/2011,101877,8377,07.00.00,1,Collision with vehicle,6,Friday,163,VEHICLE STRIKES DOOR OF PARKED/STATIONARY VEHICLE      ,1,Day,2,2,0,1,0,1,2,Not at intersection,3,Other Injury,60,B,E ,Bicycle,E ,1,1,H,F,2,2,No control,9999,ELGIN,STREET,LYGON,STREET,16,E,242671,N,MELBOURNE,MELBOURNE,-37.79718,144.96774,3053
128303,T20110018456,9/05/2011,101877,8377,16.50.00,1,Collision with vehicle,2,Monday,148,VEHICLE OFF FOOTPATH STRIKES VEH ON CARRIAGEWAY,1,Day,2,2,1,0,0,1,1,Cross intersection,2,Hospitilisation,60,B,NW,Bicycle,NW,1,1,H,1,2,1,Ped. crossing,2120,FOOTSCRAY ROAD -WURUNDJERI,WAY,DOCKLANDS,DRIVE,0,E,36794,I,MELBOURNE,MELBOURNE,-37.81284,144.94288,3008
128454,T20110018765,11/05/2011,101877,8377,09.25.00,1,Collision with vehicle,4,Wednesday,110,CROSS TRAFFIC(INTERSECTIONS ONLY)              ,1,Day,2,3,0,1,0,2,1,Cross intersection,3,Other Injury,50,B,E ,Bicycle,E ,1,1,H,F,2,5,Stop sign,9999,CAPEL,STREET,QUEENSBERRY,STREET,0,N,36192,I,MELBOURNE,MELBOURNE,-37.80371,144.95552,3051
128480,T20110018872,11/05/2011,101877,8377,21.00.00,1,Collision with vehicle,4,Wednesday,135,LANE CHANGE LEFT (NOT OVERTAKING)              ,3,Dark Street lights on,2,2,0,1,0,1,1,Not at intersection,3,Other Injury,60,B,E ,Bicycle,E ,1,1,H,F,2,4,No control,5287,SWAN,STREET,OLYMPIC,BOULEVARD,51,E,242624,N,MELBOURNE,MELBOURNE,-37.82339,144.9791,3004
130462,T20110023419,11/05/2011,101877,8377,12.30.00,1,Collision with vehicle,3,Wednesday,133,LANE SIDE SWIPE (VEHICLES IN PARALLEL LANES)        ,1,Day,2,2,0,1,0,1,2,Not at intersection,3,Other Injury,40,B,E ,Bicycle,E ,1,1,H,1,2,6,Unknown,5948,VICTORIA,STREET,FERGUSON,STREET,16,E,243107,N,YARRA,YARRA,-37.80974,144.99255,3121
128989,T20110020173,12/05/2011,101877,8377,14.45.00,1,Collision with vehicle,5,Thursday,110,CROSS TRAFFIC(INTERSECTIONS ONLY)              ,1,Day,2,2,0,1,0,1,2,Cross intersection,3,Other Injury,50,A,W ,Bicycle,W ,1,1,H,8,2,5,Roundabout,9999,COVENTRY,STREET,DODDS,STREET,0,W,66520,I,MELBOURNE,MELBOURNE,-37.82995,144.9668,3006
128666,T20110019318,14/05/2011,101877,8377,11.45.00,1,Collision with vehicle,7,Saturday,163,VEHICLE STRIKES DOOR OF PARKED/STATIONARY VEHICLE      ,1,Day,2,2,0,1,0,1,1,Not at intersection,3,Other Injury,50,B,NE,Bicycle,NE,1,1,H,F,2,3,No control,9999,BEACON,ROAD,HOWE,PARADE,22,NE,242267,N,PORT PHILLIP,PORT PHILLIP,-37.83667,144.9284,3207
128814,T20110019756,17/05/2011,101877,8377,08.44.00,1,Collision with vehicle,3,Tuesday,148,VEHICLE OFF FOOTPATH STRIKES VEH ON CARRIAGEWAY,1,Day,2,2,0,1,0,1,1,Cross intersection,3,Other Injury,50,B,S ,Bicycle,S ,1,1,H,F,2,1,Stop sign,9999,LYGON,STREET,PALMERSTON,STREET,0,N,36341,I,MELBOURNE,MELBOURNE,-37.79599,144.96776,3053
128825,T20110019798,17/05/2011,101877,8377,14.20.00,1,Collision with vehicle,3,Tuesday,133,LANE SIDE SWIPE (VEHICLES IN PARALLEL LANES)        ,1,Day,2,2,0,1,0,1,2,Not at intersection,3,Other Injury,999,A,E ,Bicycle,E ,8,8,H,1,2,1,No control,9999,FLINDERS,STREET,DEGRAVES,STREET,62,E,242306,N,MELBOURNE,MELBOURNE,-37.81767,144.96669,3000
128826,T20110019798,17/05/2011,101877,8377,14.20.00,1,Collision with vehicle,3,Tuesday,133,LANE SIDE SWIPE (VEHICLES IN PARALLEL LANES)        ,1,Day,2,2,0,1,0,1,2,Not at intersection,3,Other Injury,999,A,E ,Bicycle,E ,8,8,H,1,2,1,No control,9999,FLINDERS,STREET,DEGRAVES,STREET,62,E,242306,N,MELBOURNE,MELBOURNE,-37.81767,144.96669,3000
128953,T20110020090,19/05/2011,101877,8377,19.15.00,1,Collision with vehicle,4,Thursday,142,LEAVING PARKING                       ,3,Dark Street lights on,2,2,0,1,0,1,2,Not at intersection,3,Other Injury,50,B,S ,Bicycle,S ,1,1,H,5,1,9,No control,5979,ROYAL,PARADE,MORRAH,STREET,61,N,286138,N,MELBOURNE,MELBOURNE,-37.79527,144.9581,3052
128982,T20110020151,20/05/2011,101877,8377,08.17.00,1,Collision with vehicle,6,Friday,110,CROSS TRAFFIC(INTERSECTIONS ONLY)              ,1,Day,2,2,1,0,0,1,1,Cross intersection,2,Hospitilisation,50,B,SE,Bicycle,SE,1,1,H,F,2,1,Roundabout,9999,LIARDET,STREET,NOTT,STREET,0,NW,47972,I,PORT PHILLIP,PORT PHILLIP,-37.83792,144.94119,3207
129005,T20110020193,20/05/2011,101877,8377,13.15.00,1,Collision with vehicle,6,Friday,163,VEHICLE STRIKES DOOR OF PARKED/STATIONARY VEHICLE      ,1,Day,2,3,0,1,0,2,1,Not at intersection,3,Other Injury,50,B,E ,Bicycle,E ,1,1,H,F,2,1,No control,9999,COLLINS,STREET,ELIZABETH,STREET,22,W,242421,N,MELBOURNE,MELBOURNE,-37.81628,144.96384,3000
129029,T20110020238,20/05/2011,101877,8377,13.19.00,1,Collision with vehicle,6,Friday,163,VEHICLE STRIKES DOOR OF PARKED/STATIONARY VEHICLE      ,1,Day,2,2,0,1,0,1,1,Not at intersection,3,Other Injury,50,B,N ,Bicycle,N ,1,1,H,F,2,4,No control,9999,WILLIAM,STREET,LITTLE LONSDALE,STREET,15,N,242424,N,MELBOURNE,MELBOURNE,-37.81261,144.95683,3000
129262,T20110020746,20/05/2011,101877,8377,17.45.00,1,Collision with vehicle,6,Friday,140,U TURN                           ,3,Dark Street lights on,2,2,0,1,0,1,2,Not at intersection,3,Other Injury,50,B,W ,Bicycle,W ,1,1,H,R,1,5,No control,9999,GRANT,STREET,STURT,STREET,25,E,242775,N,MELBOURNE,MELBOURNE,-37.82615,144.96679,3006
133987,T20110029028,20/05/2011,101877,8377,18.20.00,1,Collision with vehicle,6,Friday,163,VEHICLE STRIKES DOOR OF PARKED/STATIONARY VEHICLE      ,1,Day,3,3,0,1,0,2,2,T intersection,3,Other Injury,40,B,W ,Bicycle,W ,1,1,H,F,2,2,No control,5285,BRIDGE,ROAD,TULLO,PLACE,0,W,248545,I,YARRA,YARRA,-37.81861,144.99967,3121
129288,T20110020800,24/05/2011,101877,8377,13.56.00,1,Collision with vehicle,3,Tuesday,163,VEHICLE STRIKES DOOR OF PARKED/STATIONARY VEHICLE      ,1,Day,2,3,0,1,0,2,1,Not at intersection,3,Other Injury,50,B,E ,Bicycle,E ,1,1,H,F,2,1,No control,9999,COLLINS,STREET,SPORTSGIRL,COURT,9,E,242646,N,MELBOURNE,MELBOURNE,-37.81566,144.96599,3000
129329,T20110020899,25/05/2011,101877,8377,06.54.00,1,Collision with vehicle,4,Wednesday,137,LEFT TURN SIDESWIPE                     ,1,Day,2,2,0,1,0,1,1,T intersection,3,Other Injury,60,B,E ,Bicycle,E ,1,1,H,F,2,1,No control,5853,JOHNSTON,STREET,TRENERRY,CRESCENT,0,W,35344,I,YARRA,YARRA,-37.80052,144.99994,3067
129491,T20110021269,27/05/2011,101877,8377,13.50.00,1,Collision with vehicle,6,Friday,163,VEHICLE STRIKES DOOR OF PARKED/STATIONARY VEHICLE      ,1,Day,2,2,0,1,0,1,1,Not at intersection,3,Other Injury,50,B,NW,Bicycle,NW,1,1,H,F,2,3,No control,5061,SPENCER,STREET,BOURKE,STREET,24,S,243392,N,MELBOURNE,MELBOURNE,-37.81729,144.95333,3008
129492,T20110021269,27/05/2011,101877,8377,13.50.00,1,Collision with vehicle,6,Friday,163,VEHICLE STRIKES DOOR OF PARKED/STATIONARY VEHICLE      ,1,Day,2,2,0,1,0,1,1,Not at intersection,3,Other Injury,50,B,NW,Bicycle,NW,1,1,H,F,2,3,No control,5061,SPENCER,STREET,BOURKE,STREET,24,S,243392,N,MELBOURNE,MELBOURNE,-37.81729,144.95333,3008
129530,T20110021363,28/05/2011,101877,8377,02.10.00,1,Collision with vehicle,7,Saturday,143,ENTERING PARKING                      ,3,Dark Street lights on,2,3,0,1,0,2,1,Not at intersection,3,Other Injury,30,B,S ,Bicycle,S ,1,1,H,F,2,6,No control,9999,SWANSTON,STREET,LONSDALE,STREET,53,S,242881,N,MELBOURNE,MELBOURNE,-37.81201,144.96494,3000
130644,T20110023830,29/05/2011,101877,8377,13.55.00,8,No collision and no object struck,1,Sunday,174,OUT OF CONTROL ON CARRIAGEWAY (ON STRAIGHT)         ,1,Day,2,2,1,0,0,1,2,Not at intersection,2,Hospitilisation,60,B,NE,Bicycle,NE,1,6,H,N,2,1,Unknown,5738,BAY,STREET,LIARDET,STREET,38,SW,243170,N,PORT PHILLIP,PORT PHILLIP,-37.83886,144.94209,3207
131123,T20110024818,29/05/2011,101877,8377,14.30.00,1,Collision with vehicle,1,Sunday,163,VEHICLE STRIKES DOOR OF PARKED/STATIONARY VEHICLE      ,1,Day,2,2,0,1,0,1,2,Cross intersection,3,Other Injury,50,A,S ,Bicycle,S ,1,1,H,5,2,1,No control,5853,JOHNSTON,STREET,BRUNSWICK,STREET,0,W,36500,I,YARRA,YARRA,-37.79834,144.97847,3065
129948,T20110022242,1/06/2011,101877,8377,01.30.00,1,Collision with vehicle,4,Wednesday,110,CROSS TRAFFIC(INTERSECTIONS ONLY)              ,3,Dark Street lights on,2,2,0,1,0,1,2,Multiple intersection,3,Other Injury,60,B,N ,Bicycle,N ,1,1,H,8,2,2,Roundabout,5044,FLEMINGTON,ROAD,PEEL,STREET,0,SE,35308,I,MELBOURNE,MELBOURNE,-37.80109,144.95682,3000
139164,T20110035328,2/06/2011,101877,8377,18.15.00,8,No collision and no object struck,5,Thursday,174,OUT OF CONTROL ON CARRIAGEWAY (ON STRAIGHT)         ,3,Dark Street lights on,2,2,1,0,0,1,2,Cross intersection,2,Hospitilisation,60,B,N ,Bicycle,N ,1,6,H,N,2,2,No control,9999,MATER,STREET,WESTGARTH,STREET,0,W,36581,I,YARRA,YARRA,-37.79534,144.98489,3066
130379,T20110023239,3/06/2011,101877,8377,16.30.00,1,Collision with vehicle,6,Friday,137,LEFT TURN SIDESWIPE                     ,1,Day,2,2,0,1,0,1,2,Cross intersection,3,Other Injury,999,B,E ,Bicycle,E ,1,1,H,1,9,1,Stop-go lights,5490,CHAPEL,STREET,TOORAK,ROAD,0,N,37719,I,STONNINGTON,STONNINGTON,-37.8395,144.99562,3141
130185,T20110022823,6/06/2011,101877,8377,17.47.00,1,Collision with vehicle,2,Monday,136,RIGHT TURN SIDESWIPE                    ,3,Dark Street lights on,2,2,0,1,0,1,1,T intersection,3,Other Injury,40,B,S ,Bicycle,S ,1,1,H,8,1,9,No control,9999,SMITH,STREET,CHARLES,STREET,0,S,36570,I,YARRA,YARRA,-37.80346,144.9835,3066
130206,T20110022892,7/06/2011,101877,8377,08.00.00,1,Collision with vehicle,3,Tuesday,137,LEFT TURN SIDESWIPE                     ,1,Day,2,2,1,1,0,0,1,Not at intersection,2,Hospitilisation,50,B,W ,Bicycle,NK,1,1,H,F,2,3,No control,9999,LA TROBE,STREET,ELIZABETH,STREET,19,E,243438,N,MELBOURNE,MELBOURNE,-37.81026,144.96156,3000
130207,T20110022892,7/06/2011,101877,8377,08.00.00,1,Collision with vehicle,3,Tuesday,137,LEFT TURN SIDESWIPE                     ,1,Day,2,2,1,1,0,0,1,Not at intersection,2,Hospitilisation,50,B,W ,Bicycle,NK,1,1,H,F,2,3,No control,9999,LA TROBE,STREET,ELIZABETH,STREET,19,E,243438,N,MELBOURNE,MELBOURNE,-37.81026,144.96156,3000
130340,T20110023158,7/06/2011,101877,8377,17.30.00,1,Collision with vehicle,3,Tuesday,163,VEHICLE STRIKES DOOR OF PARKED/STATIONARY VEHICLE      ,2,Dusk/Dawn,2,2,0,1,0,1,2,Not at intersection,3,Other Injury,50,B,N ,Bicycle,N ,1,1,H,F,2,9,No control,9999,TRENERRY,CRESCENT,LITTLE TURNER,STREET,26,S,243073,N,YARRA,YARRA,-37.80028,144.99998,3067