,ACCIDENT_NO,ACCIDENTDATE,CYCLISTS,CYCLISTS_COUNT_LS,ACCIDENTTIME,ACCIDENT_TYPE,ACCIDENT_TYPE_DESC,DAY_OF_WEEK,DAY_WEEK_DESC,DCA_CODE,DCA Description,LIGHT_CONDITION,LIGHT_CONDITION_DEC,NO_OF_VEHICLES,NO_PERSONS,NO_PERSONS_INJ_2,NO_PERSONS_INJ_3,NO_PERSONS_KILLED,NO_PERSONS_NOT_INJ,POLICE_ATTEND,ROAD_GEOMETRY_DESC,SEVERITY,SEVERITY_DESC,SPEED_ZONE,VEHICLE_ID,INITIAL_DIRECTION,Vehicle Type Desc,FINAL_DIRECTION,DRIVER_INTENT,VEHICLE_MOVEMENT,TRAILER_TYPE,INITIAL_IMPACT,LAMPS,LEVEL_OF_DAMAGE,TRAFFIC_CONTROL_DESC,ROAD_ROUTE_1,ROAD_NAME,ROAD_TYPE,ROAD_NAME_INT,ROAD_TYPE_INT,DISTANCE_LOCATION,DIRECTION_LOCATION,NODE_ID,NODE_TYPE,LGA_NAME,Lga Name All,Lat,Long,Postcode No
130927,T20110024363,9/06/2011,101877,8377,07.30.00,1,Collision with vehicle,5,Thursday,142,LEAVING PARKING                       ,1,Day,2,2,0,1,0,1,2,Not at intersection,3,Other Injury,60,B,S ,Bicycle,S ,1,1,H,F,2,1,No control,5882,ST KILDA,ROAD,GRANT,STREET,28,S,243228,N,MELBOURNE,MELBOURNE,-37.82513,144.97121,3004
130454,T20110023405,10/06/2011,101877,8377,09.35.00,1,Collision with vehicle,6,Friday,163,VEHICLE STRIKES DOOR OF PARKED/STATIONARY VEHICLE      ,1,Day,2,2,0,1,0,1,1,Not at intersection,3,Other Injury,50,B,S ,Bicycle,S ,1,1,H,F,2,1,No control,9999,ELIZABETH,STREET,LITTLE COLLINS,STREET,37,N,243104,N,MELBOURNE,MELBOURNE,-37.81491,144.96347,3000
130495,T20110023473,10/06/2011,101877,8377,13.40.00,1,Collision with vehicle,6,Friday,116,LEFT NEAR (INTERSECTIONS ONLY)               ,1,Day,2,2,1,0,0,1,1,T intersection,2,Hospitilisation,50,B,S ,Bicycle,S ,1,1,H,F,2,6,Giveway sign,5404,STURT,STREET,GRANT,STREET,0,N,12257,N,MELBOURNE,MELBOURNE,-37.82623,144.96652,3006
130862,T20110024224,12/06/2011,101877,8377,02.15.00,1,Collision with vehicle,1,Sunday,163,VEHICLE STRIKES DOOR OF PARKED/STATIONARY VEHICLE      ,5,Dark No street lights,2,3,0,1,0,2,2,Not at intersection,3,Other Injury,60,B,N ,Bicycle,N ,1,1,H,F,2,2,No control,5882,ST KILDA,ROAD,DOMAIN,ROAD,34,NW,246844,N,MELBOURNE,"MELBOURNE,PORT PHILLIP",-37.83256,144.97202,3004
130978,T20110024486,14/06/2011,101877,8377,17.55.00,1,Collision with vehicle,3,Tuesday,137,LEFT TURN SIDESWIPE                     ,2,Dusk/Dawn,2,2,0,1,0,1,2,T intersection,3,Other Injury,999,A,S ,Bicycle,S ,1,1,H,4,2,9,No control,9999,MACARTHUR,PLACE,RATHDOWNE,STREET,0,W,35326,I,MELBOURNE,MELBOURNE,-37.79805,144.97038,3053
130953,T20110024419,17/06/2011,101877,8377,18.05.00,1,Collision with vehicle,6,Friday,116,LEFT NEAR (INTERSECTIONS ONLY)               ,3,Dark Street lights on,2,2,0,1,0,1,1,Multiple intersection,3,Other Injury,50,B,N ,Bicycle,N ,1,1,H,F,1,6,Roundabout,9999,ANZAC,AVENUE,GOVERNMENT HOUSE,DRIVE,0,SW,29881,I,MELBOURNE,MELBOURNE,-37.82663,144.97238,3004
130984,T20110024504,18/06/2011,101877,8377,12.09.00,1,Collision with vehicle,7,Saturday,137,LEFT TURN SIDESWIPE                     ,1,Day,2,2,0,1,0,1,1,Cross intersection,3,Other Injury,60,A,E ,Bicycle,E ,1,1,H,9,2,6,No control,5325,CITY,ROAD,CLARKE,STREET,0,SW,36872,I,MELBOURNE,MELBOURNE,-37.82678,144.95911,3006
131016,T20110024560,18/06/2011,101877,8377,17.15.00,1,Collision with vehicle,7,Saturday,163,VEHICLE STRIKES DOOR OF PARKED/STATIONARY VEHICLE      ,2,Dusk/Dawn,2,2,1,0,0,1,2,T intersection,2,Hospitilisation,999,B,SE,Bicycle,SE,1,1,H,F,0,4,No control,9999,WILLIAM,STREET,ABECKETT,STREET,0,N,36847,I,MELBOURNE,MELBOURNE,-37.81067,144.95594,3003
131084,T20110024737,20/06/2011,101877,8377,08.30.00,1,Collision with vehicle,2,Monday,121,RIGHT THROUGH                        ,1,Day,2,3,0,1,0,2,1,T intersection,3,Other Injury,40,B,N ,Bicycle,N ,1,1,H,1,2,1,No control,5490,CHAPEL,STREET,FORREST,HILL,0,N,66769,I,STONNINGTON,STONNINGTON,-37.83741,144.99604,3141
131368,T20110025387,23/06/2011,101877,8377,19.00.00,1,Collision with vehicle,5,Thursday,116,LEFT NEAR (INTERSECTIONS ONLY)               ,4,Dark Street lights off,2,2,0,1,0,1,2,T intersection,3,Other Injury,40,B,E ,Bicycle,E ,1,1,H,F,2,1,Stop sign,5898,TOORAK,ROAD,YARRA,STREET,0,W,37669,I,STONNINGTON,STONNINGTON,-37.8391,144.99249,3141
131396,T20110025456,24/06/2011,101877,8377,17.35.00,1,Collision with vehicle,6,Friday,148,VEHICLE OFF FOOTPATH STRIKES VEH ON CARRIAGEWAY,3,Dark Street lights on,2,3,1,0,0,2,1,Not at intersection,2,Hospitilisation,50,B,W ,Bicycle,W ,1,1,H,5,9,3,Ped. crossing,5318,CLARENDON,STREET,NORMANBY,ROAD,71,N,243757,N,MELBOURNE,MELBOURNE,-37.82453,144.95667,3006
131437,T20110025574,25/06/2011,101877,8377,15.30.00,6,Vehicle overturned (no collision),7,Saturday,174,OUT OF CONTROL ON CARRIAGEWAY (ON STRAIGHT)         ,1,Day,1,1,0,1,0,0,2,Not at intersection,3,Other Injury,30,A,N ,Bicycle,N ,1,1,H,F,2,6,No control,9999,SWANSTON,STREET,COLLINS,STREET,47,S,243566,N,MELBOURNE,MELBOURNE,-37.81589,144.96672,3000
131886,T20110026378,28/06/2011,101877,8377,09.00.00,1,Collision with vehicle,3,Tuesday,130,REAR END(VEHICLES IN SAME LANE)               ,1,Day,2,2,0,1,0,1,2,Not at intersection,3,Other Injury,50,B,W ,Bicycle,W ,1,1,H,F,9,1,No control,9999,FLINDERS,STREET,SWANSTON,STREET,33,W,243942,N,MELBOURNE,MELBOURNE,-37.81756,144.96708,3000
131887,T20110026378,28/06/2011,101877,8377,09.00.00,1,Collision with vehicle,3,Tuesday,130,REAR END(VEHICLES IN SAME LANE)               ,1,Day,2,2,0,1,0,1,2,Not at intersection,3,Other Injury,50,B,W ,Bicycle,W ,1,1,H,F,9,1,No control,9999,FLINDERS,STREET,SWANSTON,STREET,33,W,243942,N,MELBOURNE,MELBOURNE,-37.81756,144.96708,3000
134716,T20110029997,28/06/2011,101877,8377,18.00.00,1,Collision with vehicle,3,Tuesday,153,CUTTING IN (OVERTAKING)                   ,3,Dark Street lights on,2,2,0,1,0,1,2,Not at intersection,3,Other Injury,50,B,N ,Bicycle,N ,1,1,H,F,1,5,No control,9999,VICTORIA,CRESCENT,ZETLAND,STREET,79,NW,244705,N,YARRA,YARRA,-37.80687,144.99846,3067
131863,T20110026343,1/07/2011,101877,8377,18.35.00,1,Collision with vehicle,6,Friday,137,LEFT TURN SIDESWIPE                     ,1,Day,2,2,1,0,0,1,1,Unknown,2,Hospitilisation,50,B,W ,Bicycle,W ,1,1,H,F,2,1,No control,9999,LONSDALE,STREET,EXHIBITION,STREET,66,E,243891,N,MELBOURNE,MELBOURNE,-37.80992,144.97036,3000
131898,T20110026399,2/07/2011,101877,8377,12.27.00,1,Collision with vehicle,7,Saturday,113,RIGHT NEAR (INTERSECTIONS ONLY)               ,1,Day,2,2,0,1,0,1,2,T intersection,3,Other Injury,999,A,SW,Bicycle,SW,1,1,H,1,2,1,Unknown,9999,SWALLOW,STREET,STATION,STREET,0,SE,250261,I,PORT PHILLIP,PORT PHILLIP,-37.83801,144.93678,3207
132240,T20110026844,2/07/2011,101877,8377,18.05.00,1,Collision with vehicle,6,Saturday,133,LANE SIDE SWIPE (VEHICLES IN PARALLEL LANES)        ,2,Dusk/Dawn,2,2,0,1,0,1,2,Not at intersection,3,Other Injury,50,C,NE,Bicycle,NE,1,1,H,1,9,9,Unknown,9999,COLLINS,STREET,SPRING,STREET,12,W,243885,N,MELBOURNE,MELBOURNE,-37.81335,144.97382,3000
132078,T20110026653,5/07/2011,101877,8377,15.23.00,1,Collision with vehicle,3,Tuesday,121,RIGHT THROUGH                        ,1,Day,4,6,1,0,0,5,1,Cross intersection,2,Hospitilisation,60,C,SE,Bicycle,SE,15,15,H,1,2,1,Stop-go lights,5838,WILLIAMSTOWN,ROAD,NORMANBY,ROAD,0,E,37411,I,PORT PHILLIP,PORT PHILLIP,-37.83127,144.94444,3207
132093,T20110026664,5/07/2011,101877,8377,17.25.00,1,Collision with vehicle,3,Tuesday,121,RIGHT THROUGH                        ,2,Dusk/Dawn,2,3,0,1,0,2,1,Cross intersection,3,Other Injury,50,B,E ,Bicycle,E ,1,1,H,F,9,4,No control,9999,ELIZABETH,STREET,SHELLEY,STREET,0,W,37115,I,YARRA,YARRA,-37.81119,144.99365,3121
132122,T20110026691,5/07/2011,101877,8377,11.00.00,1,Collision with vehicle,3,Tuesday,110,CROSS TRAFFIC(INTERSECTIONS ONLY)              ,1,Day,2,2,0,1,0,1,1,Cross intersection,3,Other Injury,40,B,S ,Bicycle,S ,1,1,H,R,2,1,Roundabout,9999,DORCAS,STREET,WELLS,STREET,0,W,36981,I,MELBOURNE,"MELBOURNE,PORT PHILLIP",-37.83045,144.96941,3205
132149,T20110026731,5/07/2011,101877,8377,18.10.00,1,Collision with vehicle,3,Tuesday,135,LANE CHANGE LEFT (NOT OVERTAKING)              ,6,Dark Street lights unknown,2,2,0,1,0,1,2,Not at intersection,3,Other Injury,999,B,NW,Bicycle,NW,1,1,H,1,9,6,Unknown,9999,WILLIAM,STREET,LA TROBE,STREET,22,N,243852,N,MELBOURNE,MELBOURNE,-37.81157,144.95636,3003
132496,T20110027203,12/07/2011,101877,8377,09.20.00,1,Collision with vehicle,3,Tuesday,110,CROSS TRAFFIC(INTERSECTIONS ONLY)              ,1,Day,2,3,1,0,0,2,1,Cross intersection,2,Hospitilisation,999,B,S ,Bicycle,S ,1,1,H,1,2,9,No control,9999,BRUNSWICK,STREET,KERR,STREET,0,N,36495,I,YARRA,YARRA,-37.79675,144.97874,3065
132506,T20110027219,12/07/2011,101877,8377,08.45.00,1,Collision with vehicle,3,Tuesday,129,OTHER OPPOSING MANOEUVRES NOT INCLUDED IN DCAs 120-125.   ,1,Day,2,2,0,1,0,1,1,Not at intersection,3,Other Injury,999,B,NK,Bicycle,NK,1,1,H,5,2,1,No control,9999,HARBOUR,ESPLANADE,RON CASEY,LANE,43,S,243980,N,MELBOURNE,MELBOURNE,-37.81598,144.94544,3008
132582,T20110027311,12/07/2011,101877,8377,16.45.00,1,Collision with vehicle,3,Tuesday,121,RIGHT THROUGH                        ,1,Day,2,2,0,1,0,1,2,Cross intersection,3,Other Injury,999,B,NE,Bicycle,NE,1,1,H,4,2,1,Stop-go lights,2510,KINGS,WAY,STURT,STREET,0,NW,29460,I,MELBOURNE,MELBOURNE,-37.83061,144.9652,3006
132906,T20110027668,14/07/2011,101877,8377,12.15.00,1,Collision with vehicle,5,Thursday,140,U TURN                           ,1,Day,2,2,0,1,0,1,2,Not at intersection,3,Other Injury,50,A,NK,Bicycle,NK,1,1,H,1,2,6,No control,9999,BOURKE,STREET,EXHIBITION,STREET,27,W,245544,N,MELBOURNE,MELBOURNE,-37.81217,144.97028,3000
132748,T20110027471,15/07/2011,101877,8377,16.20.00,1,Collision with vehicle,6,Friday,163,VEHICLE STRIKES DOOR OF PARKED/STATIONARY VEHICLE      ,1,Day,2,2,0,1,0,1,1,Not at intersection,3,Other Injury,999,B,NK,Bicycle,NK,1,1,H,F,2,1,Unknown,9999,ELIZABETH,STREET,LITTLE COLLINS,STREET,55,S,244106,N,MELBOURNE,MELBOURNE,-37.81569,144.96383,3000
132788,T20110027519,16/07/2011,101877,8377,06.50.00,1,Collision with vehicle,7,Saturday,142,LEAVING PARKING                       ,1,Day,2,2,1,0,0,1,1,T intersection,2,Hospitilisation,60,B,W ,Bicycle,W ,1,99,H,8,1,6,No control,5082,VICTORIA,STREET,COBDEN,STREET,0,W,36218,I,MELBOURNE,MELBOURNE,-37.806,144.95711,3051
135360,T20110030792,19/07/2011,101877,8377,08.40.00,1,Collision with vehicle,3,Tuesday,137,LEFT TURN SIDESWIPE                     ,1,Day,2,2,0,1,0,1,2,Cross intersection,3,Other Injury,999,B,S ,Bicycle,S ,1,1,H,F,2,1,Stop-go lights,9999,ELGIN,STREET,RATHDOWNE,STREET,0,W,36370,I,MELBOURNE,MELBOURNE,-37.79748,144.97049,3053
133169,T20110027999,22/07/2011,101877,8377,07.00.00,1,Collision with vehicle,6,Friday,116,LEFT NEAR (INTERSECTIONS ONLY)               ,2,Dusk/Dawn,2,2,0,1,0,1,1,Cross intersection,3,Other Injury,50,B,NW,Bicycle,NW,1,1,H,F,1,9,Giveway sign,9999,DOW,STREET,LIARDET,STREET,0,SW,37419,I,PORT PHILLIP,PORT PHILLIP,-37.83925,144.9435,3207
133309,T20110028154,22/07/2011,101877,8377,16.45.00,1,Collision with vehicle,6,Friday,116,LEFT NEAR (INTERSECTIONS ONLY)               ,1,Day,2,2,0,1,0,1,2,T intersection,3,Other Injury,999,B,E ,Bicycle,E ,1,1,H,F,9,2,Giveway sign,9999,GERTRUDE,STREET,ROYAL,LANE,0,W,65533,I,YARRA,YARRA,-37.80547,144.97445,3065
133462,T20110028374,25/07/2011,101877,8377,08.45.00,1,Collision with vehicle,2,Monday,137,LEFT TURN SIDESWIPE                     ,1,Day,2,2,1,0,0,1,1,Not at intersection,2,Hospitilisation,50,B,SW,Bicycle,SW,1,1,H,F,2,2,No control,9999,LONSDALE,STREET,SPRING,STREET,98,W,244286,N,MELBOURNE,MELBOURNE,-37.80971,144.97109,3000
138535,T20110034603,26/07/2011,101877,8377,08.45.00,8,No collision and no object struck,3,Tuesday,174,OUT OF CONTROL ON CARRIAGEWAY (ON STRAIGHT)         ,1,Day,2,2,0,1,0,1,1,Cross intersection,3,Other Injury,50,B,S ,Bicycle,S ,1,17,H,N,2,9,No control,9999,BARRY,STREET,PELHAM,STREET,0,N,65370,I,MELBOURNE,MELBOURNE,-37.80205,144.95953,3053
133657,T20110028599,27/07/2011,101877,8377,09.30.00,1,Collision with vehicle,4,Wednesday,121,RIGHT THROUGH                        ,1,Day,2,2,0,1,0,1,2,Cross intersection,3,Other Injury,50,A,W ,Bicycle,W ,1,1,H,F,2,3,No control,5082,VICTORIA,STREET,MACKENZIE,STREET,0,W,45835,I,MELBOURNE,MELBOURNE,-37.80713,144.96734,3053
134967,T20110030316,27/07/2011,101877,8377,16.40.00,8,No collision and no object struck,4,Wednesday,174,OUT OF CONTROL ON CARRIAGEWAY (ON STRAIGHT)         ,1,Day,2,2,0,1,0,1,2,Cross intersection,3,Other Injury,60,B,S ,Bicycle,S ,1,1,H,4,2,1,No control,5499,CHURCH,STREET,HOTHAM,PLACE,0,N,35381,I,YARRA,YARRA,-37.82933,144.99728,3121
138408,T20110034459,27/07/2011,101877,8377,18.05.00,1,Collision with vehicle,3,Wednesday,133,LANE SIDE SWIPE (VEHICLES IN PARALLEL LANES)        ,2,Dusk/Dawn,2,2,0,1,0,1,1,Not at intersection,3,Other Injury,60,B,W ,Bicycle,W ,1,1,H,N,1,9,No control,2120,FOOTSCRAY,ROAD,CITYLINK OUT-FOOTSCRAY OF,RAMP,111,W,246390,N,MELBOURNE,MELBOURNE,-37.80916,144.93077,3003
133636,T20110028569,28/07/2011,101877,8377,15.30.00,1,Collision with vehicle,5,Thursday,163,VEHICLE STRIKES DOOR OF PARKED/STATIONARY VEHICLE      ,1,Day,2,2,1,0,0,1,1,Not at intersection,2,Hospitilisation,999,B,E ,Bicycle,E ,1,1,H,F,2,6,Unknown,9999,GERTRUDE,STREET,LITTLE SMITH,STREET,15,W,244616,N,YARRA,YARRA,-37.80629,144.98223,3065
133755,T20110028730,28/07/2011,101877,8377,10.55.00,1,Collision with vehicle,5,Thursday,110,CROSS TRAFFIC(INTERSECTIONS ONLY)              ,1,Day,2,2,0,1,0,1,2,Cross intersection,3,Other Injury,50,B,W ,Bicycle,W ,1,1,H,F,2,3,Roundabout,9999,GIPPS,STREET,SIMPSON,STREET,0,E,37037,I,MELBOURNE,MELBOURNE,-37.8133,144.98837,3002
133793,T20110028790,31/07/2011,101877,8377,01.51.00,1,Collision with vehicle,1,Sunday,134,LANE CHANGE RIGHT (NOT OVERTAKING)             ,3,Dark Street lights on,2,2,1,0,0,1,1,Not at intersection,2,Hospitilisation,60,B,E ,Bicycle,E ,6,6,H,F,1,5,Stop-go lights,5035,DYNON,ROAD,LLOYD,STREET,31,E,244228,N,MELBOURNE,MELBOURNE,-37.80313,144.92951,3003
133983,T20110029021,3/08/2011,101877,8377,09.14.00,1,Collision with vehicle,4,Wednesday,143,ENTERING PARKING                      ,1,Day,2,2,0,1,0,1,1,Not at intersection,3,Other Injury,60,B,S ,Bicycle,S ,1,1,H,F,2,1,No control,9999,GISBORNE,STREET,ALBERT,STREET,35,S,244421,N,MELBOURNE,MELBOURNE,-37.80985,144.9756,3002
134328,T20110029475,3/08/2011,101877,8377,18.50.00,1,Collision with vehicle,4,Wednesday,142,LEAVING PARKING                       ,3,Dark Street lights on,2,2,1,0,0,1,2,Not at intersection,2,Hospitilisation,40,C,N ,Bicycle,N ,1,1,H,8,1,5,Other,9999,BRUNSWICK,STREET,ARGYLE,STREET,30,S,122368,N,YARRA,YARRA,-37.79781,144.97856,3065
135235,T20110030658,3/08/2011,101877,8377,18.50.00,1,Collision with vehicle,4,Wednesday,131,LEFT REAR                          ,3,Dark Street lights on,2,2,0,1,0,1,2,Cross intersection,3,Other Injury,50,A,E ,Bicycle,E ,1,1,H,F,2,6,No control,5948,VICTORIA,STREET,NICHOLSON,STREET,0,W,37150,I,YARRA,YARRA,-37.81009,144.99604,3121
160290,T20120018607,4/08/2011,101877,8377,18.30.00,8,No collision and no object struck,5,Thursday,174,OUT OF CONTROL ON CARRIAGEWAY (ON STRAIGHT)         ,2,Dusk/Dawn,2,2,0,1,0,1,2,Not at intersection,3,Other Injury,50,B,NE,Bicycle,NE,1,18,H,N,2,1,No control,9999,COLLINS,STREET,COLLINS,PLACE,12,W,253290,N,MELBOURNE,MELBOURNE,-37.8136,144.97298,3000
134138,T20110029197,5/08/2011,101877,8377,09.13.00,1,Collision with vehicle,6,Friday,147,VEHICLE STRIKES ANOTHER VEH WHILE EMERGING FROM DRIVEWAY,1,Day,2,2,1,0,0,1,1,Not at intersection,2,Hospitilisation,999,B,S ,Bicycle,S ,1,1,H,F,2,1,No control,5061,SPENCER,STREET,SIDDELEY,STREET,50,S,124837,N,MELBOURNE,MELBOURNE,-37.82212,144.95555,3008
134186,T20110029283,6/08/2011,101877,8377,06.50.00,1,Collision with vehicle,7,Saturday,137,LEFT TURN SIDESWIPE                     ,1,Day,2,2,0,1,0,1,1,Cross intersection,3,Other Injury,60,B,SE,Bicycle,S ,1,1,H,1,2,1,No control,5066,DRYBURGH,STREET,MACAULAY,ROAD,0,S,29373,I,MELBOURNE,MELBOURNE,-37.8003,144.94398,3051
134348,T20110029496,8/08/2011,101877,8377,17.05.00,1,Collision with vehicle,2,Monday,147,VEHICLE STRIKES ANOTHER VEH WHILE EMERGING FROM DRIVEWAY,2,Dusk/Dawn,2,2,0,1,0,1,1,Not at intersection,3,Other Injury,50,B,E ,Bicycle,E ,1,1,H,4,2,1,No control,9999,PLUMMER,STREET,PLUMMER,STREET,81,E,244384,N,PORT PHILLIP,PORT PHILLIP,-37.83115,144.933,3207
134503,T20110029708,11/08/2011,101877,8377,07.55.00,1,Collision with vehicle,5,Thursday,121,RIGHT THROUGH                        ,2,Dusk/Dawn,2,2,1,0,0,1,1,Cross intersection,2,Hospitilisation,50,B,S ,Bicycle,S ,1,1,H,F,2,9,No control,9999,ABBOTSFORD,STREET,NICHOLSON,STREET,0,W,36344,I,YARRA,YARRA,-37.80165,144.9974,3067
134563,T20110029793,12/08/2011,101877,8377,08.50.00,1,Collision with vehicle,6,Friday,121,RIGHT THROUGH                        ,1,Day,2,2,0,1,0,1,1,T intersection,3,Other Injury,40,B,W ,Bicycle,W ,1,1,H,F,2,3,No control,5853,JOHNSTON,STREET,ELLIOT,STREET,0,W,36535,I,YARRA,YARRA,-37.79874,144.98219,3065
134618,T20110029848,12/08/2011,101877,8377,17.25.00,1,Collision with vehicle,6,Friday,136,RIGHT TURN SIDESWIPE                    ,1,Day,2,2,0,1,0,1,2,Cross intersection,3,Other Injury,50,B,N ,Bicycle,N ,1,1,H,F,2,6,Stop-go lights,9999,BOURKE,STREET,ELIZABETH,STREET,0,E,35359,I,MELBOURNE,MELBOURNE,-37.81425,144.96316,3000
134675,T20110029931,13/08/2011,101877,8377,19.15.00,1,Collision with vehicle,7,Saturday,163,VEHICLE STRIKES DOOR OF PARKED/STATIONARY VEHICLE      ,3,Dark Street lights on,2,2,1,0,0,1,1,Not at intersection,2,Hospitilisation,999,B,S ,Bicycle,S ,1,1,H,F,9,1,No control,9999,SMITH,STREET,GREEVES,STREET,13,S,244678,N,YARRA,YARRA,-37.80055,144.984,3066
134793,T20110030094,15/08/2011,101877,8377,17.59.00,1,Collision with vehicle,2,Monday,110,CROSS TRAFFIC(INTERSECTIONS ONLY)              ,3,Dark Street lights on,2,2,0,1,0,1,1,Cross intersection,3,Other Injury,50,B,W ,Bicycle,W ,1,1,H,F,2,1,Roundabout,9999,LENNOX,STREET,RICHMOND,TERRACE,0,S,37130,I,YARRA,YARRA,-37.82199,144.99393,3121
135239,T20110030661,22/08/2011,101877,8377,08.45.00,1,Collision with vehicle,2,Monday,116,LEFT NEAR (INTERSECTIONS ONLY)               ,1,Day,2,2,0,1,0,1,2,T intersection,3,Other Injury,60,B,W ,Bicycle,W ,1,1,H,5,2,1,Giveway sign,5285,BRIDGE,ROAD,WALTHAM,STREET,0,W,37161,I,YARRA,YARRA,-37.81836,144.9971,3121
135544,T20110031001,23/08/2011,101877,8377,12.45.00,8,No collision and no object struck,3,Tuesday,174,OUT OF CONTROL ON CARRIAGEWAY (ON STRAIGHT)         ,1,Day,2,2,0,1,0,1,2,Cross intersection,3,Other Injury,60,B,NK,Bicycle,NK,1,1,H,F,2,1,Unknown,9999,GERTRUDE,STREET,LANGRIDGE,STREET,19,W,225629,N,YARRA,YARRA,-37.80635,144.98278,3065
136259,T20110031856,23/08/2011,101877,8377,17.00.00,1,Collision with vehicle,3,Tuesday,134,LANE CHANGE RIGHT (NOT OVERTAKING)             ,1,Day,2,2,0,1,0,1,1,T intersection,3,Other Injury,50,B,NW,Bicycle,NE,1,6,H,R,0,1,No control,9999,NICHOLSON,STREET,SPRING,STREET,0,S,35838,I,MELBOURNE,MELBOURNE,-37.81069,144.97273,3002
136260,T20110031856,23/08/2011,101877,8377,17.00.00,1,Collision with vehicle,3,Tuesday,134,LANE CHANGE RIGHT (NOT OVERTAKING)             ,1,Day,2,2,0,1,0,1,1,T intersection,3,Other Injury,50,B,NW,Bicycle,NE,1,6,H,R,0,1,No control,9999,NICHOLSON,STREET,SPRING,STREET,0,S,35838,I,MELBOURNE,MELBOURNE,-37.81069,144.97273,3002
135457,T20110030900,25/08/2011,101877,8377,08.00.00,1,Collision with vehicle,5,Thursday,114,TWO RIGHT TURNING (INTERSECTIONS ONLY)           ,1,Day,2,2,1,0,0,1,1,T intersection,2,Hospitilisation,60,B,N ,Bicycle,E ,2,2,H,F,2,3,No control,9999,ARDEN,STREET,MUNSTER,TERRACE,0,W,57445,I,MELBOURNE,MELBOURNE,-37.80024,144.94331,3051
135563,T20110031034,26/08/2011,101877,8377,18.55.00,1,Collision with vehicle,5,Friday,133,LANE SIDE SWIPE (VEHICLES IN PARALLEL LANES)        ,2,Dusk/Dawn,2,2,1,0,0,1,1,T intersection,2,Hospitilisation,50,A,S ,Bicycle,S ,99,99,H,9,9,1,No control,9999,EXHIBITION,STREET,MALTHOUSE,LANE,0,N,250867,I,MELBOURNE,MELBOURNE,-37.81565,144.97222,3000
135825,T20110031388,26/08/2011,101877,8377,14.45.00,1,Collision with vehicle,6,Friday,121,RIGHT THROUGH                        ,1,Day,2,2,0,1,0,1,2,Not at intersection,3,Other Injury,50,A,W ,Bicycle,W ,1,1,H,4,2,2,Unknown,9999,LONSDALE,STREET,ELIZABETH,STREET,25,E,125605,N,MELBOURNE,MELBOURNE,-37.8122,144.96252,3000
135691,T20110031213,29/08/2011,101877,8377,08.55.00,1,Collision with vehicle,2,Monday,120,HEAD ON (NOT OVERTAKING)                  ,1,Day,2,2,1,0,0,1,1,Cross intersection,2,Hospitilisation,40,A,E ,Bicycle,E ,1,18,H,F,0,3,No control,5287,SWAN,STREET,BYRON,STREET,0,W,37140,I,YARRA,YARRA,-37.8253,144.99451,3121
135698,T20110031226,29/08/2011,101877,8377,07.15.00,1,Collision with vehicle,2,Monday,163,VEHICLE STRIKES DOOR OF PARKED/STATIONARY VEHICLE      ,1,Day,2,2,1,0,0,1,2,Cross intersection,2,Hospitilisation,60,A,N ,Bicycle,N ,1,1,H,F,1,9,No control,5882,ST KILDA,ROAD,BOWEN,CRESCENT,0,NW,37587,I,MELBOURNE,"MELBOURNE,PORT PHILLIP",-37.83457,144.97445,3004
135828,T20110031389,31/08/2011,101877,8377,12.00.00,1,Collision with vehicle,4,Wednesday,121,RIGHT THROUGH                        ,1,Day,2,2,0,1,0,1,1,Cross intersection,3,Other Injury,40,B,W ,Bicycle,W ,1,1,H,F,2,3,Stop-go lights,5853,JOHNSTON,STREET,BRUNSWICK,STREET,0,W,36500,I,YARRA,YARRA,-37.79834,144.97847,3065
135867,T20110031432,31/08/2011,101877,8377,18.09.00,1,Collision with vehicle,4,Wednesday,129,OTHER OPPOSING MANOEUVRES NOT INCLUDED IN DCAs 120-125.   ,3,Dark Street lights on,2,2,1,0,0,1,1,Not at intersection,2,Hospitilisation,40,A,E ,Bicycle,E ,1,18,H,F,1,9,No control,9999,GERTRUDE,STREET,YOUNG,STREET,34,W,244935,N,YARRA,YARRA,-37.80583,144.97797,3065
135991,T20110031559,1/09/2011,101877,8377,18.20.00,1,Collision with vehicle,5,Thursday,121,RIGHT THROUGH                        ,2,Dusk/Dawn,2,2,0,1,0,1,2,T intersection,3,Other Injury,999,A,N ,Bicycle,N ,1,1,H,F,9,5,No control,9999,LITTLE PALMERSTON,STREET,RATHDOWNE,STREET,0,W,36498,I,MELBOURNE,MELBOURNE,-37.79668,144.97064,3053