,ACCIDENT_NO,ACCIDENTDATE,CYCLISTS,CYCLISTS_COUNT_LS,ACCIDENTTIME,ACCIDENT_TYPE,ACCIDENT_TYPE_DESC,DAY_OF_WEEK,DAY_WEEK_DESC,DCA_CODE,DCA Description,LIGHT_CONDITION,LIGHT_CONDITION_DEC,NO_OF_VEHICLES,NO_PERSONS,NO_PERSONS_INJ_2,NO_PERSONS_INJ_3,NO_PERSONS_KILLED,NO_PERSONS_NOT_INJ,POLICE_ATTEND,ROAD_GEOMETRY_DESC,SEVERITY,SEVERITY_DESC,SPEED_ZONE,VEHICLE_ID,INITIAL_DIRECTION,Vehicle Type Desc,FINAL_DIRECTION,DRIVER_INTENT,VEHICLE_MOVEMENT,TRAILER_TYPE,INITIAL_IMPACT,LAMPS,LEVEL_OF_DAMAGE,TRAFFIC_CONTROL_DESC,ROAD_ROUTE_1,ROAD_NAME,ROAD_TYPE,ROAD_NAME_INT,ROAD_TYPE_INT,DISTANCE_LOCATION,DIRECTION_LOCATION,NODE_ID,NODE_TYPE,LGA_NAME,Lga Name All,Lat,Long,Postcode No
136341,T20110031956,6/09/2011,101877,8377,20.45.00,1,Collision with vehicle,3,Tuesday,121,RIGHT THROUGH                        ,3,Dark Street lights on,2,2,0,1,0,1,1,Cross intersection,3,Other Injury,40,B,W ,Bicycle,W ,1,1,H,1,2,1,Unknown,9999,ELGIN,STREET,LYGON,STREET,0,W,109,I,MELBOURNE,MELBOURNE,-37.79716,144.96756,3053
136348,T20110031960,6/09/2011,101877,8377,09.45.00,1,Collision with vehicle,2,Tuesday,133,LANE SIDE SWIPE (VEHICLES IN PARALLEL LANES)        ,1,Day,2,2,0,1,0,1,2,Cross intersection,3,Other Injury,50,B,NE,Bicycle,NE,1,1,H,1,2,3,Stop-go lights,5040,DUDLEY,STREET,SPENCER,STREET,0,SW,29413,I,MELBOURNE,MELBOURNE,-37.81013,144.94999,3003
136377,T20110032002,7/09/2011,101877,8377,09.30.00,1,Collision with vehicle,4,Wednesday,139,OTHER SAME DIRECTION-MANOUEVRES NOT INCLUDED IN DCAs 130-137,1,Day,3,3,1,0,0,2,1,Not at intersection,2,Hospitilisation,30,C,N ,Bicycle,N ,1,7,H,5,9,1,No control,9999,SWANSTON,STREET,FLINDERS,LANE,52,N,245175,N,MELBOURNE,MELBOURNE,-37.81604,144.96679,3000
136389,T20110032014,7/09/2011,101877,8377,08.00.00,1,Collision with vehicle,4,Wednesday,137,LEFT TURN SIDESWIPE                     ,1,Day,2,2,0,1,0,1,2,T intersection,3,Other Injury,50,B,S ,Bicycle,S ,1,1,H,F,0,2,No control,5061,SPENCER,STREET,LITTLE LONSDALE,STREET,0,S,35347,I,MELBOURNE,MELBOURNE,-37.81416,144.95189,3008
136390,T20110032014,7/09/2011,101877,8377,08.00.00,1,Collision with vehicle,4,Wednesday,137,LEFT TURN SIDESWIPE                     ,1,Day,2,2,0,1,0,1,2,T intersection,3,Other Injury,50,B,S ,Bicycle,S ,1,1,H,F,0,2,No control,5061,SPENCER,STREET,LITTLE LONSDALE,STREET,0,S,35347,I,MELBOURNE,MELBOURNE,-37.81416,144.95189,3008
137407,T20110033293,8/09/2011,101877,8377,11.24.00,1,Collision with vehicle,5,Thursday,147,VEHICLE STRIKES ANOTHER VEH WHILE EMERGING FROM DRIVEWAY,1,Day,2,2,0,1,0,1,1,Not at intersection,3,Other Injury,50,B,E ,Bicycle,S ,4,4,H,1,2,6,No control,9999,QUEENS,LANE,ARTHUR,STREET,72,N,245751,N,PORT PHILLIP,PORT PHILLIP,-37.83873,144.97514,3004
136539,T20110032179,9/09/2011,101877,8377,12.58.00,8,No collision and no object struck,6,Friday,174,OUT OF CONTROL ON CARRIAGEWAY (ON STRAIGHT)         ,1,Day,2,2,0,1,0,1,2,T intersection,3,Other Injury,777,A,NK,Bicycle,NK,2,2,H,4,1,6,Stop-go lights,9999,BIRDWOOD,AVENUE,PARK,STREET,0,S,378,I,MELBOURNE,MELBOURNE,-37.83415,144.98252,3141
136604,T20110032247,10/09/2011,101877,8377,12.50.00,1,Collision with vehicle,7,Saturday,121,RIGHT THROUGH                        ,1,Day,2,2,1,0,0,1,2,Cross intersection,2,Hospitilisation,50,A,S ,Bicycle,S ,1,1,H,F,0,5,No control,9999,EASEY,STREET,WELLINGTON,STREET,0,W,36625,I,YARRA,YARRA,-37.79788,144.98758,3066
136701,T20110032381,11/09/2011,101877,8377,15.50.00,1,Collision with vehicle,1,Sunday,130,REAR END(VEHICLES IN SAME LANE)               ,1,Day,2,2,0,1,0,1,2,Not at intersection,3,Other Injury,50,A,E ,Bicycle,E ,1,1,H,R,2,5,No control,5287,SWAN,STREET,OLYMPIC,BOULEVARD,77,E,245562,N,MELBOURNE,MELBOURNE,-37.82343,144.97939,3004
136758,T20110032459,12/09/2011,101877,8377,16.00.00,1,Collision with vehicle,2,Monday,137,LEFT TURN SIDESWIPE                     ,1,Day,2,2,0,1,0,1,1,Cross intersection,3,Other Injury,50,B,E ,Bicycle,E ,1,1,H,1,2,2,Stop-go lights,9999,ALBERT,STREET,POWLETT,STREET,0,E,37026,I,MELBOURNE,MELBOURNE,-37.8107,144.98616,3002
136763,T20110032463,13/09/2011,101877,8377,08.30.00,1,Collision with vehicle,3,Tuesday,133,LANE SIDE SWIPE (VEHICLES IN PARALLEL LANES)        ,1,Day,2,3,0,1,0,2,2,Cross intersection,3,Other Injury,50,C,N ,Bicycle,N ,1,1,H,F,2,2,Stop-go lights,9999,BOURKE,STREET,WILLIAM,STREET,0,E,29419,I,MELBOURNE,MELBOURNE,-37.81568,144.95821,3000
136800,T20110032507,13/09/2011,101877,8377,17.30.00,1,Collision with vehicle,3,Tuesday,121,RIGHT THROUGH                        ,1,Day,2,2,0,1,0,1,2,Cross intersection,3,Other Injury,50,B,E ,Bicycle,E ,1,1,H,F,2,1,No control,9999,CROMWELL,STREET,GIPPS,STREET,0,N,36654,I,YARRA,YARRA,-37.80481,144.99026,3066
136813,T20110032528,14/09/2011,101877,8377,09.13.00,1,Collision with vehicle,4,Wednesday,110,CROSS TRAFFIC(INTERSECTIONS ONLY)              ,1,Day,2,2,1,0,0,1,1,Cross intersection,2,Hospitilisation,50,B,N ,Bicycle,N ,1,1,H,F,2,1,No control,5736,NICHOLSON,STREET,JOHNSTON,STREET,0,S,36430,I,MELBOURNE,"YARRA,MELBOURNE",-37.79795,144.97488,3065
136897,T20110032643,15/09/2011,101877,8377,08.10.00,1,Collision with vehicle,5,Thursday,121,RIGHT THROUGH                        ,1,Day,2,2,0,1,0,1,1,Not at intersection,3,Other Injury,50,B,W ,Bicycle,W ,1,1,H,F,2,1,No control,9999,LA TROBE,STREET,ELIZABETH,STREET,96,E,245330,N,MELBOURNE,MELBOURNE,-37.81002,144.96239,3000
136898,T20110032643,15/09/2011,101877,8377,08.10.00,1,Collision with vehicle,5,Thursday,121,RIGHT THROUGH                        ,1,Day,2,2,0,1,0,1,1,Not at intersection,3,Other Injury,50,B,W ,Bicycle,W ,1,1,H,F,2,1,No control,9999,LA TROBE,STREET,ELIZABETH,STREET,96,E,245330,N,MELBOURNE,MELBOURNE,-37.81002,144.96239,3000
155967,T20120013553,16/09/2011,101877,8377,07.50.00,7,Fall from or in moving vehicle,6,Friday,174,OUT OF CONTROL ON CARRIAGEWAY (ON STRAIGHT)         ,1,Day,1,1,0,1,0,0,2,Cross intersection,3,Other Injury,40,A,E ,Bicycle,E ,1,7,H,N,0,2,No control,9999,FLINDERS,LANE,SWANSTON,STREET,0,E,35364,I,MELBOURNE,MELBOURNE,-37.81649,144.96699,3000
137101,T20110032934,17/09/2011,101877,8377,11.20.00,8,No collision and no object struck,7,Saturday,174,OUT OF CONTROL ON CARRIAGEWAY (ON STRAIGHT)         ,1,Day,2,2,0,1,0,1,2,T intersection,3,Other Injury,50,A,SW,Bicycle,SW,1,17,H,N,2,1,No control,5738,BAY,STREET,POOL,STREET,0,SW,37416,I,PORT PHILLIP,PORT PHILLIP,-37.83727,144.94356,3207
139106,T20110035257,17/09/2011,101877,8377,08.20.00,8,No collision and no object struck,7,Saturday,174,OUT OF CONTROL ON CARRIAGEWAY (ON STRAIGHT)         ,1,Day,2,2,0,1,0,1,2,T intersection,3,Other Injury,50,B,S ,Bicycle,S ,1,1,H,N,2,1,Stop-go lights,5061,SPENCER,STREET,LONSDALE,STREET,0,S,36828,I,MELBOURNE,MELBOURNE,-37.81514,144.95234,3008
139107,T20110035257,17/09/2011,101877,8377,08.20.00,8,No collision and no object struck,7,Saturday,174,OUT OF CONTROL ON CARRIAGEWAY (ON STRAIGHT)         ,1,Day,2,2,0,1,0,1,2,T intersection,3,Other Injury,50,B,S ,Bicycle,S ,1,1,H,N,2,1,Stop-go lights,5061,SPENCER,STREET,LONSDALE,STREET,0,S,36828,I,MELBOURNE,MELBOURNE,-37.81514,144.95234,3008
137130,T20110032963,19/09/2011,101877,8377,16.35.00,1,Collision with vehicle,2,Monday,110,CROSS TRAFFIC(INTERSECTIONS ONLY)              ,1,Day,2,2,0,1,0,1,1,Cross intersection,3,Other Injury,50,B,E ,Bicycle,E ,1,1,H,F,2,1,Roundabout,9999,HOTHAM,STREET,POWLETT,STREET,0,E,65895,I,MELBOURNE,MELBOURNE,-37.81413,144.98558,3002
137267,T20110033130,21/09/2011,101877,8377,08.47.00,1,Collision with vehicle,4,Wednesday,113,RIGHT NEAR (INTERSECTIONS ONLY)               ,1,Day,2,2,0,1,0,1,1,T intersection,3,Other Injury,60,B,W ,Bicycle,W ,1,1,H,5,1,2,Giveway sign,5597,LORIMER,STREET,INGLES,STREET,0,E,36777,I,MELBOURNE,MELBOURNE,-37.82205,144.93271,3207
137317,T20110033187,21/09/2011,101877,8377,16.55.00,1,Collision with vehicle,4,Wednesday,120,HEAD ON (NOT OVERTAKING)                  ,1,Day,2,2,1,0,0,1,1,Not at intersection,2,Hospitilisation,50,B,SW,Bicycle,SW,8,1,H,F,2,1,No control,9999,GATEHOUSE,STREET,PARK,GROVE,27,NE,245531,N,MELBOURNE,MELBOURNE,-37.79587,144.95208,3052
138258,T20110034303,21/09/2011,101877,8377,16.25.00,1,Collision with vehicle,4,Wednesday,121,RIGHT THROUGH                        ,1,Day,2,2,0,1,0,1,2,Cross intersection,3,Other Injury,50,B,E ,Bicycle,E ,1,1,H,F,0,9,No control,5987,MONTAGUE,STREET,THISTLETHWAITE,STREET,0,NW,29382,I,PORT PHILLIP,PORT PHILLIP,-37.8318,144.95118,3205
137382,T20110033262,22/09/2011,101877,8377,17.00.00,2,Struck Pedestrian,5,Thursday,109,ANY MANOEUVRE INVOLVING PED NOT INCLUDED IN DCAs 100-108.  ,1,Day,1,2,1,0,0,1,2,Not at intersection,2,Hospitilisation,50,A,NK,Bicycle,NK,99,99,H,F,2,6,No control,9999,MACARTHUR,STREET,SPRING,STREET,26,NE,246999,N,MELBOURNE,MELBOURNE,-37.8131,144.97408,3002
137389,T20110033275,22/09/2011,101877,8377,18.30.00,1,Collision with vehicle,5,Thursday,137,LEFT TURN SIDESWIPE                     ,3,Dark Street lights on,2,2,0,1,0,1,1,Cross intersection,3,Other Injury,60,B,E ,Bicycle,E ,1,1,H,F,2,2,Stop-go lights,9999,GRATTAN,STREET,LYGON,STREET,0,E,102,I,MELBOURNE,MELBOURNE,-37.80074,144.96692,3053
137626,T20110033573,22/09/2011,101877,8377,23.00.00,1,Collision with vehicle,5,Thursday,131,LEFT REAR                          ,3,Dark Street lights on,2,2,1,0,0,1,1,T intersection,2,Hospitilisation,50,A,S ,Bicycle,E ,1,1,H,F,1,6,Stop-go lights,5082,VICTORIA,STREET,SWANSTON,STREET,0,W,36264,I,MELBOURNE,MELBOURNE,-37.80666,144.9629,3053
140527,T20110037087,22/09/2011,101877,8377,19.00.00,2,Struck Pedestrian,5,Thursday,100,PED NEAR SIDE. PED HIT BY VEHICLE FROM THE RIGHT.      ,9,Unknown,1,2,0,1,0,1,2,Cross intersection,3,Other Injury,60,A,SE,Bicycle,SE,1,1,H,F,9,9,Ped. crossing,9999,MACARTHUR,STREET,SPRING,STREET,37,NE,246010,N,MELBOURNE,MELBOURNE,-37.81301,144.97413,3002
137405,T20110033292,23/09/2011,101877,8377,07.20.00,1,Collision with vehicle,6,Friday,134,LANE CHANGE RIGHT (NOT OVERTAKING)             ,2,Dusk/Dawn,2,2,0,1,0,1,2,Not at intersection,3,Other Injury,40,B,N ,Bicycle,N ,1,1,H,8,2,1,No control,5499,CHURCH,STREET,CHARLOTTE,STREET,34,S,245769,N,YARRA,YARRA,-37.82533,144.99799,3121
137411,T20110033298,23/09/2011,101877,8377,09.15.00,1,Collision with vehicle,6,Friday,110,CROSS TRAFFIC(INTERSECTIONS ONLY)              ,1,Day,2,2,0,1,0,1,1,Cross intersection,3,Other Injury,50,B,W ,Bicycle,W ,1,1,H,5,2,1,Roundabout,9999,DRUMMOND,STREET,PELHAM,STREET,0,N,36353,I,MELBOURNE,MELBOURNE,-37.80298,144.96805,3053
137833,T20110033794,26/09/2011,101877,8377,09.00.00,1,Collision with vehicle,2,Monday,163,VEHICLE STRIKES DOOR OF PARKED/STATIONARY VEHICLE      ,1,Day,3,3,1,0,0,2,2,Cross intersection,2,Hospitilisation,50,B,E ,Bicycle,E ,1,1,H,F,2,5,No control,5082,VICTORIA,STREET,RUSSELL,STREET,0,W,35319,I,MELBOURNE,MELBOURNE,-37.80697,144.96585,3053
137682,T20110033618,27/09/2011,101877,8377,08.53.00,1,Collision with vehicle,3,Tuesday,137,LEFT TURN SIDESWIPE                     ,1,Day,2,2,0,1,0,1,1,Not at intersection,3,Other Injury,50,B,S ,Bicycle,S ,1,1,H,9,2,1,No control,9999,SWANSTON,STREET,LINCOLN N,SQUARE,37,S,245784,N,MELBOURNE,MELBOURNE,-37.80211,144.96368,3053
137708,T20110033649,27/09/2011,101877,8377,16.30.00,1,Collision with vehicle,3,Tuesday,163,VEHICLE STRIKES DOOR OF PARKED/STATIONARY VEHICLE      ,1,Day,2,2,1,1,0,0,1,Cross intersection,2,Hospitilisation,60,B,S ,Bicycle,S ,1,1,H,F,2,9,No control,9999,ELIZABETH,STREET,LITTLE LONSDALE,STREET,0,N,29422,I,MELBOURNE,MELBOURNE,-37.8113,144.96181,3000
137768,T20110033711,28/09/2011,101877,8377,10.00.00,1,Collision with vehicle,4,Wednesday,143,ENTERING PARKING                      ,1,Day,2,3,0,1,0,2,1,Not at intersection,3,Other Injury,999,B,SW,Bicycle,SW,1,1,H,1,2,1,No control,9999,MACARTHUR,STREET,ST ANDREWS,PLACE,0,SW,36997,I,MELBOURNE,MELBOURNE,-37.81179,144.97483,3002
138001,T20110033992,29/09/2011,101877,8377,18.30.00,1,Collision with vehicle,5,Thursday,132,RIGHT REAR.                         ,3,Dark Street lights on,2,2,0,1,0,1,2,T intersection,3,Other Injury,50,A,E ,Bicycle,S ,2,15,H,R,2,6,Giveway sign,5499,CHURCH,STREET,GORDON,STREET,0,N,37714,I,YARRA,YARRA,-37.83112,144.99696,3121
138670,T20110034746,30/09/2011,101877,8377,20.30.00,1,Collision with vehicle,6,Friday,163,VEHICLE STRIKES DOOR OF PARKED/STATIONARY VEHICLE      ,3,Dark Street lights on,2,2,1,0,0,1,2,T intersection,2,Hospitilisation,60,A,SW,Bicycle,SW,1,1,H,5,2,2,Stop-go lights,2240,CITY,ROAD,SOUTHBANK,BOULEVARD,0,SW,29425,I,MELBOURNE,MELBOURNE,-37.8227,144.96395,3006
138444,T20110034496,2/10/2011,101877,8377,09.30.00,1,Collision with vehicle,1,Sunday,121,RIGHT THROUGH                        ,9,Unknown,3,3,0,1,0,2,2,Cross intersection,3,Other Injury,999,B,SW,Bicycle,SW,1,1,H,F,2,2,No control,5040,DUDLEY,STREET,SPENCER,STREET,0,SW,29413,I,MELBOURNE,MELBOURNE,-37.81013,144.94999,3003
138445,T20110034496,2/10/2011,101877,8377,09.30.00,1,Collision with vehicle,1,Sunday,121,RIGHT THROUGH                        ,9,Unknown,3,3,0,1,0,2,2,Cross intersection,3,Other Injury,999,C,SW,Bicycle,SW,1,1,H,F,2,1,No control,5040,DUDLEY,STREET,SPENCER,STREET,0,SW,29413,I,MELBOURNE,MELBOURNE,-37.81013,144.94999,3003
138211,T20110034243,3/10/2011,101877,8377,16.20.00,6,Vehicle overturned (no collision),2,Monday,179,OTHER ACCIDENTS-OFF STRAIGHT NOT INCLUDED IN DCAs 170-175  ,1,Day,1,1,1,0,0,0,1,Not at intersection,2,Hospitilisation,50,A,NK,Bicycle,NK,99,99,H,9,0,1,No control,9999,ALBERT,STREET,EADES,STREET,35,W,246022,N,MELBOURNE,MELBOURNE,-37.81008,144.98054,3002
138300,T20110034346,5/10/2011,101877,8377,17.45.00,1,Collision with vehicle,4,Wednesday,163,VEHICLE STRIKES DOOR OF PARKED/STATIONARY VEHICLE      ,1,Day,2,3,0,1,0,2,2,Not at intersection,3,Other Injury,50,B,SW,Bicycle,SW,1,1,H,F,2,9,No control,9999,MACARTHUR,STREET,SPRING,STREET,37,NE,246010,N,MELBOURNE,MELBOURNE,-37.81301,144.97413,3002
139271,T20110035439,5/10/2011,101877,8377,10.30.00,1,Collision with vehicle,4,Wednesday,136,RIGHT TURN SIDESWIPE                    ,1,Day,2,2,0,1,0,1,2,Cross intersection,3,Other Injury,999,A,S ,Bicycle,S ,1,1,H,5,9,9,Stop-go lights,9999,ALBERT,STREET,CLARENDON,STREET,0,E,37016,I,MELBOURNE,MELBOURNE,-37.81041,144.98355,3002
138353,T20110034401,6/10/2011,101877,8377,17.30.00,1,Collision with vehicle,5,Thursday,113,RIGHT NEAR (INTERSECTIONS ONLY)               ,1,Day,2,2,0,1,0,1,1,T intersection,3,Other Injury,50,B,SW,Bicycle,SW,1,1,H,F,0,1,No control,9999,LITTLE DOCK,LANE,SIDDELEY,STREET,0,N,227010,I,MELBOURNE,MELBOURNE,-37.82201,144.95427,3008
138776,T20110034865,12/10/2011,101877,8377,22.55.00,1,Collision with vehicle,4,Wednesday,121,RIGHT THROUGH                        ,3,Dark Street lights on,2,2,1,0,0,1,1,Cross intersection,2,Hospitilisation,50,B,NE,Bicycle,NE,1,1,H,F,1,3,Stop-go lights,2510,KINGS,WAY,STURT,STREET,0,NW,29460,I,MELBOURNE,MELBOURNE,-37.83061,144.9652,3006
138800,T20110034895,12/10/2011,101877,8377,22.00.00,1,Collision with vehicle,4,Wednesday,148,VEHICLE OFF FOOTPATH STRIKES VEH ON CARRIAGEWAY,3,Dark Street lights on,2,2,0,1,0,1,2,Cross intersection,3,Other Injury,50,B,N ,Bicycle,N ,1,1,H,F,9,6,Giveway sign,5736,NICHOLSON,STREET,PALMERSTON,STREET,0,S,46283,I,MELBOURNE,"MELBOURNE,YARRA",-37.79679,144.97508,3065
138791,T20110034888,13/10/2011,101877,8377,10.00.00,1,Collision with vehicle,5,Thursday,163,VEHICLE STRIKES DOOR OF PARKED/STATIONARY VEHICLE      ,1,Day,2,2,0,1,0,1,2,Not at intersection,3,Other Injury,50,B,S ,Bicycle,S ,1,1,H,9,0,6,Other,9999,SWANSTON,STREET,ALBERT COATES,LANE,13,S,246091,N,MELBOURNE,MELBOURNE,-37.81127,144.9646,3000
138878,T20110034983,13/10/2011,101877,8377,17.15.00,1,Collision with vehicle,4,Thursday,133,LANE SIDE SWIPE (VEHICLES IN PARALLEL LANES)        ,9,Unknown,2,2,1,0,0,1,2,Cross intersection,2,Hospitilisation,50,B,N ,Bicycle,N ,1,99,H,1,2,9,Stop-go lights,5041,KING,STREET,LONSDALE,STREET,0,S,36835,I,MELBOURNE,MELBOURNE,-37.81443,144.95483,3000
162634,T20120021202,14/10/2011,101877,8377,10.00.00,1,Collision with vehicle,6,Friday,163,VEHICLE STRIKES DOOR OF PARKED/STATIONARY VEHICLE      ,1,Day,2,2,0,1,0,1,2,Not at intersection,3,Other Injury,60,A,SE,Bicycle,SE,1,1,H,5,2,1,No control,5882,ST KILDA,ROAD,GOVERNMENT HOUSE,DRIVE,19,N,254002,N,MELBOURNE,MELBOURNE,-37.82578,144.97119,3006
179019,T20130010366,14/10/2011,101877,8377,15.24.00,1,Collision with vehicle,6,Friday,163,VEHICLE STRIKES DOOR OF PARKED/STATIONARY VEHICLE      ,1,Day,2,2,0,1,0,1,2,Not at intersection,3,Other Injury,50,A,SW,Bicycle,SW,1,13,H,F,2,2,No control,9999,SMITH,STREET,JOHNSTON,STREET,39,N,260301,N,YARRA,YARRA,-37.79861,144.98433,3066
139016,T20110035144,15/10/2011,101877,8377,15.00.00,1,Collision with vehicle,7,Saturday,163,VEHICLE STRIKES DOOR OF PARKED/STATIONARY VEHICLE      ,1,Day,2,2,0,1,0,1,2,Not at intersection,3,Other Injury,999,B,S ,Bicycle,S ,1,1,H,F,0,2,No control,9999,QUEENS BRIDGE,STREET,WHITEMAN,STREET,19,S,246269,N,MELBOURNE,MELBOURNE,-37.82352,144.96073,3006
140082,T20110036455,20/10/2011,101877,8377,21.45.00,1,Collision with vehicle,5,Thursday,137,LEFT TURN SIDESWIPE                     ,6,Dark Street lights unknown,2,2,0,1,0,1,2,Not at intersection,3,Other Injury,50,B,N ,Bicycle,N ,1,1,H,1,9,3,No control,9999,NAPIER,STREET,GERTRUDE,STREET,79,N,248476,N,YARRA,YARRA,-37.80528,144.97957,3065
141105,T20110037813,20/10/2011,101877,8377,09.00.00,1,Collision with vehicle,5,Thursday,142,LEAVING PARKING                       ,1,Day,2,2,0,1,0,1,2,Not at intersection,3,Other Injury,60,A,N ,Bicycle,N ,1,1,H,F,2,1,No control,9999,MORAY,STREET,RAGLAN,STREET,28,N,246948,N,PORT PHILLIP,PORT PHILLIP,-37.83647,144.96498,3205
139666,T20110035909,21/10/2011,101877,8377,17.00.00,1,Collision with vehicle,6,Friday,119,OTHER ADJACENT (INTERSECTIONS ONLY)             ,1,Day,2,2,0,1,0,1,2,T intersection,3,Other Injury,70,B,N ,Bicycle,N ,1,1,H,1,2,6,Stop-go lights,2080,HODDLE,STREET,FREEMAN,STREET,0,S,37058,I,MELBOURNE,"YARRA,MELBOURNE",-37.81533,144.99037,3121
139733,T20110036009,23/10/2011,101877,8377,10.10.00,1,Collision with vehicle,1,Sunday,163,VEHICLE STRIKES DOOR OF PARKED/STATIONARY VEHICLE      ,1,Day,2,2,0,1,0,1,2,Not at intersection,3,Other Injury,50,B,N ,Bicycle,N ,1,1,H,F,2,5,Unknown,9999,RUSSELL,STREET,LITTLE LONSDALE,STREET,54,N,247629,N,MELBOURNE,MELBOURNE,-37.8094,144.96654,3000
139670,T20110035923,25/10/2011,101877,8377,09.40.00,1,Collision with vehicle,3,Tuesday,163,VEHICLE STRIKES DOOR OF PARKED/STATIONARY VEHICLE      ,1,Day,2,2,0,1,0,1,1,Not at intersection,3,Other Injury,50,B,W ,Bicycle,W ,1,1,H,F,2,6,No control,9999,COLLINS,STREET,ELIZABETH,STREET,67,W,248400,N,MELBOURNE,MELBOURNE,-37.81642,144.96335,3000
139808,T20110036093,27/10/2011,101877,8377,09.00.00,8,No collision and no object struck,5,Thursday,170,OFF CARRIAGEWAY TO LEFT                   ,1,Day,1,1,0,1,0,0,1,Not at intersection,3,Other Injury,60,A,W ,Bicycle,W ,1,1,H,8,2,6,No control,9999,COLLINS,STREET,COLLINS,PLACE,21,W,246507,N,MELBOURNE,MELBOURNE,-37.81363,144.97288,3000
139810,T20110036094,27/10/2011,101877,8377,08.15.00,1,Collision with vehicle,5,Thursday,143,ENTERING PARKING                      ,1,Day,2,2,0,1,0,1,1,Cross intersection,3,Other Injury,50,B,SE,Bicycle,SE,1,1,H,R,2,1,No control,9999,GATEHOUSE,STREET,HARKER,STREET,19,NE,246508,I,MELBOURNE,MELBOURNE,-37.79647,144.95133,3052
140218,T20110036655,31/10/2011,101877,8377,11.15.00,1,Collision with vehicle,2,Monday,163,VEHICLE STRIKES DOOR OF PARKED/STATIONARY VEHICLE      ,1,Day,2,2,0,1,0,1,2,T intersection,3,Other Injury,60,B,NW,Bicycle,NW,1,1,H,5,2,1,No control,9999,BOWEN,STREET,LA TROBE,STREET,0,N,246592,I,MELBOURNE,MELBOURNE,-37.80927,144.96495,3000
140219,T20110036655,31/10/2011,101877,8377,11.15.00,1,Collision with vehicle,2,Monday,163,VEHICLE STRIKES DOOR OF PARKED/STATIONARY VEHICLE      ,1,Day,2,2,0,1,0,1,2,T intersection,3,Other Injury,60,B,NW,Bicycle,NW,1,1,H,5,2,1,No control,9999,BOWEN,STREET,LA TROBE,STREET,0,N,246592,I,MELBOURNE,MELBOURNE,-37.80927,144.96495,3000
140551,T20110037130,2/11/2011,101877,8377,08.00.00,1,Collision with vehicle,4,Wednesday,130,REAR END(VEHICLES IN SAME LANE)               ,1,Day,2,2,0,1,0,1,1,Cross intersection,3,Other Injury,50,A,S ,Bicycle,S ,1,1,H,R,2,3,Stop-go lights,9999,LONSDALE,STREET,WILLIAM,STREET,0,E,205,I,MELBOURNE,MELBOURNE,-37.81371,144.95732,3000
140300,T20110036758,3/11/2011,101877,8377,15.50.00,1,Collision with vehicle,5,Thursday,133,LANE SIDE SWIPE (VEHICLES IN PARALLEL LANES)        ,1,Day,2,3,0,1,0,2,1,Cross intersection,3,Other Injury,50,B,N ,Bicycle,W ,3,3,H,8,2,1,Stop-go lights,9999,ELIZABETH,STREET,LA TROBE,STREET,0,N,65743,I,MELBOURNE,MELBOURNE,-37.81032,144.96136,3000
140301,T20110036758,3/11/2011,101877,8377,15.50.00,1,Collision with vehicle,5,Thursday,133,LANE SIDE SWIPE (VEHICLES IN PARALLEL LANES)        ,1,Day,2,3,0,1,0,2,1,Cross intersection,3,Other Injury,50,B,N ,Bicycle,W ,3,3,H,8,2,1,Stop-go lights,9999,ELIZABETH,STREET,LA TROBE,STREET,0,N,65743,I,MELBOURNE,MELBOURNE,-37.81032,144.96136,3000
140487,T20110037016,6/11/2011,101877,8377,17.50.00,1,Collision with vehicle,1,Sunday,137,LEFT TURN SIDESWIPE                     ,2,Dusk/Dawn,2,3,0,1,0,2,1,Cross intersection,3,Other Injury,999,B,N ,Bicycle,N ,1,1,H,F,2,1,No control,9999,FARADAY,STREET,RATHDOWNE,STREET,0,W,116,I,MELBOURNE,MELBOURNE,-37.799,144.97023,3053
140581,T20110037158,7/11/2011,101877,8377,18.50.00,1,Collision with vehicle,2,Monday,137,LEFT TURN SIDESWIPE                     ,1,Day,2,2,0,1,0,1,1,Cross intersection,3,Other Injury,50,B,E ,Bicycle,E ,1,1,H,F,0,1,No control,9999,ELIZABETH,STREET,SHELLEY,STREET,0,W,37115,I,YARRA,YARRA,-37.81119,144.99365,3121
140579,T20110037157,8/11/2011,101877,8377,12.35.00,1,Collision with vehicle,3,Tuesday,163,VEHICLE STRIKES DOOR OF PARKED/STATIONARY VEHICLE      ,1,Day,2,2,0,1,0,1,2,Not at intersection,3,Other Injury,60,B,N ,Bicycle,N ,1,1,H,F,2,1,No control,9999,ST KILDA,ROAD,ST KILDA,ROAD,29,S,246744,N,MELBOURNE,MELBOURNE,-37.82026,144.96873,3006