,ACCIDENT_NO,ACCIDENTDATE,CYCLISTS,CYCLISTS_COUNT_LS,ACCIDENTTIME,ACCIDENT_TYPE,ACCIDENT_TYPE_DESC,DAY_OF_WEEK,DAY_WEEK_DESC,DCA_CODE,DCA Description,LIGHT_CONDITION,LIGHT_CONDITION_DEC,NO_OF_VEHICLES,NO_PERSONS,NO_PERSONS_INJ_2,NO_PERSONS_INJ_3,NO_PERSONS_KILLED,NO_PERSONS_NOT_INJ,POLICE_ATTEND,ROAD_GEOMETRY_DESC,SEVERITY,SEVERITY_DESC,SPEED_ZONE,VEHICLE_ID,INITIAL_DIRECTION,Vehicle Type Desc,FINAL_DIRECTION,DRIVER_INTENT,VEHICLE_MOVEMENT,TRAILER_TYPE,INITIAL_IMPACT,LAMPS,LEVEL_OF_DAMAGE,TRAFFIC_CONTROL_DESC,ROAD_ROUTE_1,ROAD_NAME,ROAD_TYPE,ROAD_NAME_INT,ROAD_TYPE_INT,DISTANCE_LOCATION,DIRECTION_LOCATION,NODE_ID,NODE_TYPE,LGA_NAME,Lga Name All,Lat,Long,Postcode No
140673,T20110037265,9/11/2011,101877,8377,15.00.00,1,Collision with vehicle,3,Wednesday,133,LANE SIDE SWIPE (VEHICLES IN PARALLEL LANES)        ,1,Day,3,3,0,1,0,2,1,Cross intersection,3,Other Injury,50,B,E ,Bicycle,E ,1,1,H,1,2,1,Stop-go lights,9999,LITTLE LONSDALE,STREET,SWANSTON,STREET,0,W,36916,I,MELBOURNE,MELBOURNE,-37.81057,144.96428,3000
140784,T20110037406,11/11/2011,101877,8377,05.50.00,1,Collision with vehicle,6,Friday,135,LANE CHANGE LEFT (NOT OVERTAKING)              ,2,Dusk/Dawn,2,2,0,1,0,1,2,Not at intersection,3,Other Injury,60,B,SE,Bicycle,SE,1,1,H,F,1,1,No control,5068,MACAULAY,ROAD,DRYBURGH,STREET,20,N,246971,N,MELBOURNE,MELBOURNE,-37.80012,144.94396,3051
140798,T20110037418,11/11/2011,101877,8377,07.30.00,1,Collision with vehicle,6,Friday,113,RIGHT NEAR (INTERSECTIONS ONLY)               ,1,Day,2,2,0,1,0,1,1,T intersection,3,Other Injury,60,B,NW,Bicycle,NW,1,1,H,F,2,3,Giveway sign,5882,ST KILDA,ROAD,ALBERT,ROAD,23,SE,238156,N,MELBOURNE,"MELBOURNE,PORT PHILLIP",-37.83364,144.97331,3004
140823,T20110037449,11/11/2011,101877,8377,14.15.00,1,Collision with vehicle,5,Friday,133,LANE SIDE SWIPE (VEHICLES IN PARALLEL LANES)        ,1,Day,2,2,0,1,0,1,2,Not at intersection,3,Other Injury,50,B,S ,Bicycle,S ,1,1,H,1,2,1,No control,9999,WILLIAM,STREET,FLINDERS,STREET,37,SW,246930,N,MELBOURNE,MELBOURNE,-37.81993,144.95999,3000
140826,T20110037453,11/11/2011,101877,8377,17.35.00,1,Collision with vehicle,6,Friday,121,RIGHT THROUGH                        ,1,Day,2,2,1,0,0,1,1,T intersection,2,Hospitilisation,60,B,SW,Bicycle,SW,1,1,H,F,2,1,Stop-go lights,9999,BATMANS HILL,DRIVE,STADIUM ACCESS,ROAD,0,N,12356,I,MELBOURNE,MELBOURNE,-37.81847,144.94849,3008
140845,T20110037476,11/11/2011,101877,8377,23.12.00,1,Collision with vehicle,6,Friday,135,LANE CHANGE LEFT (NOT OVERTAKING)              ,3,Dark Street lights on,2,2,1,0,0,1,1,Cross intersection,2,Hospitilisation,50,B,S ,Bicycle,S ,1,1,H,F,2,2,Stop-go lights,9999,LONSDALE,STREET,RUSSELL,STREET,0,E,236,I,MELBOURNE,MELBOURNE,-37.81084,144.9672,3000
140852,T20110037485,11/11/2011,101877,8377,07.55.00,1,Collision with vehicle,6,Friday,134,LANE CHANGE RIGHT (NOT OVERTAKING)             ,1,Day,2,2,0,2,0,0,2,Cross intersection,3,Other Injury,50,B,N ,Bicycle,N ,1,6,H,F,2,6,No control,5102,LANSDOWNE,STREET,ALBERT,STREET,0,N,37007,I,MELBOURNE,MELBOURNE,-37.80983,144.97833,3002
141569,T20110038400,11/11/2011,101877,8377,15.30.00,1,Collision with vehicle,6,Friday,137,LEFT TURN SIDESWIPE                     ,1,Day,2,2,0,1,0,1,2,Cross intersection,3,Other Injury,40,B,S ,Bicycle,S ,1,1,H,9,2,1,No control,9999,GRATTAN,STREET,SWANSTON,STREET,0,E,90,I,MELBOURNE,MELBOURNE,-37.80043,144.96398,3053
141222,T20110037988,17/11/2011,101877,8377,11.50.00,1,Collision with vehicle,5,Thursday,163,VEHICLE STRIKES DOOR OF PARKED/STATIONARY VEHICLE      ,1,Day,2,2,1,0,0,1,2,Y intersection,2,Hospitilisation,40,A,S ,Bicycle,S ,1,1,H,F,2,3,Stop-go lights,9999,KEPPEL,STREET,LYGON,STREET,0,W,248922,I,MELBOURNE,MELBOURNE,-37.79691,144.9676,3053
141338,T20110038110,17/11/2011,101877,8377,11.50.00,1,Collision with vehicle,5,Thursday,163,VEHICLE STRIKES DOOR OF PARKED/STATIONARY VEHICLE      ,1,Day,2,6,1,0,0,5,2,Cross intersection,2,Hospitilisation,50,B,N ,Bicycle,N ,1,1,H,1,2,6,Other,9999,ELGIN,STREET,LYGON,STREET,0,W,109,I,MELBOURNE,MELBOURNE,-37.79716,144.96756,3053
141379,T20110038148,19/11/2011,101877,8377,02.00.00,8,No collision and no object struck,7,Saturday,174,OUT OF CONTROL ON CARRIAGEWAY (ON STRAIGHT)         ,3,Dark Street lights on,1,1,0,1,0,0,1,Not at intersection,3,Other Injury,40,A,NW,Bicycle,NW,18,18,H,5,2,1,No control,9999,SWANSTON,STREET,FLINDERS,STREET,47,N,247202,N,MELBOURNE,MELBOURNE,-37.81705,144.96725,3000
141549,T20110038358,21/11/2011,101877,8377,08.22.00,1,Collision with vehicle,2,Monday,171,LEFT OFF CARRIAGEWAY INTO OBJECT/PARKED VEHICLE       ,1,Day,2,2,1,0,0,1,1,Not at intersection,2,Hospitilisation,50,B,S ,Bicycle,S ,1,1,H,9,2,1,Ped. lights,9999,SWANSTON,STREET,FLINDERS,STREET,54,N,247184,N,MELBOURNE,MELBOURNE,-37.81699,144.96723,3000
141806,T20110038678,24/11/2011,101877,8377,16.55.00,2,Struck Pedestrian,5,Thursday,108,PED STRUCK WALKING TO/FROM OR BOARDING/ALIGHTING VEHICLE.  ,1,Day,1,2,0,1,0,1,1,T intersection,3,Other Injury,60,B,S ,Bicycle,S ,1,1,H,F,2,6,No control,5127,TOORAK,ROAD,ST KILDA,ROAD,0,E,46819,I,MELBOURNE,"MELBOURNE,PORT PHILLIP",-37.83695,144.97581,3004
141871,T20110038738,25/11/2011,101877,8377,08.00.00,4,Collision with a fixed object,6,Friday,171,LEFT OFF CARRIAGEWAY INTO OBJECT/PARKED VEHICLE       ,1,Day,2,2,1,0,0,1,2,Cross intersection,2,Hospitilisation,50,B,N ,Bicycle,N ,1,1,H,9,2,1,No control,9999,LONSDALE,STREET,SWANSTON,STREET,0,E,35363,I,MELBOURNE,MELBOURNE,-37.81156,144.96473,3000
141888,T20110038758,25/11/2011,101877,8377,13.06.00,1,Collision with vehicle,6,Friday,142,LEAVING PARKING                       ,1,Day,2,2,0,1,0,1,1,Not at intersection,3,Other Injury,40,B,S ,Bicycle,S ,1,1,H,F,2,1,No control,5499,CHURCH,STREET,HOTHAM,PLACE,14,N,247663,N,YARRA,YARRA,-37.82921,144.9973,3121
142118,T20110039032,28/11/2011,101877,8377,08.30.00,1,Collision with vehicle,2,Monday,160,VEHICLE COLLIDES WITH VEHICLE PARKED ON LEFT OF ROAD    ,1,Day,2,3,0,1,0,2,1,Not at intersection,3,Other Injury,50,B,SW,Bicycle,SW,1,6,H,1,2,1,No control,9999,FLINDERS,STREET,BATMAN,AVENUE,38,W,247180,N,MELBOURNE,MELBOURNE,-37.81613,144.97198,3000
142119,T20110039032,28/11/2011,101877,8377,08.30.00,1,Collision with vehicle,2,Monday,160,VEHICLE COLLIDES WITH VEHICLE PARKED ON LEFT OF ROAD    ,1,Day,2,3,0,1,0,2,1,Not at intersection,3,Other Injury,50,B,SW,Bicycle,SW,1,6,H,1,2,1,No control,9999,FLINDERS,STREET,BATMAN,AVENUE,38,W,247180,N,MELBOURNE,MELBOURNE,-37.81613,144.97198,3000
142341,T20110039284,29/11/2011,101877,8377,12.00.00,1,Collision with vehicle,3,Tuesday,145,REVERSING IN STREAM OF TRAFFIC               ,1,Day,2,2,0,1,0,1,2,Cross intersection,3,Other Injury,50,A,S ,Bicycle,S ,1,1,H,F,2,1,Stop-go lights,9999,ELIZABETH,STREET,LONSDALE,STREET,0,N,35355,I,MELBOURNE,MELBOURNE,-37.81228,144.96226,3000
142264,T20110039198,30/11/2011,101877,8377,08.16.00,1,Collision with vehicle,4,Wednesday,163,VEHICLE STRIKES DOOR OF PARKED/STATIONARY VEHICLE      ,1,Day,2,3,0,1,0,2,1,Cross intersection,3,Other Injury,50,B,W ,Bicycle,W ,1,1,H,F,2,9,Stop-go lights,9999,GRATTAN,STREET,ELIZABETH,STREET,17,E,236994,I,MELBOURNE,MELBOURNE,-37.79974,144.95775,3052
142336,T20110039280,30/11/2011,101877,8377,18.27.00,1,Collision with vehicle,3,Wednesday,116,LEFT NEAR (INTERSECTIONS ONLY)               ,1,Day,2,2,0,1,0,1,1,T intersection,3,Other Injury,999,A,W ,Bicycle,W ,1,1,H,5,2,2,Stop-go lights,9999,WATERFRONT,WAY,FOOTSCRAY,ROAD,24,SW,278550,I,MELBOURNE,MELBOURNE,-37.81071,144.93896,3008
142371,T20110039309,1/12/2011,101877,8377,06.35.00,8,No collision and no object struck,4,Thursday,199,UNKNOWN-NO DETAILS ON MANOEUVRES OF ROAD-USERS IN ACCIDENT ,1,Day,2,1,0,1,0,0,1,Not at intersection,3,Other Injury,60,B,S ,Bicycle,S ,1,1,H,F,2,6,No control,5065,PEEL,STREET,VICTORIA,STREET,45,N,247954,N,MELBOURNE,MELBOURNE,-37.80548,144.95605,3051
142386,T20110039325,1/12/2011,101877,8377,07.10.00,1,Collision with vehicle,5,Thursday,140,U TURN                           ,1,Day,2,2,1,0,0,1,2,Not at intersection,2,Hospitilisation,60,B,E ,Bicycle,E ,1,1,H,5,0,3,No control,9999,TURNER,STREET,CAPRICE,AVENUE,81,E,250984,N,MELBOURNE,MELBOURNE,-37.82389,144.92251,3207
142429,T20110039399,2/12/2011,101877,8377,08.20.00,1,Collision with vehicle,6,Friday,121,RIGHT THROUGH                        ,1,Day,2,2,0,1,0,1,1,T intersection,3,Other Injury,60,B,S ,Bicycle,S ,1,1,H,F,2,5,No control,9999,PELHAM,STREET,RATHDOWNE,STREET,0,W,36379,I,MELBOURNE,MELBOURNE,-37.80314,144.96955,3053
142431,T20110039402,2/12/2011,101877,8377,07.55.00,1,Collision with vehicle,6,Friday,121,RIGHT THROUGH                        ,1,Day,3,4,1,0,0,3,1,T intersection,2,Hospitilisation,50,B,S ,Bicycle,S ,1,18,H,F,2,3,No control,9999,MACARTHUR,STREET,ST ANDREWS,PLACE,0,SW,36997,I,MELBOURNE,MELBOURNE,-37.81179,144.97483,3002
142476,T20110039436,2/12/2011,101877,8377,15.15.00,1,Collision with vehicle,5,Friday,133,LANE SIDE SWIPE (VEHICLES IN PARALLEL LANES)        ,1,Day,2,2,0,1,0,1,2,Cross intersection,3,Other Injury,60,B,SE,Bicycle,SE,1,1,H,4,0,1,Stop-go lights,5127,TOORAK,ROAD,KINGS,WAY,0,NW,119,I,MELBOURNE,"PORT PHILLIP,MELBOURNE",-37.83622,144.97554,3004
142493,T20110039454,2/12/2011,101877,8377,18.55.00,1,Collision with vehicle,6,Friday,163,VEHICLE STRIKES DOOR OF PARKED/STATIONARY VEHICLE      ,1,Day,2,2,0,1,0,1,1,Not at intersection,3,Other Injury,50,B,SW,Bicycle,SW,1,1,H,F,2,6,No control,9999,LONSDALE,STREET,JONES,LANE,46,W,247975,N,MELBOURNE,MELBOURNE,-37.81051,144.96836,3000
142528,T20110039495,2/12/2011,101877,8377,18.35.00,1,Collision with vehicle,6,Friday,137,LEFT TURN SIDESWIPE                     ,1,Day,2,3,0,1,0,2,1,Cross intersection,3,Other Injury,50,B,E ,Bicycle,E ,1,1,H,F,2,1,No control,9999,ALBERT,STREET,POWLETT,STREET,0,E,37026,I,MELBOURNE,MELBOURNE,-37.8107,144.98616,3002
142582,T20110039552,3/12/2011,101877,8377,23.30.00,1,Collision with vehicle,7,Saturday,110,CROSS TRAFFIC(INTERSECTIONS ONLY)              ,5,Dark No street lights,2,2,1,0,0,1,1,Cross intersection,2,Hospitilisation,50,B,N ,Bicycle,N ,1,1,H,1,2,1,No control,9999,ARGYLE,STREET,FITZROY,STREET,0,E,58083,I,YARRA,YARRA,-37.79743,144.97753,3065
142869,T20110039905,3/12/2011,101877,8377,13.30.00,1,Collision with vehicle,7,Saturday,163,VEHICLE STRIKES DOOR OF PARKED/STATIONARY VEHICLE      ,1,Day,2,3,0,1,0,2,2,Cross intersection,3,Other Injury,60,B,E ,Bicycle,E ,17,18,H,F,2,1,Stop-go lights,9999,COLLINS,STREET,SWANSTON,STREET,0,E,29427,I,MELBOURNE,MELBOURNE,-37.81549,144.96654,3000
142587,T20110039556,4/12/2011,101877,8377,02.30.00,1,Collision with vehicle,1,Sunday,110,CROSS TRAFFIC(INTERSECTIONS ONLY)              ,3,Dark Street lights on,2,3,0,1,0,2,1,Cross intersection,3,Other Injury,60,B,N ,Bicycle,N ,1,1,H,F,2,1,Stop-go lights,5853,JOHNSTON,STREET,BRUNSWICK,STREET,0,W,36500,I,YARRA,YARRA,-37.79834,144.97847,3065
143968,T20110041204,4/12/2011,101877,8377,00.30.00,1,Collision with vehicle,0,Sunday,133,LANE SIDE SWIPE (VEHICLES IN PARALLEL LANES)        ,3,Dark Street lights on,2,2,0,1,0,1,2,Not at intersection,3,Other Injury,60,A,NW,Bicycle,NW,1,1,H,1,1,3,No control,5044,FLEMINGTON,ROAD,GRATTAN,STREET,37,NW,248964,N,MELBOURNE,MELBOURNE,-37.79941,144.95474,3051
142672,T20110039635,5/12/2011,101877,8377,09.00.00,1,Collision with vehicle,2,Monday,163,VEHICLE STRIKES DOOR OF PARKED/STATIONARY VEHICLE      ,1,Day,2,3,0,1,0,2,1,T intersection,3,Other Injury,50,B,W ,Bicycle,W ,1,1,H,1,2,1,No control,9999,COLLINS,STREET,COLLINS,PLACE,0,E,243506,I,MELBOURNE,MELBOURNE,-37.81356,144.97311,3000
142747,T20110039743,6/12/2011,101877,8377,11.22.00,2,Struck Pedestrian,3,Tuesday,100,PED NEAR SIDE. PED HIT BY VEHICLE FROM THE RIGHT.      ,1,Day,1,2,0,1,1,0,1,Not at intersection,1,Fatal,50,A,SW,Bicycle,SW,1,1,H,F,2,3,Stop-go lights,9999,MACARTHUR,STREET,ST ANDREWS,PLACE,24,SW,247477,N,MELBOURNE,MELBOURNE,-37.81198,144.97472,3002
142766,T20110039772,6/12/2011,101877,8377,18.50.00,1,Collision with vehicle,3,Tuesday,163,VEHICLE STRIKES DOOR OF PARKED/STATIONARY VEHICLE      ,1,Day,2,2,1,0,0,1,1,Not at intersection,2,Hospitilisation,50,B,N ,Bicycle,N ,1,1,H,5,2,6,No control,5102,LANSDOWNE,STREET,CATHEDRAL,PLACE,55,N,248406,N,MELBOURNE,MELBOURNE,-37.81051,144.97822,3002
142795,T20110039815,7/12/2011,101877,8377,09.55.00,1,Collision with vehicle,4,Wednesday,121,RIGHT THROUGH                        ,1,Day,2,2,0,1,0,1,1,Cross intersection,3,Other Injury,60,B,SE,Bicycle,SE,1,1,H,F,2,2,No control,5061,SPENCER,STREET,ROSSLYN,STREET,0,SE,36815,I,MELBOURNE,MELBOURNE,-37.80928,144.94939,3003
142851,T20110039881,7/12/2011,101877,8377,18.30.00,2,Struck Pedestrian,4,Wednesday,101,PED EMERGES FROM IN FRONT OF PARKED OR STATIONARY VEHICLE  ,1,Day,1,2,0,2,0,0,1,Not at intersection,3,Other Injury,50,A,N ,Bicycle,N ,1,1,H,F,1,2,No control,9999,ELIZABETH,STREET,BOURKE,STREET,32,S,247690,N,MELBOURNE,MELBOURNE,-37.81452,144.96328,3000
143762,T20110040957,9/12/2011,101877,8377,14.45.00,1,Collision with vehicle,6,Friday,135,LANE CHANGE LEFT (NOT OVERTAKING)              ,1,Day,2,2,0,1,0,1,2,Y intersection,3,Other Injury,50,A,NE,Bicycle,NE,1,1,H,1,0,1,No control,9999,NICHOLSON,STREET,SPRING,STREET,0,S,35838,I,MELBOURNE,MELBOURNE,-37.81069,144.97273,3002
143763,T20110040957,9/12/2011,101877,8377,14.45.00,1,Collision with vehicle,6,Friday,135,LANE CHANGE LEFT (NOT OVERTAKING)              ,1,Day,2,2,0,1,0,1,2,Y intersection,3,Other Injury,50,A,NE,Bicycle,NE,1,1,H,1,0,1,No control,9999,NICHOLSON,STREET,SPRING,STREET,0,S,35838,I,MELBOURNE,MELBOURNE,-37.81069,144.97273,3002
144291,T20110041622,9/12/2011,101877,8377,18.00.00,8,No collision and no object struck,6,Friday,174,OUT OF CONTROL ON CARRIAGEWAY (ON STRAIGHT)         ,1,Day,2,3,0,1,0,2,2,Not at intersection,3,Other Injury,60,B,SE,Bicycle,SE,1,1,H,N,2,2,No control,5882,ST KILDA,ROAD,TOORAK,ROAD,129,S,251314,N,MELBOURNE,"MELBOURNE,PORT PHILLIP",-37.83733,144.97594,3004
143208,T20110040320,12/12/2011,101877,8377,15.45.00,1,Collision with vehicle,2,Monday,148,VEHICLE OFF FOOTPATH STRIKES VEH ON CARRIAGEWAY,1,Day,2,2,0,1,0,1,2,Not at intersection,3,Other Injury,50,B,N ,Bicycle,NK,6,6,H,F,2,2,No control,9999,STEWART,STREET,MARGARET,STREET,15,SE,248190,N,YARRA,YARRA,-37.82376,144.99037,3121
143369,T20110040510,14/12/2011,101877,8377,11.50.00,1,Collision with vehicle,4,Wednesday,121,RIGHT THROUGH                        ,1,Day,2,2,0,1,0,1,1,Not at intersection,3,Other Injury,50,B,S ,Bicycle,S ,1,1,H,F,2,1,No control,9999,SWANSTON,STREET,LINCOLN N,SQUARE,19,S,248236,N,MELBOURNE,MELBOURNE,-37.80195,144.96371,3053
145614,T20120001403,14/12/2011,101877,8377,11.15.00,1,Collision with vehicle,4,Wednesday,163,VEHICLE STRIKES DOOR OF PARKED/STATIONARY VEHICLE      ,1,Day,2,2,1,0,0,1,2,Not at intersection,2,Hospitilisation,999,B,NE,Bicycle,NE,1,1,H,F,0,1,No control,9999,PARK,STREET,ST KILDA,ROAD,43,W,248808,N,PORT PHILLIP,PORT PHILLIP,-37.83241,144.97134,3205
143524,T20110040670,15/12/2011,101877,8377,19.30.00,1,Collision with vehicle,5,Thursday,160,VEHICLE COLLIDES WITH VEHICLE PARKED ON LEFT OF ROAD    ,2,Dusk/Dawn,3,3,0,1,0,2,1,Not at intersection,3,Other Injury,30,B,S ,Bicycle,S ,1,18,H,F,2,1,No control,9999,SWANSTON,STREET,LITTLE COLLINS,STREET,16,S,252788,N,MELBOURNE,MELBOURNE,-37.81465,144.96615,3000
143912,T20110041145,15/12/2011,101877,8377,16.00.00,1,Collision with vehicle,5,Thursday,143,ENTERING PARKING                      ,1,Day,2,2,0,1,0,1,1,T intersection,3,Other Injury,40,A,E ,Bicycle,E ,1,1,H,4,2,6,No control,5285,BRIDGE,ROAD,LEIGH,PLACE,0,W,66053,I,YARRA,YARRA,-37.81801,144.99407,3121
143613,T20110040766,16/12/2011,101877,8377,16.55.00,1,Collision with vehicle,6,Friday,163,VEHICLE STRIKES DOOR OF PARKED/STATIONARY VEHICLE      ,1,Day,2,2,0,1,0,1,1,Not at intersection,3,Other Injury,40,B,N ,Bicycle,N ,1,1,H,F,2,6,No control,9999,NICHOLSON,STREET,LANGRIDGE,STREET,65,S,249588,N,YARRA,YARRA,-37.80821,144.99627,3067
144005,T20110041237,16/12/2011,101877,8377,18.00.00,1,Collision with vehicle,6,Friday,148,VEHICLE OFF FOOTPATH STRIKES VEH ON CARRIAGEWAY,1,Day,2,2,0,1,0,1,2,Not at intersection,3,Other Injury,999,A,SW,Bicycle,SW,1,1,H,5,2,1,No control,9999,INGLES,STREET,STATION,STREET,47,NW,248974,N,PORT PHILLIP,PORT PHILLIP,-37.83221,144.94539,3207
143668,T20110040829,17/12/2011,101877,8377,09.40.00,1,Collision with vehicle,7,Saturday,143,ENTERING PARKING                      ,1,Day,2,2,1,0,0,1,1,T intersection,2,Hospitilisation,50,B,N ,Bicycle,N ,1,1,H,F,2,6,No control,9999,BOUVERIE,STREET,BOUVERIE,PLACE,0,N,224981,I,MELBOURNE,MELBOURNE,-37.8059,144.96152,3053
144167,T20110041457,19/12/2011,101877,8377,08.00.00,1,Collision with vehicle,2,Monday,163,VEHICLE STRIKES DOOR OF PARKED/STATIONARY VEHICLE      ,1,Day,2,2,1,0,0,1,2,Cross intersection,2,Hospitilisation,50,B,E ,Bicycle,E ,1,1,H,F,2,1,No control,9999,GERTRUDE,STREET,LITTLE GEORGE,STREET,0,W,65547,I,YARRA,YARRA,-37.80605,144.98006,3065
143898,T20110041130,20/12/2011,101877,8377,19.00.00,1,Collision with vehicle,3,Tuesday,163,VEHICLE STRIKES DOOR OF PARKED/STATIONARY VEHICLE      ,1,Day,2,2,0,1,0,1,1,Not at intersection,3,Other Injury,60,A,SW,Bicycle,SW,1,1,H,F,2,6,No control,9999,STURT,STREET,MILES,STREET,40,N,248128,N,MELBOURNE,MELBOURNE,-37.82797,144.966,3006
145265,T20120000962,24/12/2011,101877,8377,20.45.00,1,Collision with vehicle,7,Saturday,163,VEHICLE STRIKES DOOR OF PARKED/STATIONARY VEHICLE      ,2,Dusk/Dawn,2,2,0,1,0,1,2,Not at intersection,3,Other Injury,50,B,S ,Bicycle,S ,1,1,H,F,2,1,Stop-go lights,9999,SWANSTON,STREET,LA TROBE,STREET,11,N,248787,N,MELBOURNE,MELBOURNE,-37.8095,144.96378,3000
144645,T20120000145,25/12/2011,101877,8377,05.00.00,7,Fall from or in moving vehicle,1,Sunday,174,OUT OF CONTROL ON CARRIAGEWAY (ON STRAIGHT)         ,3,Dark Street lights on,1,1,0,1,0,0,1,Not at intersection,3,Other Injury,50,A,NW,Bicycle,NW,1,1,H,4,1,6,No control,5061,SPENCER,STREET,ABBOTSFORD,STREET,47,SE,253966,N,MELBOURNE,MELBOURNE,-37.80636,144.94532,3003
144393,T20110041768,28/12/2011,101877,8377,13.30.00,1,Collision with vehicle,4,Wednesday,163,VEHICLE STRIKES DOOR OF PARKED/STATIONARY VEHICLE      ,1,Day,2,2,0,1,0,1,2,Cross intersection,3,Other Injury,40,B,E ,Bicycle,E ,1,1,H,8,2,6,No control,5853,JOHNSTON,STREET,GORE,STREET,0,W,29403,I,YARRA,YARRA,-37.79883,144.98308,3065
144492,T20110041921,30/12/2011,101877,8377,15.36.00,1,Collision with vehicle,6,Friday,163,VEHICLE STRIKES DOOR OF PARKED/STATIONARY VEHICLE      ,1,Day,2,2,0,1,0,1,1,Cross intersection,3,Other Injury,50,B,N ,Bicycle,N ,1,1,H,F,2,6,No control,9999,ELIZABETH,STREET,LITTLE LONSDALE,STREET,0,N,29422,I,MELBOURNE,MELBOURNE,-37.8113,144.96181,3000
145394,T20120001144,30/12/2011,101877,8377,13.45.00,1,Collision with vehicle,6,Friday,163,VEHICLE STRIKES DOOR OF PARKED/STATIONARY VEHICLE      ,1,Day,2,2,0,2,0,0,2,Not at intersection,3,Other Injury,60,A,SE,Bicycle,SE,1,1,H,5,2,9,No control,5882,ST KILDA,ROAD,SLATER,STREET,74,N,249440,N,MELBOURNE,MELBOURNE,-37.83839,144.97657,3004
144562,T20120000022,31/12/2011,101877,8377,16.30.00,1,Collision with vehicle,7,Saturday,163,VEHICLE STRIKES DOOR OF PARKED/STATIONARY VEHICLE      ,1,Day,2,2,0,1,0,1,2,Not at intersection,3,Other Injury,60,A,W ,Bicycle,W ,1,1,H,F,2,1,No control,9999,BOURKE,STREET,BRIEN,LANE,35,W,248693,N,MELBOURNE,MELBOURNE,-37.81268,144.96855,3000
144727,T20120000258,5/01/2012,111339,9155,09.09.00,1,Collision with vehicle,4,Thursday,133,LANE SIDE SWIPE (VEHICLES IN PARALLEL LANES)        ,1,Day,2,2,1,0,0,1,1,Cross intersection,2,Hospitilisation,40,B,W ,Bicycle,W ,1,1,H,1,2,1,Stop-go lights,5853,JOHNSTON,STREET,DIGHT,STREET,0,W,36645,I,YARRA,YARRA,-37.79944,144.98897,3066
144732,T20120000263,5/01/2012,111339,9155,08.41.00,1,Collision with vehicle,5,Thursday,137,LEFT TURN SIDESWIPE                     ,1,Day,2,2,0,1,0,1,1,T intersection,3,Other Injury,70,B,S ,Bicycle,S ,1,1,H,F,2,6,No control,2080,HODDLE,STREET,BLOOMBURG,STREET,0,S,65612,I,YARRA,YARRA,-37.80752,144.99171,3067
144878,T20120000460,5/01/2012,111339,9155,19.45.00,1,Collision with vehicle,5,Thursday,163,VEHICLE STRIKES DOOR OF PARKED/STATIONARY VEHICLE      ,2,Dusk/Dawn,2,3,0,1,0,2,2,Not at intersection,3,Other Injury,50,A,N ,Bicycle,N ,1,1,H,F,2,1,No control,9999,SWANSTON,STREET,FLINDERS,STREET,29,S,199632,N,MELBOURNE,MELBOURNE,-37.8177,144.96755,3000
145920,T20120001747,5/01/2012,111339,9155,19.30.00,1,Collision with vehicle,5,Thursday,110,CROSS TRAFFIC(INTERSECTIONS ONLY)              ,1,Day,2,2,0,2,0,0,2,Cross intersection,3,Other Injury,40,B,N ,Bicycle,N ,1,1,H,5,2,2,Stop sign,9999,GORE,STREET,GREEVES,STREET,0,N,65262,I,YARRA,YARRA,-37.80031,144.98282,3065
146929,T20120002974,9/01/2012,111339,9155,17.30.00,1,Collision with vehicle,2,Monday,148,VEHICLE OFF FOOTPATH STRIKES VEH ON CARRIAGEWAY,1,Day,2,2,0,1,0,1,2,Cross intersection,3,Other Injury,999,B,NW,Bicycle,NW,1,1,H,F,2,3,Stop sign,5068,MACAULAY,ROAD,GRACIE,STREET,0,SE,29371,I,MELBOURNE,MELBOURNE,-37.79638,144.93997,3051
145135,T20120000819,12/01/2012,111339,9155,08.50.00,1,Collision with vehicle,5,Thursday,163,VEHICLE STRIKES DOOR OF PARKED/STATIONARY VEHICLE      ,1,Day,2,2,1,0,0,1,1,T intersection,2,Hospitilisation,60,B,E ,Bicycle,E ,1,1,H,F,2,2,No control,9999,ELGIN,STREET,MARKOV,PLACE,0,W,248878,I,MELBOURNE,MELBOURNE,-37.79737,144.9695,3053
145356,T20120001089,15/01/2012,111339,9155,22.30.00,1,Collision with vehicle,1,Sunday,163,VEHICLE STRIKES DOOR OF PARKED/STATIONARY VEHICLE      ,3,Dark Street lights on,2,4,0,2,0,2,1,T intersection,3,Other Injury,50,B,N ,Bicycle,N ,1,1,H,9,2,9,No control,9999,PEEL,STREET,SMITH,STREET,0,W,36571,I,YARRA,YARRA,-37.80498,144.98323,3066
145367,T20120001104,16/01/2012,111339,9155,09.40.00,1,Collision with vehicle,2,Monday,121,RIGHT THROUGH                        ,1,Day,2,4,0,1,0,3,1,Cross intersection,3,Other Injury,40,B,S ,Bicycle,S ,1,1,H,1,2,1,Stop-go lights,5853,JOHNSTON,STREET,SMITH,STREET,0,W,36557,I,YARRA,YARRA,-37.79896,144.98427,3066
145473,T20120001244,17/01/2012,111339,9155,17.00.00,1,Collision with vehicle,3,Tuesday,163,VEHICLE STRIKES DOOR OF PARKED/STATIONARY VEHICLE      ,1,Day,2,5,0,1,0,4,1,Not at intersection,3,Other Injury,50,B,W ,Bicycle,W ,1,1,H,F,2,1,No control,5287,SWAN,STREET,OLYMPIC,BOULEVARD,34,E,273347,N,MELBOURNE,MELBOURNE,-37.82337,144.97891,3004