,ACCIDENT_NO,ACCIDENTDATE,CYCLISTS,CYCLISTS_COUNT_LS,ACCIDENTTIME,ACCIDENT_TYPE,ACCIDENT_TYPE_DESC,DAY_OF_WEEK,DAY_WEEK_DESC,DCA_CODE,DCA Description,LIGHT_CONDITION,LIGHT_CONDITION_DEC,NO_OF_VEHICLES,NO_PERSONS,NO_PERSONS_INJ_2,NO_PERSONS_INJ_3,NO_PERSONS_KILLED,NO_PERSONS_NOT_INJ,POLICE_ATTEND,ROAD_GEOMETRY_DESC,SEVERITY,SEVERITY_DESC,SPEED_ZONE,VEHICLE_ID,INITIAL_DIRECTION,Vehicle Type Desc,FINAL_DIRECTION,DRIVER_INTENT,VEHICLE_MOVEMENT,TRAILER_TYPE,INITIAL_IMPACT,LAMPS,LEVEL_OF_DAMAGE,TRAFFIC_CONTROL_DESC,ROAD_ROUTE_1,ROAD_NAME,ROAD_TYPE,ROAD_NAME_INT,ROAD_TYPE_INT,DISTANCE_LOCATION,DIRECTION_LOCATION,NODE_ID,NODE_TYPE,LGA_NAME,Lga Name All,Lat,Long,Postcode No
145683,T20120001479,18/01/2012,111339,9155,17.00.00,2,Struck Pedestrian,4,Wednesday,100,PED NEAR SIDE. PED HIT BY VEHICLE FROM THE RIGHT.      ,1,Day,1,3,1,0,0,2,1,Cross intersection,2,Hospitilisation,30,A,N ,Bicycle,N ,6,6,H,9,2,1,Stop-go lights,9999,FLINDERS,LANE,SWANSTON,STREET,0,E,35364,I,MELBOURNE,MELBOURNE,-37.81649,144.96699,3000
145622,T20120001410,19/01/2012,111339,9155,17.55.00,1,Collision with vehicle,5,Thursday,140,U TURN                           ,1,Day,2,2,0,1,0,1,1,T intersection,3,Other Injury,50,B,N ,Bicycle,N ,1,1,H,F,2,2,No control,9999,PITT,STREET,RATHDOWNE,STREET,0,W,36367,I,MELBOURNE,MELBOURNE,-37.79563,144.97083,3053
145633,T20120001421,19/01/2012,111339,9155,22.40.00,1,Collision with vehicle,5,Thursday,121,RIGHT THROUGH                        ,3,Dark Street lights on,2,4,1,0,0,3,1,Cross intersection,2,Hospitilisation,60,B,N ,Bicycle,N ,1,1,H,F,1,2,Stop-go lights,5082,VICTORIA,STREET,SWANSTON,STREET,0,W,36264,I,MELBOURNE,MELBOURNE,-37.80666,144.9629,3053
146025,T20120001859,19/01/2012,111339,9155,08.30.00,1,Collision with vehicle,5,Thursday,143,ENTERING PARKING                      ,1,Day,3,3,0,1,0,2,2,Not at intersection,3,Other Injury,50,C,N ,Bicycle,N ,1,1,H,F,9,2,Unknown,9999,WILLIAM,STREET,FLINDERS,LANE,36,N,249294,N,MELBOURNE,MELBOURNE,-37.81832,144.95942,3000
145655,T20120001452,20/01/2012,111339,9155,09.10.00,1,Collision with vehicle,6,Friday,135,LANE CHANGE LEFT (NOT OVERTAKING)              ,1,Day,2,2,0,1,0,1,1,T intersection,3,Other Injury,50,B,N ,Bicycle,N ,1,1,H,1,2,6,No control,9999,NICHOLSON,STREET,SPRING,STREET,0,S,35838,I,MELBOURNE,MELBOURNE,-37.81069,144.97273,3002
145656,T20120001452,20/01/2012,111339,9155,09.10.00,1,Collision with vehicle,6,Friday,135,LANE CHANGE LEFT (NOT OVERTAKING)              ,1,Day,2,2,0,1,0,1,1,T intersection,3,Other Injury,50,B,N ,Bicycle,N ,1,1,H,1,2,6,No control,9999,NICHOLSON,STREET,SPRING,STREET,0,S,35838,I,MELBOURNE,MELBOURNE,-37.81069,144.97273,3002
145709,T20120001504,20/01/2012,111339,9155,22.01.00,1,Collision with vehicle,6,Friday,163,VEHICLE STRIKES DOOR OF PARKED/STATIONARY VEHICLE      ,5,Dark No street lights,2,2,0,1,0,1,1,Cross intersection,3,Other Injury,60,B,W ,Bicycle,W ,1,1,H,F,2,1,No control,9999,PICKLES,STREET,COVENTRY,STREET,0,N,249100,I,PORT PHILLIP,PORT PHILLIP,-37.83496,144.94936,3207
145724,T20120001523,21/01/2012,111339,9155,11.30.00,1,Collision with vehicle,7,Saturday,110,CROSS TRAFFIC(INTERSECTIONS ONLY)              ,1,Day,2,2,0,1,0,1,2,Cross intersection,3,Other Injury,50,B,NW,Bicycle,NW,1,1,H,5,0,1,Giveway sign,9999,DOW,STREET,LIARDET,STREET,0,SW,37419,I,PORT PHILLIP,PORT PHILLIP,-37.83925,144.9435,3207
145953,T20120001783,21/01/2012,111339,9155,12.00.00,1,Collision with vehicle,7,Saturday,163,VEHICLE STRIKES DOOR OF PARKED/STATIONARY VEHICLE      ,1,Day,2,2,0,1,0,1,2,Not at intersection,3,Other Injury,40,B,N ,Bicycle,N ,1,1,H,F,9,9,No control,9999,SMITH,STREET,PEEL,STREET,66,S,273408,N,YARRA,YARRA,-37.80557,144.98313,3066
145843,T20120001663,23/01/2012,111339,9155,11.50.00,8,No collision and no object struck,2,Monday,174,OUT OF CONTROL ON CARRIAGEWAY (ON STRAIGHT)         ,1,Day,1,1,0,1,0,0,1,Not at intersection,3,Other Injury,30,A,S ,Bicycle,S ,1,1,H,N,2,6,No control,9999,SWANSTON,STREET,FLINDERS,STREET,52,N,249066,N,MELBOURNE,MELBOURNE,-37.81701,144.96723,3000
145933,T20120001763,24/01/2012,111339,9155,08.30.00,1,Collision with vehicle,3,Tuesday,143,ENTERING PARKING                      ,1,Day,2,3,0,1,0,2,2,T intersection,3,Other Injury,50,B,W ,Bicycle,W ,1,1,H,1,2,3,No control,9999,COLLINS,STREET,REGENT,PLACE,0,E,47658,I,MELBOURNE,MELBOURNE,-37.81527,144.96732,3000
146400,T20120002337,24/01/2012,111339,9155,16.00.00,8,No collision and no object struck,3,Tuesday,174,OUT OF CONTROL ON CARRIAGEWAY (ON STRAIGHT)         ,1,Day,1,1,1,0,0,0,2,Cross intersection,2,Hospitilisation,40,A,N ,Bicycle,N ,6,6,H,F,2,6,No control,9999,LITTLE COLLINS,STREET,SWANSTON,STREET,0,W,231,I,MELBOURNE,MELBOURNE,-37.81451,144.96609,3000
147466,T20120003619,25/01/2012,111339,9155,21.15.00,1,Collision with vehicle,4,Wednesday,121,RIGHT THROUGH                        ,3,Dark Street lights on,2,2,0,1,0,1,2,Cross intersection,3,Other Injury,40,B,NW,Bicycle,NW,1,1,H,1,1,4,Stop-go lights,5318,CLARENDON,STREET,BANK,STREET,0,N,37544,I,PORT PHILLIP,PORT PHILLIP,-37.83411,144.96108,3205
146117,T20120001989,26/01/2012,111339,9155,18.00.00,1,Collision with vehicle,5,Thursday,143,ENTERING PARKING                      ,1,Day,2,2,0,1,0,1,2,Not at intersection,3,Other Injury,50,A,SE,Bicycle,SE,1,1,H,1,2,1,Unknown,9999,ST KILDA,ROAD,ALEXANDRA,AVENUE,46,S,249190,N,MELBOURNE,MELBOURNE,-37.8211,144.96934,3004
146160,T20120002038,26/01/2012,111339,9155,18.45.00,1,Collision with vehicle,5,Thursday,160,VEHICLE COLLIDES WITH VEHICLE PARKED ON LEFT OF ROAD    ,1,Day,2,2,1,0,0,1,1,Not at intersection,2,Hospitilisation,50,B,E ,Bicycle,E ,1,1,H,9,2,1,No control,9999,LONSDALE,STREET,RUSSELL,STREET,16,E,249207,N,MELBOURNE,MELBOURNE,-37.81079,144.96737,3000
146188,T20120002073,27/01/2012,111339,9155,18.42.00,1,Collision with vehicle,6,Friday,163,VEHICLE STRIKES DOOR OF PARKED/STATIONARY VEHICLE      ,1,Day,2,2,0,1,0,1,1,Not at intersection,3,Other Injury,50,B,N ,Bicycle,N ,1,1,H,F,2,3,No control,9999,SWANSTON,STREET,ST KILDA,ROAD,53,N,273496,N,MELBOURNE,MELBOURNE,-37.81827,144.96781,3000
146230,T20120002116,27/01/2012,111339,9155,17.50.00,1,Collision with vehicle,6,Friday,163,VEHICLE STRIKES DOOR OF PARKED/STATIONARY VEHICLE      ,1,Day,2,3,0,1,0,2,2,Cross intersection,3,Other Injury,999,B,SE,Bicycle,SE,1,1,H,F,2,1,Unknown,9999,EXHIBITION,STREET,LITTLE BOURKE,STREET,0,N,36968,I,MELBOURNE,MELBOURNE,-37.8111,144.97011,3000
146316,T20120002232,30/01/2012,111339,9155,07.18.00,1,Collision with vehicle,2,Monday,163,VEHICLE STRIKES DOOR OF PARKED/STATIONARY VEHICLE      ,1,Day,2,2,0,1,0,1,1,Not at intersection,3,Other Injury,60,B,NW,Bicycle,NW,1,1,H,F,2,1,No control,5044,FLEMINGTON,ROAD,GRATTAN,STREET,42,NW,249311,N,MELBOURNE,MELBOURNE,-37.79938,144.9547,3052
146353,T20120002279,30/01/2012,111339,9155,17.20.00,1,Collision with vehicle,2,Monday,148,VEHICLE OFF FOOTPATH STRIKES VEH ON CARRIAGEWAY,1,Day,2,2,1,0,0,1,1,T intersection,2,Hospitilisation,40,B,SW,Bicycle,SW,1,1,H,F,2,9,No control,9999,LITTLE BANK,STREET,PARK,STREET,0,S,48376,I,PORT PHILLIP,PORT PHILLIP,-37.83317,144.96868,3205
146472,T20120002439,1/02/2012,111339,9155,07.45.00,1,Collision with vehicle,4,Wednesday,163,VEHICLE STRIKES DOOR OF PARKED/STATIONARY VEHICLE      ,1,Day,3,3,0,1,0,2,1,Cross intersection,3,Other Injury,50,A,E ,Bicycle,E ,1,1,H,1,2,6,No control,9999,BOUVERIE,STREET,QUEENSBERRY,STREET,0,N,36258,I,MELBOURNE,MELBOURNE,-37.80439,144.96178,3053
146480,T20120002447,1/02/2012,111339,9155,14.15.00,1,Collision with vehicle,4,Wednesday,111,RIGHT FAR (INTERSECTIONS ONLY)               ,1,Day,2,2,1,0,0,1,1,Cross intersection,2,Hospitilisation,50,B,S ,Bicycle,S ,1,1,H,F,0,1,No control,9999,LITTLE TURNER,STREET,RICH,STREET,0,W,249384,I,YARRA,YARRA,-37.79976,144.99707,3067
146529,T20120002509,2/02/2012,111339,9155,09.00.00,1,Collision with vehicle,5,Thursday,163,VEHICLE STRIKES DOOR OF PARKED/STATIONARY VEHICLE      ,1,Day,2,3,1,0,0,2,1,T intersection,2,Hospitilisation,50,B,W ,Bicycle,W ,1,1,H,1,2,2,No control,9999,ALFRED,PLACE,COLLINS,STREET,0,S,223369,I,MELBOURNE,MELBOURNE,-37.81441,144.97024,3000
146624,T20120002624,3/02/2012,111339,9155,16.37.00,1,Collision with vehicle,6,Friday,160,VEHICLE COLLIDES WITH VEHICLE PARKED ON LEFT OF ROAD    ,1,Day,4,3,0,1,0,2,1,Not at intersection,3,Other Injury,60,D,E ,Bicycle,E ,1,1,H,F,2,2,No control,9999,ELGIN,STREET,DAVID,STREET,15,E,249396,N,MELBOURNE,MELBOURNE,-37.79764,144.97198,3053
146785,T20120002835,3/02/2012,111339,9155,17.00.00,5,collision with some other object,6,Friday,179,OTHER ACCIDENTS-OFF STRAIGHT NOT INCLUDED IN DCAs 170-175  ,1,Day,1,1,1,0,0,0,2,Cross intersection,2,Hospitilisation,50,A,W ,Bicycle,W ,1,1,H,F,2,2,Stop-go lights,9999,COLLINS,STREET,SWANSTON,STREET,0,E,29427,I,MELBOURNE,MELBOURNE,-37.81549,144.96654,3000
147374,T20120003521,3/02/2012,111339,9155,18.30.00,1,Collision with vehicle,6,Friday,119,OTHER ADJACENT (INTERSECTIONS ONLY)             ,1,Day,2,2,0,1,0,1,2,T intersection,3,Other Injury,999,A,N ,Bicycle,N ,1,1,H,F,2,2,No control,9999,TIN,ALLEY,PROFESSORS,ROAD,220,W,57442,I,MELBOURNE,MELBOURNE,-37.79598,144.9582,3052
146824,T20120002868,6/02/2012,111339,9155,08.53.00,1,Collision with vehicle,1,Monday,137,LEFT TURN SIDESWIPE                     ,1,Day,2,2,0,1,0,1,2,Cross intersection,3,Other Injury,50,B,S ,Bicycle,S ,1,1,H,F,2,1,Stop-go lights,9999,CARDIGAN,STREET,QUEENSBERRY,STREET,0,S,36317,I,MELBOURNE,MELBOURNE,-37.80473,144.96473,3053
146826,T20120002874,6/02/2012,111339,9155,17.10.00,8,No collision and no object struck,2,Monday,174,OUT OF CONTROL ON CARRIAGEWAY (ON STRAIGHT)         ,1,Day,2,2,0,1,0,1,1,Not at intersection,3,Other Injury,50,A,E ,Bicycle,E ,1,1,H,9,2,9,No control,9999,ALBERT,STREET,EADES,STREET,35,W,246022,N,MELBOURNE,MELBOURNE,-37.81008,144.98054,3002
146971,T20120003024,8/02/2012,111339,9155,08.20.00,1,Collision with vehicle,4,Wednesday,116,LEFT NEAR (INTERSECTIONS ONLY)               ,1,Day,2,2,0,1,0,1,1,T intersection,3,Other Injury,60,A,S ,Bicycle,E ,3,1,H,F,2,6,Stop sign,5103,WELLINGTON,PARADE,VALE,STREET,24,NW,37044,N,MELBOURNE,MELBOURNE,-37.81675,144.98774,3002
147079,T20120003154,9/02/2012,111339,9155,17.40.00,1,Collision with vehicle,5,Thursday,163,VEHICLE STRIKES DOOR OF PARKED/STATIONARY VEHICLE      ,1,Day,2,3,0,1,0,2,1,Not at intersection,3,Other Injury,50,B,N ,Bicycle,N ,7,7,H,F,0,1,Stop-go lights,5882,ST KILDA,ROAD,BURNLEY,TUNNEL,14,N,250368,N,MELBOURNE,MELBOURNE,-37.82482,144.9706,3006
147222,T20120003313,11/02/2012,111339,9155,14.50.00,1,Collision with vehicle,7,Saturday,110,CROSS TRAFFIC(INTERSECTIONS ONLY)              ,1,Day,2,2,0,1,0,1,1,Cross intersection,3,Other Injury,60,B,N ,Bicycle,N ,1,1,H,1,0,5,Stop sign,9999,ABBOTSFORD,STREET,CHAPMAN,STREET,0,S,36093,I,MELBOURNE,MELBOURNE,-37.79505,144.94688,3051
147257,T20120003360,11/02/2012,111339,9155,13.00.00,1,Collision with vehicle,7,Saturday,142,LEAVING PARKING                       ,1,Day,2,2,0,1,0,1,1,Not at intersection,3,Other Injury,40,B,S ,Bicycle,S ,1,1,H,5,2,1,No control,9999,NAPIER,STREET,KERR,STREET,34,S,249624,N,YARRA,YARRA,-37.79729,144.98093,3065
147315,T20120003440,11/02/2012,111339,9155,15.27.00,1,Collision with vehicle,7,Saturday,163,VEHICLE STRIKES DOOR OF PARKED/STATIONARY VEHICLE      ,1,Day,2,2,0,1,0,1,2,Not at intersection,3,Other Injury,50,A,W ,Bicycle,W ,1,1,H,F,1,1,No control,9999,CATHEDRAL,PLACE,PARLIAMENT,PLACE,41,E,251673,N,MELBOURNE,MELBOURNE,-37.81078,144.97604,3002
148028,T20120004287,11/02/2012,111339,9155,04.50.00,1,Collision with vehicle,7,Saturday,140,U TURN                           ,6,Dark Street lights unknown,2,2,0,1,0,1,2,Not at intersection,3,Other Injury,40,B,N ,Bicycle,N ,15,15,H,F,1,6,No control,9999,FLINDERS,STREET,GEM,PLACE,23,W,249922,N,MELBOURNE,MELBOURNE,-37.82068,144.95651,3000
148029,T20120004287,11/02/2012,111339,9155,04.50.00,1,Collision with vehicle,7,Saturday,140,U TURN                           ,6,Dark Street lights unknown,2,2,0,1,0,1,2,Not at intersection,3,Other Injury,40,B,N ,Bicycle,N ,15,15,H,F,1,6,No control,9999,FLINDERS,STREET,GEM,PLACE,23,W,249922,N,MELBOURNE,MELBOURNE,-37.82068,144.95651,3000
147308,T20120003432,13/02/2012,111339,9155,08.55.00,1,Collision with vehicle,1,Monday,133,LANE SIDE SWIPE (VEHICLES IN PARALLEL LANES)        ,1,Day,2,3,0,1,0,2,1,T intersection,3,Other Injury,60,B,S ,Bicycle,S ,1,1,H,1,2,1,No control,5499,CHURCH,STREET,GIBBONS,STREET,0,N,66474,I,YARRA,YARRA,-37.82869,144.99739,3121
147414,T20120003564,14/02/2012,111339,9155,19.15.00,1,Collision with vehicle,3,Tuesday,163,VEHICLE STRIKES DOOR OF PARKED/STATIONARY VEHICLE      ,1,Day,2,3,1,0,0,2,1,Not at intersection,2,Hospitilisation,50,B,W ,Bicycle,W ,1,1,H,F,2,6,No control,9999,FLINDERS,LANE,ROTHSAY,LANE,22,W,249589,N,MELBOURNE,MELBOURNE,-37.8171,144.96486,3000
147432,T20120003580,14/02/2012,111339,9155,21.00.00,1,Collision with vehicle,2,Tuesday,133,LANE SIDE SWIPE (VEHICLES IN PARALLEL LANES)        ,2,Dusk/Dawn,2,2,0,1,0,1,2,Not at intersection,3,Other Injury,60,B,SW,Bicycle,SW,1,1,H,4,1,9,No control,5035,DYNON,ROAD,RAILWAY,PLACE,100,SW,249610,N,MELBOURNE,MELBOURNE,-37.80597,144.94017,3003
147904,T20120004162,14/02/2012,111339,9155,18.30.00,1,Collision with vehicle,3,Tuesday,163,VEHICLE STRIKES DOOR OF PARKED/STATIONARY VEHICLE      ,1,Day,2,2,1,0,0,1,2,Cross intersection,2,Hospitilisation,999,B,S ,Bicycle,S ,1,1,H,F,2,9,No control,9999,BROMBY,STREET,ST KILDA,ROAD,34,E,250974,I,MELBOURNE,MELBOURNE,-37.83473,144.97492,3004
147443,T20120003592,15/02/2012,111339,9155,07.05.00,8,No collision and no object struck,4,Wednesday,174,OUT OF CONTROL ON CARRIAGEWAY (ON STRAIGHT)         ,1,Day,2,2,0,1,0,1,1,Not at intersection,3,Other Injury,50,A,NW,Bicycle,NW,1,18,H,N,2,1,No control,9999,HARBOUR,ESPLANADE,PALMYRA,WAY,17,NW,250562,N,MELBOURNE,MELBOURNE,-37.81319,144.94357,3008
147453,T20120003601,15/02/2012,111339,9155,08.59.00,1,Collision with vehicle,4,Wednesday,163,VEHICLE STRIKES DOOR OF PARKED/STATIONARY VEHICLE      ,1,Day,3,3,1,0,0,2,2,Not at intersection,2,Hospitilisation,50,C,S ,Bicycle,S ,1,1,H,F,2,3,No control,9999,RUSSELL,STREET,ARTEMIS,LANE,11,N,249618,N,MELBOURNE,MELBOURNE,-37.81026,144.96694,3000
147621,T20120003796,15/02/2012,111339,9155,18.05.00,1,Collision with vehicle,4,Wednesday,147,VEHICLE STRIKES ANOTHER VEH WHILE EMERGING FROM DRIVEWAY,1,Day,2,2,0,1,0,1,2,Not at intersection,3,Other Injury,999,B,NW,Bicycle,NW,1,1,H,1,2,2,No control,9999,CHAPMAN,STREET,AVIS,LANE,36,SE,249774,N,MELBOURNE,MELBOURNE,-37.79554,144.94753,3051
147563,T20120003731,16/02/2012,111339,9155,16.15.00,1,Collision with vehicle,5,Thursday,163,VEHICLE STRIKES DOOR OF PARKED/STATIONARY VEHICLE      ,1,Day,2,3,0,1,0,2,1,Not at intersection,3,Other Injury,50,B,N ,Bicycle,N ,1,1,H,F,9,1,No control,9999,SWANSTON,STREET,FLINDERS,LANE,11,S,249660,N,MELBOURNE,MELBOURNE,-37.81658,144.96703,3000
147635,T20120003808,16/02/2012,111339,9155,16.15.00,1,Collision with vehicle,5,Thursday,110,CROSS TRAFFIC(INTERSECTIONS ONLY)              ,1,Day,2,2,0,1,0,1,2,Cross intersection,3,Other Injury,50,B,E ,Bicycle,E ,1,1,H,R,2,1,Roundabout,9999,HOTHAM,STREET,POWLETT,STREET,0,E,65895,I,MELBOURNE,MELBOURNE,-37.81413,144.98558,3002
147648,T20120003823,17/02/2012,111339,9155,13.25.00,2,Struck Pedestrian,6,Friday,109,ANY MANOEUVRE INVOLVING PED NOT INCLUDED IN DCAs 100-108.  ,1,Day,1,2,0,1,0,1,2,T intersection,3,Other Injury,50,A,W ,Bicycle,W ,1,1,H,F,2,9,Ped. lights,9999,DEGRAVES,STREET,FLINDERS,STREET,0,N,36941,I,MELBOURNE,MELBOURNE,-37.81786,144.96603,3000
147649,T20120003823,17/02/2012,111339,9155,13.25.00,2,Struck Pedestrian,6,Friday,109,ANY MANOEUVRE INVOLVING PED NOT INCLUDED IN DCAs 100-108.  ,1,Day,1,2,0,1,0,1,2,T intersection,3,Other Injury,50,A,W ,Bicycle,W ,1,1,H,F,2,9,Ped. lights,9999,DEGRAVES,STREET,FLINDERS,STREET,0,N,36941,I,MELBOURNE,MELBOURNE,-37.81786,144.96603,3000
148749,T20120005074,18/02/2012,111339,9155,10.00.00,8,No collision and no object struck,7,Saturday,179,OTHER ACCIDENTS-OFF STRAIGHT NOT INCLUDED IN DCAs 170-175  ,1,Day,1,1,1,0,0,0,2,Not at intersection,2,Hospitilisation,50,A,E ,Bicycle,E ,7,7,H,N,2,6,No control,9999,DOMAIN,ROAD,MILLSWYN,STREET,49,E,250177,N,MELBOURNE,MELBOURNE,-37.83398,144.98127,3141
147784,T20120003989,19/02/2012,111339,9155,09.57.00,1,Collision with vehicle,0,Sunday,133,LANE SIDE SWIPE (VEHICLES IN PARALLEL LANES)        ,1,Day,2,2,0,1,0,1,1,Not at intersection,3,Other Injury,60,B,NW,Bicycle,NW,1,1,H,F,2,1,No control,5046,ELIZABETH,STREET,PELHAM,STREET,102,S,253491,N,MELBOURNE,MELBOURNE,-37.80269,144.95785,3000
147832,T20120004063,20/02/2012,111339,9155,07.35.00,1,Collision with vehicle,2,Monday,113,RIGHT NEAR (INTERSECTIONS ONLY)               ,1,Day,2,2,0,1,0,1,1,T intersection,3,Other Injury,50,B,S ,Bicycle,S ,1,1,H,F,2,1,Giveway sign,9999,CATHEDRAL,PLACE,PARLIAMENT,PLACE,0,W,249711,I,MELBOURNE,MELBOURNE,-37.81073,144.97559,3002
153489,T20120010701,22/02/2012,111339,9155,18.15.00,4,Collision with a fixed object,4,Wednesday,179,OTHER ACCIDENTS-OFF STRAIGHT NOT INCLUDED IN DCAs 170-175  ,1,Day,2,2,0,1,0,1,2,Not at intersection,3,Other Injury,60,A,S ,Bicycle,S ,1,6,H,9,0,6,No control,9999,SWANSTON,STREET,CARDIGAN,TERRACE,34,N,251750,N,MELBOURNE,MELBOURNE,-37.80555,144.96309,3053
148094,T20120004358,23/02/2012,111339,9155,10.18.00,1,Collision with vehicle,5,Thursday,137,LEFT TURN SIDESWIPE                     ,1,Day,2,2,0,1,0,1,1,Cross intersection,3,Other Injury,40,B,E ,Bicycle,E ,1,1,H,F,2,4,No control,9999,CAMBRIDGE,STREET,LANGRIDGE,STREET,0,S,36603,I,YARRA,YARRA,-37.80656,144.9852,3066
148169,T20120004437,23/02/2012,111339,9155,19.18.00,1,Collision with vehicle,5,Thursday,137,LEFT TURN SIDESWIPE                     ,1,Day,2,2,0,1,0,1,1,Cross intersection,3,Other Injury,40,B,N ,Bicycle,N ,1,1,H,F,2,6,No control,9999,BRUNSWICK,STREET,LEICESTER,STREET,0,N,36490,I,YARRA,YARRA,-37.79536,144.97897,3065
148155,T20120004428,24/02/2012,111339,9155,08.45.00,1,Collision with vehicle,6,Friday,121,RIGHT THROUGH                        ,1,Day,2,2,0,1,0,1,1,T intersection,3,Other Injury,60,B,S ,Bicycle,S ,1,1,H,1,2,1,No control,5065,PEEL,STREET,PRINCESS,STREET,0,S,36215,I,MELBOURNE,MELBOURNE,-37.80493,144.95615,3051
148638,T20120004936,29/02/2012,111339,9155,08.30.00,1,Collision with vehicle,4,Wednesday,121,RIGHT THROUGH                        ,1,Day,2,2,0,1,0,1,1,T intersection,3,Other Injury,50,B,S ,Bicycle,S ,1,1,H,F,2,2,No control,9999,WILLIAM,STREET,ABECKETT,STREET,0,N,36847,I,MELBOURNE,MELBOURNE,-37.81067,144.95594,3003
148819,T20120005162,2/03/2012,111339,9155,15.50.00,1,Collision with vehicle,6,Friday,110,CROSS TRAFFIC(INTERSECTIONS ONLY)              ,1,Day,2,2,0,1,0,1,1,Cross intersection,3,Other Injury,50,B,S ,Bicycle,S ,1,13,H,F,0,1,Stop-go lights,5041,KING,STREET,LITTLE COLLINS,STREET,0,S,36852,I,MELBOURNE,MELBOURNE,-37.81737,144.95618,3000
148838,T20120005178,2/03/2012,111339,9155,18.20.00,1,Collision with vehicle,6,Friday,163,VEHICLE STRIKES DOOR OF PARKED/STATIONARY VEHICLE      ,1,Day,2,3,0,1,0,2,1,Not at intersection,3,Other Injury,60,B,E ,Bicycle,E ,1,7,H,F,2,1,No control,5287,OLYMPIC,BOULEVARD,PUNT,ROAD,423,W,250095,N,MELBOURNE,MELBOURNE,-37.82403,144.98415,3004
148841,T20120005181,2/03/2012,111339,9155,16.00.00,1,Collision with vehicle,6,Friday,149,OTHER MANOEUVRING NOT INCLUDED IN DCAs 140-148       ,1,Day,2,2,0,1,0,1,1,Not at intersection,3,Other Injury,50,B,N ,Bicycle,N ,1,1,H,F,2,1,No control,9999,COLLINS,STREET,COLLINS,PLACE,23,E,250098,N,MELBOURNE,MELBOURNE,-37.81349,144.97336,3000
149068,T20120005488,2/03/2012,111339,9155,18.15.00,1,Collision with vehicle,6,Friday,163,VEHICLE STRIKES DOOR OF PARKED/STATIONARY VEHICLE      ,1,Day,2,2,0,1,0,1,2,Not at intersection,3,Other Injury,60,C,W ,Bicycle,W ,1,1,H,F,0,2,No control,5083,VICTORIA,PARADE,EADES,STREET,96,W,251372,N,MELBOURNE,MELBOURNE,-37.80887,144.98004,3002
149014,T20120005423,5/03/2012,111339,9155,18.05.00,1,Collision with vehicle,2,Monday,163,VEHICLE STRIKES DOOR OF PARKED/STATIONARY VEHICLE      ,1,Day,2,4,0,1,0,3,1,T intersection,3,Other Injury,50,B,N ,Bicycle,N ,1,1,H,1,2,6,No control,5061,SPENCER,STREET,BOURKE,STREET,0,S,29415,I,MELBOURNE,MELBOURNE,-37.81709,144.95324,3008
149015,T20120005423,5/03/2012,111339,9155,18.05.00,1,Collision with vehicle,2,Monday,163,VEHICLE STRIKES DOOR OF PARKED/STATIONARY VEHICLE      ,1,Day,2,4,0,1,0,3,1,T intersection,3,Other Injury,50,B,N ,Bicycle,N ,1,1,H,1,2,6,No control,5061,SPENCER,STREET,BOURKE,STREET,0,S,29415,I,MELBOURNE,MELBOURNE,-37.81709,144.95324,3008
149293,T20120005713,8/03/2012,111339,9155,18.45.00,1,Collision with vehicle,5,Thursday,121,RIGHT THROUGH                        ,2,Dusk/Dawn,2,3,0,1,0,2,2,Cross intersection,3,Other Injury,40,B,E ,Bicycle,E ,1,1,H,F,2,5,No control,5898,TOORAK,ROAD,TIVOLI,ROAD,0,W,37729,I,STONNINGTON,STONNINGTON,-37.8398,144.99811,3141
149811,T20120006330,9/03/2012,111339,9155,16.20.00,1,Collision with vehicle,6,Friday,137,LEFT TURN SIDESWIPE                     ,1,Day,2,2,0,1,0,1,1,T intersection,3,Other Injury,50,A,E ,Bicycle,E ,1,1,H,F,2,1,No control,9999,ALBERT,STREET,GOTCH,LANE,0,E,250541,I,MELBOURNE,MELBOURNE,-37.81063,144.98552,3002
149548,T20120006060,12/03/2012,111339,9155,16.25.00,1,Collision with vehicle,2,Monday,163,VEHICLE STRIKES DOOR OF PARKED/STATIONARY VEHICLE      ,1,Day,2,3,2,0,0,1,1,Not at intersection,2,Hospitilisation,50,B,N ,Bicycle,N ,1,1,H,F,9,1,No control,9999,ST KILDA,ROAD,SWANSTON,STREET,0,N,1412,N,MELBOURNE,MELBOURNE,-37.81872,144.96802,3000
150199,T20120006800,12/03/2012,111339,9155,14.15.00,8,No collision and no object struck,2,Monday,174,OUT OF CONTROL ON CARRIAGEWAY (ON STRAIGHT)         ,1,Day,1,1,0,1,0,0,2,Cross intersection,3,Other Injury,50,A,W ,Bicycle,W ,1,1,H,F,2,1,Stop-go lights,9999,FLINDERS,LANE,WILLIAM,STREET,0,E,35354,I,MELBOURNE,MELBOURNE,-37.81862,144.95956,3000