,ACCIDENT_NO,ACCIDENTDATE,CYCLISTS,CYCLISTS_COUNT_LS,ACCIDENTTIME,ACCIDENT_TYPE,ACCIDENT_TYPE_DESC,DAY_OF_WEEK,DAY_WEEK_DESC,DCA_CODE,DCA Description,LIGHT_CONDITION,LIGHT_CONDITION_DEC,NO_OF_VEHICLES,NO_PERSONS,NO_PERSONS_INJ_2,NO_PERSONS_INJ_3,NO_PERSONS_KILLED,NO_PERSONS_NOT_INJ,POLICE_ATTEND,ROAD_GEOMETRY_DESC,SEVERITY,SEVERITY_DESC,SPEED_ZONE,VEHICLE_ID,INITIAL_DIRECTION,Vehicle Type Desc,FINAL_DIRECTION,DRIVER_INTENT,VEHICLE_MOVEMENT,TRAILER_TYPE,INITIAL_IMPACT,LAMPS,LEVEL_OF_DAMAGE,TRAFFIC_CONTROL_DESC,ROAD_ROUTE_1,ROAD_NAME,ROAD_TYPE,ROAD_NAME_INT,ROAD_TYPE_INT,DISTANCE_LOCATION,DIRECTION_LOCATION,NODE_ID,NODE_TYPE,LGA_NAME,Lga Name All,Lat,Long,Postcode No
149575,T20120006089,13/03/2012,111339,9155,11.30.00,1,Collision with vehicle,3,Tuesday,143,ENTERING PARKING                      ,1,Day,2,2,0,1,0,1,1,Not at intersection,3,Other Injury,70,B,S ,Bicycle,S ,1,1,H,F,2,3,No control,2080,HODDLE,STREET,YARRA,STREET,12,S,250318,N,YARRA,YARRA,-37.80195,144.99263,3067
149585,T20120006103,13/03/2012,111339,9155,07.35.00,1,Collision with vehicle,3,Tuesday,121,RIGHT THROUGH                        ,1,Day,2,2,0,1,0,1,1,T intersection,3,Other Injury,60,B,S ,Bicycle,S ,1,1,H,F,2,3,No control,5065,PEEL,STREET,PRINCESS,STREET,0,S,36215,I,MELBOURNE,MELBOURNE,-37.80493,144.95615,3051
149708,T20120006224,14/03/2012,111339,9155,17.02.00,1,Collision with vehicle,4,Wednesday,133,LANE SIDE SWIPE (VEHICLES IN PARALLEL LANES)        ,1,Day,3,4,1,0,0,3,1,T intersection,2,Hospitilisation,40,C,S ,Bicycle,S ,1,1,H,F,2,5,No control,9999,SMITH,STREET,CHARLES,STREET,0,S,36570,I,YARRA,YARRA,-37.80346,144.9835,3066
149823,T20120006336,14/03/2012,111339,9155,19.00.00,1,Collision with vehicle,4,Wednesday,163,VEHICLE STRIKES DOOR OF PARKED/STATIONARY VEHICLE      ,1,Day,2,2,0,2,0,0,2,Not at intersection,3,Other Injury,50,B,NE,Bicycle,NE,1,1,H,5,2,1,No control,9999,COLLINS,STREET,MANCHESTER,LANE,33,W,250550,N,MELBOURNE,MELBOURNE,-37.81583,144.9654,3000
149782,T20120006296,15/03/2012,111339,9155,14.13.00,8,No collision and no object struck,5,Thursday,174,OUT OF CONTROL ON CARRIAGEWAY (ON STRAIGHT)         ,1,Day,1,1,0,1,0,0,1,Cross intersection,3,Other Injury,40,A,E ,Bicycle,N ,3,3,H,N,2,1,No control,9999,ARGYLE,STREET,SMITH,STREET,0,E,250680,I,YARRA,YARRA,-37.79816,144.98441,3066
150756,T20120007466,16/03/2012,111339,9155,17.30.00,8,No collision and no object struck,6,Friday,174,OUT OF CONTROL ON CARRIAGEWAY (ON STRAIGHT)         ,1,Day,1,1,1,0,0,0,2,Not at intersection,2,Hospitilisation,40,A,W ,Bicycle,W ,1,6,H,F,2,6,No control,5948,VICTORIA,STREET,LITTLE CHARLES,STREET,33,E,250891,N,YARRA,YARRA,-37.81005,144.99564,3121
149966,T20120006536,17/03/2012,111339,9155,17.45.00,1,Collision with vehicle,7,Saturday,140,U TURN                           ,1,Day,2,3,0,1,0,2,1,Not at intersection,3,Other Injury,50,B,SW,Bicycle,SW,1,1,H,5,2,6,No control,5128,ALBERT,ROAD,CLARENDON,STREET,92,SW,250538,N,PORT PHILLIP,PORT PHILLIP,-37.83959,144.96254,3206
149998,T20120006559,18/03/2012,111339,9155,18.00.00,1,Collision with vehicle,1,Sunday,130,REAR END(VEHICLES IN SAME LANE)               ,1,Day,2,3,0,1,0,2,1,Cross intersection,3,Other Injury,50,B,NW,Bicycle,NW,1,1,H,R,2,1,Stop-go lights,5046,ELIZABETH,STREET,VICTORIA,STREET,0,S,36230,I,MELBOURNE,MELBOURNE,-37.80629,144.9595,3000
150063,T20120006633,19/03/2012,111339,9155,15.31.00,1,Collision with vehicle,2,Monday,163,VEHICLE STRIKES DOOR OF PARKED/STATIONARY VEHICLE      ,1,Day,2,2,1,0,0,1,1,Cross intersection,2,Hospitilisation,40,A,N ,Bicycle,N ,1,1,H,8,2,1,No control,9999,ARGYLE,STREET,BRUNSWICK,STREET,0,E,36496,I,YARRA,YARRA,-37.79754,144.9786,3065
150140,T20120006716,20/03/2012,111339,9155,07.15.00,1,Collision with vehicle,3,Tuesday,134,LANE CHANGE RIGHT (NOT OVERTAKING)             ,1,Day,2,2,0,1,0,1,1,Cross intersection,3,Other Injury,60,A,NE,Bicycle,NE,1,1,H,1,1,1,No control,5325,CITY,ROAD,MORAY,STREET,0,SW,57475,I,MELBOURNE,MELBOURNE,-37.82598,144.96007,3006
150219,T20120006818,20/03/2012,111339,9155,18.20.00,1,Collision with vehicle,3,Tuesday,139,OTHER SAME DIRECTION-MANOUEVRES NOT INCLUDED IN DCAs 130-137,1,Day,2,2,0,1,0,1,2,Multiple intersection,3,Other Injury,50,B,NE,Bicycle,NE,1,1,H,F,2,2,Roundabout,5046,ELIZABETH,STREET,PEEL,STREET,0,S,47919,I,MELBOURNE,MELBOURNE,-37.80155,144.95688,3000
150229,T20120006834,21/03/2012,111339,9155,06.50.00,1,Collision with vehicle,3,Wednesday,133,LANE SIDE SWIPE (VEHICLES IN PARALLEL LANES)        ,3,Dark Street lights on,2,2,0,1,0,1,2,Cross intersection,3,Other Injury,60,B,SE,Bicycle,SE,1,1,H,1,1,1,No control,2240,ALEXANDRA,AVENUE,ST KILDA,ROAD,0,W,253516,N,MELBOURNE,MELBOURNE,-37.82072,144.96894,3006
150969,T20120007720,21/03/2012,111339,9155,12.27.00,1,Collision with vehicle,3,Wednesday,133,LANE SIDE SWIPE (VEHICLES IN PARALLEL LANES)        ,1,Day,2,2,0,1,0,1,2,Cross intersection,3,Other Injury,50,B,S ,Bicycle,S ,1,1,H,1,2,1,No control,9999,ELIZABETH,STREET,LONSDALE,STREET,0,N,35355,I,MELBOURNE,MELBOURNE,-37.81228,144.96226,3000
150400,T20120007034,22/03/2012,111339,9155,17.30.00,1,Collision with vehicle,5,Thursday,135,LANE CHANGE LEFT (NOT OVERTAKING)              ,1,Day,2,2,1,0,0,1,1,Not at intersection,2,Hospitilisation,50,B,SE,Bicycle,SE,1,1,H,F,2,1,No control,9999,CECIL,STREET,JAMES SERVICE,PLACE,18,S,250633,N,PORT PHILLIP,PORT PHILLIP,-37.83776,144.95995,3205
150541,T20120007211,22/03/2012,111339,9155,10.30.00,1,Collision with vehicle,5,Thursday,121,RIGHT THROUGH                        ,1,Day,2,2,0,1,0,1,2,Cross intersection,3,Other Injury,60,B,N ,Bicycle,N ,1,1,H,1,2,1,Unknown,9999,GERTRUDE,STREET,NAPIER,STREET,0,W,36510,I,YARRA,YARRA,-37.80598,144.97945,3065
150389,T20120007023,23/03/2012,111339,9155,09.00.00,1,Collision with vehicle,6,Friday,163,VEHICLE STRIKES DOOR OF PARKED/STATIONARY VEHICLE      ,1,Day,2,3,0,1,0,2,2,Not at intersection,3,Other Injury,50,A,E ,Bicycle,E ,1,1,H,F,2,2,No control,9999,GRATTAN,STREET,BARRY,STREET,30,E,250629,N,MELBOURNE,MELBOURNE,-37.80002,144.96025,3053
151351,T20120008138,23/03/2012,111339,9155,17.00.00,1,Collision with vehicle,6,Friday,121,RIGHT THROUGH                        ,1,Day,2,2,0,1,0,1,2,T intersection,3,Other Injury,60,B,N ,Bicycle,N ,1,1,H,F,2,1,No control,9999,OTTER,STREET,WELLINGTON,STREET,0,W,36628,I,YARRA,YARRA,-37.80102,144.98703,3066
150616,T20120007285,24/03/2012,111339,9155,16.41.00,1,Collision with vehicle,7,Saturday,163,VEHICLE STRIKES DOOR OF PARKED/STATIONARY VEHICLE      ,1,Day,2,2,1,0,0,1,1,T intersection,2,Hospitilisation,40,B,E ,Bicycle,E ,1,1,H,5,2,6,No control,5285,BRIDGE,ROAD,LEIGH,PLACE,0,W,66053,I,YARRA,YARRA,-37.81801,144.99407,3121
150690,T20120007397,28/03/2012,111339,9155,15.05.00,2,Struck Pedestrian,4,Wednesday,101,PED EMERGES FROM IN FRONT OF PARKED OR STATIONARY VEHICLE  ,1,Day,1,2,0,2,0,0,1,T intersection,3,Other Injury,40,A,S ,Bicycle,S ,1,1,H,F,2,1,No control,9999,PELHAM,STREET,RATHDOWNE,STREET,0,W,36379,I,MELBOURNE,MELBOURNE,-37.80314,144.96955,3053
151082,T20120007832,28/03/2012,111339,9155,06.15.00,1,Collision with vehicle,4,Wednesday,148,VEHICLE OFF FOOTPATH STRIKES VEH ON CARRIAGEWAY,2,Dusk/Dawn,2,2,1,0,0,1,1,Not at intersection,2,Hospitilisation,60,B,W ,Bicycle,W ,1,1,H,F,2,2,Stop-go lights,9999,QUEENS BRIDGE,STREET,SOUTHBANK,PROMENADE BIKE,6,S,250829,N,MELBOURNE,MELBOURNE,-37.82104,144.96139,3006
150808,T20120007539,29/03/2012,111339,9155,18.25.00,1,Collision with vehicle,5,Thursday,121,RIGHT THROUGH                        ,2,Dusk/Dawn,2,2,0,1,0,1,2,T intersection,3,Other Injury,999,A,NW,Bicycle,NW,1,1,H,F,9,4,No control,5041,KING,STREET,BATMAN,STREET,0,S,36827,I,MELBOURNE,MELBOURNE,-37.81034,144.95293,3003
151007,T20120007762,29/03/2012,111339,9155,12.05.00,1,Collision with vehicle,5,Thursday,116,LEFT NEAR (INTERSECTIONS ONLY)               ,1,Day,2,2,0,1,0,1,2,Multiple intersection,3,Other Injury,50,B,S ,Bicycle,S ,1,1,H,F,0,1,Giveway sign,9999,FRANKLIN,STREET,QUEEN,STREET,0,SW,250803,I,MELBOURNE,MELBOURNE,-37.80869,144.95781,3000
151144,T20120007883,29/03/2012,111339,9155,00.30.00,1,Collision with vehicle,5,Thursday,142,LEAVING PARKING                       ,9,Unknown,2,2,1,0,0,1,2,Not at intersection,2,Hospitilisation,999,B,S ,Bicycle,S ,1,1,H,F,9,2,No control,9999,ERROL,STREET,PURCELL,STREET,14,S,253194,N,MELBOURNE,MELBOURNE,-37.80243,144.94973,3051
150829,T20120007551,30/03/2012,111339,9155,12.00.00,1,Collision with vehicle,6,Friday,130,REAR END(VEHICLES IN SAME LANE)               ,1,Day,2,2,0,1,0,1,2,Not at intersection,3,Other Injury,50,B,SW,Bicycle,SW,1,1,H,F,2,1,No control,9999,COLLINS,STREET,SPORTSGIRL,COURT,18,E,251465,N,MELBOURNE,MELBOURNE,-37.81563,144.96607,3000
150835,T20120007555,30/03/2012,111339,9155,07.35.00,1,Collision with vehicle,6,Friday,163,VEHICLE STRIKES DOOR OF PARKED/STATIONARY VEHICLE      ,1,Day,2,2,0,2,0,0,2,Cross intersection,3,Other Injury,40,B,E ,Bicycle,E ,1,1,H,5,2,9,Unknown,9999,EXHIBITION,STREET,LONSDALE,STREET,0,N,36966,I,MELBOURNE,MELBOURNE,-37.81013,144.96966,3000
151056,T20120007812,30/03/2012,111339,9155,17.15.00,1,Collision with vehicle,6,Friday,163,VEHICLE STRIKES DOOR OF PARKED/STATIONARY VEHICLE      ,1,Day,2,3,1,0,0,2,2,Not at intersection,2,Hospitilisation,50,B,W ,Bicycle,W ,1,1,H,1,2,9,No control,9999,LA TROBE,STREET,ELIZABETH,STREET,48,E,250821,N,MELBOURNE,MELBOURNE,-37.81017,144.96187,3000
151057,T20120007812,30/03/2012,111339,9155,17.15.00,1,Collision with vehicle,6,Friday,163,VEHICLE STRIKES DOOR OF PARKED/STATIONARY VEHICLE      ,1,Day,2,3,1,0,0,2,2,Not at intersection,2,Hospitilisation,50,B,W ,Bicycle,W ,1,1,H,1,2,9,No control,9999,LA TROBE,STREET,ELIZABETH,STREET,48,E,250821,N,MELBOURNE,MELBOURNE,-37.81017,144.96187,3000
151154,T20120007896,30/03/2012,111339,9155,12.50.00,2,Struck Pedestrian,6,Friday,100,PED NEAR SIDE. PED HIT BY VEHICLE FROM THE RIGHT.      ,1,Day,1,2,0,1,0,1,2,Cross intersection,3,Other Injury,50,A,S ,Bicycle,S ,1,1,H,F,2,1,Stop-go lights,9999,LONSDALE,STREET,SWANSTON,STREET,0,E,35363,I,MELBOURNE,MELBOURNE,-37.81156,144.96473,3000
151690,T20120008569,31/03/2012,111339,9155,18.40.00,1,Collision with vehicle,7,Saturday,163,VEHICLE STRIKES DOOR OF PARKED/STATIONARY VEHICLE      ,6,Dark Street lights unknown,2,3,1,0,0,2,2,Not at intersection,2,Hospitilisation,50,B,NE,Bicycle,NE,1,1,H,1,1,1,No control,9999,RUSSELL,STREET,LITTLE LONSDALE,STREET,37,N,251121,N,MELBOURNE,MELBOURNE,-37.80954,144.96661,3000
154197,T20120011502,1/04/2012,111339,9155,17.30.00,1,Collision with vehicle,1,Sunday,130,REAR END(VEHICLES IN SAME LANE)               ,1,Day,2,2,0,1,0,1,2,Cross intersection,3,Other Injury,50,B,S ,Bicycle,S ,1,1,H,4,2,1,Stop-go lights,9999,BOURKE,STREET,ELIZABETH,STREET,0,E,35359,I,MELBOURNE,MELBOURNE,-37.81425,144.96316,3000
151193,T20120007952,4/04/2012,111339,9155,09.45.00,1,Collision with vehicle,4,Wednesday,143,ENTERING PARKING                      ,1,Day,2,2,0,1,0,1,2,T intersection,3,Other Injury,40,B,S ,Bicycle,S ,1,1,H,F,2,5,No control,9999,ARGYLE,PLACE,LYGON,STREET,0,W,35317,I,MELBOURNE,MELBOURNE,-37.8021,144.96669,3053
151258,T20120008044,5/04/2012,111339,9155,08.50.00,8,No collision and no object struck,5,Thursday,174,OUT OF CONTROL ON CARRIAGEWAY (ON STRAIGHT)         ,1,Day,2,2,0,2,0,0,1,Cross intersection,3,Other Injury,30,A,N ,Bicycle,N ,7,7,H,F,2,6,Other,9999,BOURKE,STREET,SWANSTON,STREET,0,E,229,I,MELBOURNE,MELBOURNE,-37.81353,144.96563,3000
151259,T20120008044,5/04/2012,111339,9155,08.50.00,8,No collision and no object struck,5,Thursday,174,OUT OF CONTROL ON CARRIAGEWAY (ON STRAIGHT)         ,1,Day,2,2,0,2,0,0,1,Cross intersection,3,Other Injury,30,B,N ,Bicycle,N ,17,17,H,5,2,6,Other,9999,BOURKE,STREET,SWANSTON,STREET,0,E,229,I,MELBOURNE,MELBOURNE,-37.81353,144.96563,3000
151311,T20120008092,5/04/2012,111339,9155,16.15.00,8,No collision and no object struck,5,Thursday,174,OUT OF CONTROL ON CARRIAGEWAY (ON STRAIGHT)         ,1,Day,1,1,1,0,0,0,1,Not at intersection,2,Hospitilisation,30,A,S ,Bicycle,S ,1,1,H,F,0,1,No control,9999,SWANSTON,STREET,FLINDERS,LANE,34,S,75142,N,MELBOURNE,MELBOURNE,-37.81678,144.96712,3000
152550,T20120009603,5/04/2012,111339,9155,07.50.00,1,Collision with vehicle,5,Thursday,137,LEFT TURN SIDESWIPE                     ,1,Day,2,2,0,1,0,1,2,T intersection,3,Other Injury,50,B,W ,Bicycle,W ,1,1,H,F,2,1,No control,9999,LITTLE COLLINS,STREET,MCCRACKENS,LANE,0,W,251439,I,MELBOURNE,MELBOURNE,-37.8171,144.95709,3000
152621,T20120009679,5/04/2012,111339,9155,07.55.00,1,Collision with vehicle,5,Thursday,132,RIGHT REAR.                         ,1,Day,2,2,1,0,0,1,2,Cross intersection,2,Hospitilisation,40,A,S ,Bicycle,W ,2,2,H,8,2,5,No control,9999,CANNING,STREET,PALMERSTON,STREET,0,S,36400,I,MELBOURNE,MELBOURNE,-37.79657,144.97309,3053
151633,T20120008497,10/04/2012,111339,9155,17.30.00,1,Collision with vehicle,2,Tuesday,133,LANE SIDE SWIPE (VEHICLES IN PARALLEL LANES)        ,2,Dusk/Dawn,2,2,0,1,0,1,2,Not at intersection,3,Other Injury,999,A,S ,Bicycle,S ,1,1,H,4,1,2,No control,5882,ST KILDA,ROAD,BURNLEY,TUNNEL,87,N,251265,N,MELBOURNE,MELBOURNE,-37.82415,144.97051,3006
151671,T20120008548,12/04/2012,111339,9155,08.20.00,1,Collision with vehicle,5,Thursday,137,LEFT TURN SIDESWIPE                     ,1,Day,2,3,1,0,0,2,1,Cross intersection,2,Hospitilisation,50,B,E ,Bicycle,E ,1,1,H,1,2,6,No control,9999,LANGRIDGE,STREET,OXFORD,STREET,0,W,36573,I,YARRA,YARRA,-37.80652,144.98432,3066
151676,T20120008550,12/04/2012,111339,9155,08.00.00,1,Collision with vehicle,5,Thursday,121,RIGHT THROUGH                        ,1,Day,2,2,0,1,0,1,1,Cross intersection,3,Other Injury,50,B,W ,Bicycle,W ,1,1,H,F,2,1,Stop-go lights,5061,SPENCER,STREET,LA TROBE,STREET,0,S,65851,I,MELBOURNE,MELBOURNE,-37.81317,144.95144,3008
151677,T20120008550,12/04/2012,111339,9155,08.00.00,1,Collision with vehicle,5,Thursday,121,RIGHT THROUGH                        ,1,Day,2,2,0,1,0,1,1,Cross intersection,3,Other Injury,50,B,W ,Bicycle,W ,1,1,H,F,2,1,Stop-go lights,5061,SPENCER,STREET,LA TROBE,STREET,0,S,65851,I,MELBOURNE,MELBOURNE,-37.81317,144.95144,3008
151717,T20120008616,12/04/2012,111339,9155,17.59.00,1,Collision with vehicle,5,Thursday,135,LANE CHANGE LEFT (NOT OVERTAKING)              ,2,Dusk/Dawn,2,2,1,0,0,1,1,Cross intersection,2,Hospitilisation,50,B,N ,Bicycle,N ,1,1,H,F,1,2,Stop-go lights,9999,ELGIN,STREET,RATHDOWNE,STREET,0,W,36370,I,MELBOURNE,MELBOURNE,-37.79748,144.97049,3053
151827,T20120008746,14/04/2012,111339,9155,11.37.00,1,Collision with vehicle,7,Saturday,142,LEAVING PARKING                       ,1,Day,2,4,1,0,0,3,1,Not at intersection,2,Hospitilisation,40,B,E ,Bicycle,E ,1,1,H,5,0,5,No control,5285,BRIDGE,ROAD,CHURCH,STREET,22,E,78156,N,YARRA,YARRA,-37.81859,144.99942,3121
151960,T20120008921,16/04/2012,111339,9155,13.36.00,1,Collision with vehicle,2,Monday,147,VEHICLE STRIKES ANOTHER VEH WHILE EMERGING FROM DRIVEWAY,1,Day,2,2,0,1,0,1,1,Cross intersection,3,Other Injury,60,B,W ,Bicycle,W ,1,1,H,1,0,3,No control,9999,CLARKE,STREET,MARKET,STREET,0,S,36908,I,PORT PHILLIP,PORT PHILLIP,-37.82932,144.96028,3205
152005,T20120008974,16/04/2012,111339,9155,15.20.00,1,Collision with vehicle,2,Monday,163,VEHICLE STRIKES DOOR OF PARKED/STATIONARY VEHICLE      ,1,Day,2,2,0,1,0,1,1,T intersection,3,Other Injury,40,B,N ,Bicycle,N ,1,1,H,5,2,2,No control,9999,PERRY,STREET,SMITH,STREET,0,E,65245,I,YARRA,YARRA,-37.79983,144.98412,3066
152015,T20120008982,16/04/2012,111339,9155,19.00.00,1,Collision with vehicle,2,Monday,137,LEFT TURN SIDESWIPE                     ,3,Dark Street lights on,2,2,0,1,0,1,2,Cross intersection,3,Other Injury,60,B,W ,Bicycle,W ,1,1,H,F,9,2,Stop-go lights,5066,DRYBURGH,STREET,QUEENSBERRY,STREET,0,S,36085,I,MELBOURNE,MELBOURNE,-37.80239,144.94361,3051
152024,T20120008996,17/04/2012,111339,9155,11.56.00,1,Collision with vehicle,3,Tuesday,139,OTHER SAME DIRECTION-MANOUEVRES NOT INCLUDED IN DCAs 130-137,1,Day,2,2,0,1,0,1,1,T intersection,3,Other Injury,60,B,S ,Bicycle,NK,99,18,H,1,2,1,No control,5083,VICTORIA,PARADE,CAMBRIDGE,STREET,0,W,57453,I,YARRA,YARRA,-37.80895,144.98479,3066
152252,T20120009233,17/04/2012,111339,9155,15.55.00,1,Collision with vehicle,3,Tuesday,137,LEFT TURN SIDESWIPE                     ,1,Day,2,2,0,1,0,1,2,Cross intersection,3,Other Injury,50,B,E ,Bicycle,E ,99,1,H,F,2,9,No control,9999,LANGRIDGE,STREET,OXFORD,STREET,0,W,36573,I,YARRA,YARRA,-37.80652,144.98432,3066
152106,T20120009080,18/04/2012,111339,9155,09.10.00,1,Collision with vehicle,4,Wednesday,136,RIGHT TURN SIDESWIPE                    ,1,Day,2,3,1,0,0,2,1,Cross intersection,2,Hospitilisation,50,A,S ,Bicycle,S ,1,1,H,9,2,1,Stop-go lights,9999,ABECKETT,STREET,ELIZABETH,STREET,0,E,36882,I,MELBOURNE,MELBOURNE,-37.80925,144.96087,3000
152161,T20120009149,18/04/2012,111339,9155,20.30.00,1,Collision with vehicle,3,Wednesday,133,LANE SIDE SWIPE (VEHICLES IN PARALLEL LANES)        ,3,Dark Street lights on,2,2,0,1,0,1,1,Multiple intersection,3,Other Injury,50,B,NW,Bicycle,NW,1,1,H,1,2,1,Stop-go lights,5046,ELIZABETH,STREET,PELHAM,STREET,0,S,53184,I,MELBOURNE,MELBOURNE,-37.80181,144.95745,3000
152163,T20120009150,18/04/2012,111339,9155,20.48.00,1,Collision with vehicle,4,Wednesday,135,LANE CHANGE LEFT (NOT OVERTAKING)              ,9,Unknown,2,2,0,1,0,1,2,Not at intersection,3,Other Injury,999,B,N ,Bicycle,N ,6,6,H,1,0,1,No control,5499,CHURCH,STREET,BRIDGE,ROAD,40,S,253804,N,YARRA,YARRA,-37.81894,144.99911,3121
152236,T20120009219,19/04/2012,111339,9155,09.55.00,1,Collision with vehicle,5,Thursday,163,VEHICLE STRIKES DOOR OF PARKED/STATIONARY VEHICLE      ,1,Day,2,2,0,1,0,1,1,Not at intersection,3,Other Injury,60,B,W ,Bicycle,W ,1,1,H,F,0,3,No control,5838,WILLIAMSTOWN,ROAD,PAGE,AVENUE,47,E,251445,N,PORT PHILLIP,PORT PHILLIP,-37.83438,144.92809,3207
152581,T20120009633,24/04/2012,111339,9155,07.26.00,1,Collision with vehicle,3,Tuesday,110,CROSS TRAFFIC(INTERSECTIONS ONLY)              ,4,Dark Street lights off,2,2,1,0,0,1,1,Cross intersection,2,Hospitilisation,60,B,SE,Bicycle,SE,1,1,H,5,2,1,Stop-go lights,5044,FLEMINGTON,ROAD,GRATTAN,STREET,0,SE,35304,I,MELBOURNE,MELBOURNE,-37.79965,144.95503,3051
152583,T20120009636,24/04/2012,111339,9155,08.55.00,1,Collision with vehicle,3,Tuesday,110,CROSS TRAFFIC(INTERSECTIONS ONLY)              ,1,Day,2,2,1,0,0,1,1,Cross intersection,2,Hospitilisation,40,B,W ,Bicycle,W ,1,1,H,F,2,3,Giveway sign,9999,LANGRIDGE,STREET,RUPERT,STREET,0,W,65586,I,YARRA,YARRA,-37.80688,144.989,3066
152774,T20120009884,26/04/2012,111339,9155,18.34.00,1,Collision with vehicle,5,Thursday,135,LANE CHANGE LEFT (NOT OVERTAKING)              ,3,Dark Street lights on,2,2,0,1,0,1,1,T intersection,3,Other Injury,40,B,N ,Bicycle,N ,1,1,H,R,1,4,No control,9999,BRUNSWICK,STREET,KING WILLIAM,STREET,0,N,36464,I,YARRA,YARRA,-37.80234,144.97778,3065
154205,T20120011512,26/04/2012,111339,9155,16.15.00,1,Collision with vehicle,5,Thursday,163,VEHICLE STRIKES DOOR OF PARKED/STATIONARY VEHICLE      ,1,Day,2,2,0,1,0,1,2,Not at intersection,3,Other Injury,60,A,N ,Bicycle,N ,1,1,H,5,2,1,No control,5882,ST KILDA,ROAD,COVENTRY,STREET,18,S,251921,N,MELBOURNE,MELBOURNE,-37.82882,144.97133,3006
152848,T20120009962,27/04/2012,111339,9155,16.35.00,1,Collision with vehicle,6,Friday,121,RIGHT THROUGH                        ,1,Day,2,2,0,1,0,1,1,T intersection,3,Other Injury,60,B,SW,Bicycle,SW,1,1,H,F,2,1,No control,9999,EXPLORATION,LANE,LA TROBE,STREET,0,N,65647,I,MELBOURNE,MELBOURNE,-37.80839,144.96796,3000
152849,T20120009962,27/04/2012,111339,9155,16.35.00,1,Collision with vehicle,6,Friday,121,RIGHT THROUGH                        ,1,Day,2,2,0,1,0,1,1,T intersection,3,Other Injury,60,B,SW,Bicycle,SW,1,1,H,F,2,1,No control,9999,EXPLORATION,LANE,LA TROBE,STREET,0,N,65647,I,MELBOURNE,MELBOURNE,-37.80839,144.96796,3000
152857,T20120009970,27/04/2012,111339,9155,19.45.00,1,Collision with vehicle,6,Friday,110,CROSS TRAFFIC(INTERSECTIONS ONLY)              ,3,Dark Street lights on,2,3,0,1,0,2,1,Cross intersection,3,Other Injury,50,A,N ,Bicycle,N ,1,1,H,1,1,2,Roundabout,9999,GREY,STREET,SIMPSON,STREET,0,W,65819,I,MELBOURNE,MELBOURNE,-37.81217,144.98857,3002
152889,T20120010010,28/04/2012,111339,9155,13.40.00,1,Collision with vehicle,7,Saturday,163,VEHICLE STRIKES DOOR OF PARKED/STATIONARY VEHICLE      ,1,Day,3,4,0,1,0,3,1,Not at intersection,3,Other Injury,50,B,SE,Bicycle,SE,1,1,H,1,0,1,Stop-go lights,9999,ELIZABETH,STREET,LONSDALE,STREET,19,S,188181,N,MELBOURNE,MELBOURNE,-37.81245,144.96233,3000
153004,T20120010159,30/04/2012,111339,9155,13.16.00,1,Collision with vehicle,2,Monday,121,RIGHT THROUGH                        ,1,Day,2,2,1,0,0,1,1,Cross intersection,2,Hospitilisation,50,B,SE,Bicycle,SE,1,1,H,F,2,2,Stop-go lights,9999,ELIZABETH,STREET,LITTLE LONSDALE,STREET,0,N,29422,I,MELBOURNE,MELBOURNE,-37.8113,144.96181,3000
153100,T20120010260,1/05/2012,111339,9155,17.32.00,1,Collision with vehicle,3,Tuesday,163,VEHICLE STRIKES DOOR OF PARKED/STATIONARY VEHICLE      ,3,Dark Street lights on,2,3,1,0,0,2,1,Not at intersection,2,Hospitilisation,40,B,S ,Bicycle,S ,1,1,H,F,1,2,No control,9999,BRUNSWICK,STREET,VICTORIA,STREET,32,N,251894,N,YARRA,YARRA,-37.79877,144.97839,3065
153109,T20120010268,1/05/2012,111339,9155,18.54.00,1,Collision with vehicle,3,Tuesday,163,VEHICLE STRIKES DOOR OF PARKED/STATIONARY VEHICLE      ,3,Dark Street lights on,2,3,1,0,0,2,1,Not at intersection,2,Hospitilisation,60,B,N ,Bicycle,N ,1,1,H,F,9,1,No control,9999,ST KILDA,ROAD,SWANSTON,STREET,8,S,251749,N,MELBOURNE,MELBOURNE,-37.81879,144.96805,3000
153307,T20120010478,3/05/2012,111339,9155,15.45.00,1,Collision with vehicle,5,Thursday,137,LEFT TURN SIDESWIPE                     ,1,Day,2,2,0,1,0,1,2,T intersection,3,Other Injury,40,B,N ,Bicycle,N ,1,1,H,F,0,6,No control,9999,BRUNSWICK,STREET,JAMES,STREET,0,N,36467,I,YARRA,YARRA,-37.80409,144.97748,3065
167414,T20120026696,4/05/2012,111339,9155,17.50.00,1,Collision with vehicle,6,Friday,163,VEHICLE STRIKES DOOR OF PARKED/STATIONARY VEHICLE      ,9,Unknown,2,3,0,1,0,2,2,Cross intersection,3,Other Injury,999,A,SW,Bicycle,SW,1,1,H,5,2,1,Unknown,9999,DORCAS,STREET,STURT,STREET,0,W,37570,I,PORT PHILLIP,PORT PHILLIP,-37.83176,144.96486,3205