,ACCIDENT_NO,ACCIDENTDATE,CYCLISTS,CYCLISTS_COUNT_LS,ACCIDENTTIME,ACCIDENT_TYPE,ACCIDENT_TYPE_DESC,DAY_OF_WEEK,DAY_WEEK_DESC,DCA_CODE,DCA Description,LIGHT_CONDITION,LIGHT_CONDITION_DEC,NO_OF_VEHICLES,NO_PERSONS,NO_PERSONS_INJ_2,NO_PERSONS_INJ_3,NO_PERSONS_KILLED,NO_PERSONS_NOT_INJ,POLICE_ATTEND,ROAD_GEOMETRY_DESC,SEVERITY,SEVERITY_DESC,SPEED_ZONE,VEHICLE_ID,INITIAL_DIRECTION,Vehicle Type Desc,FINAL_DIRECTION,DRIVER_INTENT,VEHICLE_MOVEMENT,TRAILER_TYPE,INITIAL_IMPACT,LAMPS,LEVEL_OF_DAMAGE,TRAFFIC_CONTROL_DESC,ROAD_ROUTE_1,ROAD_NAME,ROAD_TYPE,ROAD_NAME_INT,ROAD_TYPE_INT,DISTANCE_LOCATION,DIRECTION_LOCATION,NODE_ID,NODE_TYPE,LGA_NAME,Lga Name All,Lat,Long,Postcode No
153381,T20120010579,5/05/2012,111339,9155,08.40.00,1,Collision with vehicle,7,Saturday,110,CROSS TRAFFIC(INTERSECTIONS ONLY)              ,1,Day,2,2,0,1,0,1,2,Cross intersection,3,Other Injury,999,B,W ,Bicycle,W ,1,1,H,5,2,1,Unknown,9999,LANGRIDGE,STREET,RUSSELL,STREET,0,W,48483,I,YARRA,YARRA,-37.8073,144.99311,3067
153523,T20120010743,7/05/2012,111339,9155,17.06.00,1,Collision with vehicle,2,Monday,142,LEAVING PARKING                       ,2,Dusk/Dawn,2,2,0,1,0,1,1,T intersection,3,Other Injury,50,B,SE,Bicycle,SE,1,1,H,5,2,1,No control,5130,FERRARS,STREET,COVENTRY,STREET,0,N,35395,I,PORT PHILLIP,PORT PHILLIP,-37.83332,144.95511,3205
154097,T20120011390,7/05/2012,111339,9155,17.30.00,1,Collision with vehicle,2,Monday,129,OTHER OPPOSING MANOEUVRES NOT INCLUDED IN DCAs 120-125.   ,1,Day,2,2,0,1,0,1,2,T intersection,3,Other Injury,50,A,S ,Bicycle,S ,1,1,H,8,2,4,Stop sign,9999,BOUNDARY,ROAD,STRAKER,STREET,0,S,25457,I,MELBOURNE,MELBOURNE,-37.79686,144.93859,3051
154036,T20120011320,8/05/2012,111339,9155,18.00.00,1,Collision with vehicle,3,Tuesday,121,RIGHT THROUGH                        ,9,Unknown,2,2,0,1,0,1,2,T intersection,3,Other Injury,40,B,S ,Bicycle,S ,1,1,H,F,2,1,No control,5499,CHURCH,STREET,CHARLOTTE,STREET,0,N,37208,I,YARRA,YARRA,-37.82503,144.99805,3121
154600,T20120011929,8/05/2012,111339,9155,14.00.00,1,Collision with vehicle,3,Tuesday,163,VEHICLE STRIKES DOOR OF PARKED/STATIONARY VEHICLE      ,1,Day,2,2,0,1,0,1,2,T intersection,3,Other Injury,60,B,W ,Bicycle,W ,1,1,H,N,0,1,No control,9999,LANGRIDGE,STREET,SILVER,STREET,0,W,36636,I,YARRA,YARRA,-37.80675,144.98761,3066
153649,T20120010888,9/05/2012,111339,9155,12.10.00,1,Collision with vehicle,4,Wednesday,163,VEHICLE STRIKES DOOR OF PARKED/STATIONARY VEHICLE      ,1,Day,2,2,0,1,0,1,1,Not at intersection,3,Other Injury,50,B,N ,Bicycle,N ,1,1,H,F,2,1,Stop-go lights,9999,ST KILDA,ROAD,SWANSTON,STREET,0,N,1412,N,MELBOURNE,MELBOURNE,-37.81872,144.96802,3000
154105,T20120011401,15/05/2012,111339,9155,16.35.00,1,Collision with vehicle,3,Tuesday,121,RIGHT THROUGH                        ,1,Day,2,2,1,0,0,1,1,Cross intersection,2,Hospitilisation,60,B,NE,Bicycle,SE,2,2,H,8,2,1,Stop-go lights,5061,SPENCER,STREET,LA TROBE,STREET,0,S,65851,I,MELBOURNE,MELBOURNE,-37.81317,144.95144,3008
154106,T20120011401,15/05/2012,111339,9155,16.35.00,1,Collision with vehicle,3,Tuesday,121,RIGHT THROUGH                        ,1,Day,2,2,1,0,0,1,1,Cross intersection,2,Hospitilisation,60,B,NE,Bicycle,SE,2,2,H,8,2,1,Stop-go lights,5061,SPENCER,STREET,LA TROBE,STREET,0,S,65851,I,MELBOURNE,MELBOURNE,-37.81317,144.95144,3008
154168,T20120011472,16/05/2012,111339,9155,12.20.00,1,Collision with vehicle,4,Wednesday,137,LEFT TURN SIDESWIPE                     ,1,Day,2,2,0,1,0,1,2,T intersection,3,Other Injury,60,B,S ,Bicycle,S ,1,1,H,1,0,6,No control,9999,FRANKLIN,STREET,PEEL,STREET,0,E,36832,I,MELBOURNE,MELBOURNE,-37.80905,144.95547,3003
154174,T20120011479,16/05/2012,111339,9155,12.14.00,1,Collision with vehicle,4,Wednesday,163,VEHICLE STRIKES DOOR OF PARKED/STATIONARY VEHICLE      ,1,Day,3,3,1,0,0,2,1,T intersection,2,Hospitilisation,40,B,W ,Bicycle,W ,1,1,H,F,2,2,No control,5853,JOHNSTON,STREET,BEDFORD,STREET,0,W,65216,I,YARRA,YARRA,-37.79904,144.98505,3066
154360,T20120011675,16/05/2012,111339,9155,17.45.00,1,Collision with vehicle,4,Wednesday,121,RIGHT THROUGH                        ,2,Dusk/Dawn,2,2,1,0,0,1,2,Y intersection,2,Hospitilisation,40,B,N ,Bicycle,N ,1,1,H,F,9,2,No control,5490,CHAPEL,STREET,FORREST,HILL,0,N,66769,I,STONNINGTON,STONNINGTON,-37.83741,144.99604,3141
173317,T20130004277,16/05/2012,111339,9155,15.30.00,1,Collision with vehicle,4,Wednesday,147,VEHICLE STRIKES ANOTHER VEH WHILE EMERGING FROM DRIVEWAY,1,Day,2,2,0,1,0,1,2,Not at intersection,3,Other Injury,999,A,N ,Bicycle,N ,1,1,H,1,2,2,No control,5979,ROYAL,PARADE,MORRAH,STREET,44,N,258107,N,MELBOURNE,MELBOURNE,-37.79542,144.95809,3052
154294,T20120011622,17/05/2012,111339,9155,23.50.00,9,Other accident,5,Thursday,199,UNKNOWN-NO DETAILS ON MANOEUVRES OF ROAD-USERS IN ACCIDENT ,3,Dark Street lights on,1,1,1,0,0,0,1,Not at intersection,2,Hospitilisation,60,A,W ,Bicycle,NK,1,1,H,F,1,3,Stop-go lights,9999,ARDEN,STREET,ABBOTSFORD,STREET,45,E,251955,N,MELBOURNE,MELBOURNE,-37.80058,144.94641,3051
154357,T20120011672,18/05/2012,111339,9155,15.50.00,1,Collision with vehicle,6,Friday,137,LEFT TURN SIDESWIPE                     ,1,Day,2,2,0,1,0,1,1,Not at intersection,3,Other Injury,40,B,W ,Bicycle,W ,1,1,H,F,2,1,Stop-go lights,9999,GRATTAN,STREET,BOUVERIE,STREET,25,E,254047,N,MELBOURNE,MELBOURNE,-37.8003,144.96278,3053
154547,T20120011877,19/05/2012,111339,9155,13.00.00,1,Collision with vehicle,7,Saturday,137,LEFT TURN SIDESWIPE                     ,1,Day,2,2,0,1,0,1,2,Cross intersection,3,Other Injury,999,B,S ,Bicycle,S ,1,1,H,1,2,1,Stop-go lights,5499,CHURCH,STREET,COTTER,STREET,0,N,29441,I,YARRA,YARRA,-37.83041,144.99708,3121
154541,T20120011871,21/05/2012,111339,9155,10.30.00,1,Collision with vehicle,1,Monday,133,LANE SIDE SWIPE (VEHICLES IN PARALLEL LANES)        ,1,Day,2,2,0,1,0,1,1,Not at intersection,3,Other Injury,50,A,W ,Bicycle,W ,1,1,H,F,2,1,Stop-go lights,9999,GRATTAN,STREET,LEICESTER,STREET,26,W,253668,N,MELBOURNE,MELBOURNE,-37.80008,144.96074,3053
154553,T20120011881,21/05/2012,111339,9155,13.00.00,1,Collision with vehicle,2,Monday,137,LEFT TURN SIDESWIPE                     ,1,Day,2,2,0,1,0,1,1,Cross intersection,3,Other Injury,50,B,E ,Bicycle,E ,1,1,H,F,2,1,No control,9999,CAMBRIDGE,STREET,LANGRIDGE,STREET,0,S,36603,I,YARRA,YARRA,-37.80656,144.9852,3066
154610,T20120011944,22/05/2012,111339,9155,08.22.00,1,Collision with vehicle,3,Tuesday,163,VEHICLE STRIKES DOOR OF PARKED/STATIONARY VEHICLE      ,1,Day,2,2,0,1,0,1,1,Not at intersection,3,Other Injury,60,B,N ,Bicycle,N ,1,1,H,F,2,9,No control,9999,EXHIBITION,STREET,COLLINS,STREET,31,N,253169,N,MELBOURNE,MELBOURNE,-37.81379,144.97135,3000
154680,T20120012016,22/05/2012,111339,9155,08.20.00,1,Collision with vehicle,3,Tuesday,121,RIGHT THROUGH                        ,1,Day,2,2,0,1,0,1,2,Not at intersection,3,Other Injury,60,A,S ,Bicycle,S ,1,1,H,F,2,2,No control,9999,RATHDOWNE,STREET,PELHAM,STREET,35,S,252236,N,MELBOURNE,MELBOURNE,-37.80346,144.9695,3053
155399,T20120012868,23/05/2012,111339,9155,16.00.00,1,Collision with vehicle,4,Wednesday,147,VEHICLE STRIKES ANOTHER VEH WHILE EMERGING FROM DRIVEWAY,1,Day,2,2,1,0,0,1,2,Not at intersection,2,Hospitilisation,60,A,W ,Bicycle,N ,3,3,H,F,2,1,No control,5027,CURZON,STREET,GLASS,STREET,16,N,254086,N,MELBOURNE,MELBOURNE,-37.80178,144.94834,3051
154858,T20120012224,25/05/2012,111339,9155,06.15.00,7,Fall from or in moving vehicle,6,Friday,174,OUT OF CONTROL ON CARRIAGEWAY (ON STRAIGHT)         ,2,Dusk/Dawn,2,2,1,0,0,1,2,Cross intersection,2,Hospitilisation,30,A,SE,Bicycle,SE,1,1,H,F,2,6,No control,9999,COLLINS,STREET,SWANSTON,STREET,0,E,29427,I,MELBOURNE,MELBOURNE,-37.81549,144.96654,3000
154964,T20120012346,26/05/2012,111339,9155,13.45.00,1,Collision with vehicle,7,Saturday,142,LEAVING PARKING                       ,1,Day,2,2,0,1,0,1,2,Cross intersection,3,Other Injury,60,B,S ,Bicycle,S ,1,1,H,5,2,1,No control,9999,GIPPS,STREET,NICHOLSON,STREET,0,W,36715,I,YARRA,YARRA,-37.80543,144.99671,3067
155046,T20120012453,27/05/2012,111339,9155,00.36.00,2,Struck Pedestrian,1,Sunday,100,PED NEAR SIDE. PED HIT BY VEHICLE FROM THE RIGHT.      ,3,Dark Street lights on,1,2,1,0,0,1,1,Not at intersection,2,Hospitilisation,40,A,S ,Bicycle,S ,1,1,H,F,2,9,No control,9999,BRUNSWICK,STREET,ARGYLE,STREET,18,N,252225,N,YARRA,YARRA,-37.79738,144.97863,3065
155073,T20120012492,28/05/2012,111339,9155,08.05.00,1,Collision with vehicle,2,Monday,163,VEHICLE STRIKES DOOR OF PARKED/STATIONARY VEHICLE      ,1,Day,2,2,0,1,0,1,2,Cross intersection,3,Other Injury,50,B,W ,Bicycle,W ,1,1,H,8,2,6,Stop-go lights,9999,LITTLE BOURKE,STREET,WILLIAM,STREET,0,E,36851,I,MELBOURNE,MELBOURNE,-37.8147,144.95776,3000
155322,T20120012774,31/05/2012,111339,9155,19.19.00,1,Collision with vehicle,5,Thursday,163,VEHICLE STRIKES DOOR OF PARKED/STATIONARY VEHICLE      ,3,Dark Street lights on,2,3,0,1,0,2,1,Not at intersection,3,Other Injury,60,B,NW,Bicycle,NW,1,1,H,F,1,3,No control,9999,ST KILDA,ROAD,ST KILDA,ROAD,63,N,252430,N,MELBOURNE,MELBOURNE,-37.82279,144.96988,3006
156104,T20120013743,31/05/2012,111339,9155,12.00.00,1,Collision with vehicle,5,Thursday,137,LEFT TURN SIDESWIPE                     ,1,Day,2,2,1,0,0,1,2,Cross intersection,2,Hospitilisation,40,A,S ,Bicycle,S ,1,1,H,F,2,3,Stop-go lights,5046,ELIZABETH,STREET,ROYAL,PARADE,0,S,36210,I,MELBOURNE,MELBOURNE,-37.79972,144.95756,3052
155384,T20120012851,1/06/2012,111339,9155,20.12.00,1,Collision with vehicle,6,Friday,135,LANE CHANGE LEFT (NOT OVERTAKING)              ,2,Dusk/Dawn,2,2,0,1,0,1,2,Not at intersection,3,Other Injury,60,B,SE,Bicycle,SE,1,1,H,F,2,1,No control,5130,FERRARS,STREET,EMERALD,STREET,25,S,252555,N,PORT PHILLIP,PORT PHILLIP,-37.83522,144.95598,3205
155729,T20120013273,1/06/2012,111339,9155,16.30.00,1,Collision with vehicle,6,Friday,135,LANE CHANGE LEFT (NOT OVERTAKING)              ,9,Unknown,2,2,1,0,0,1,2,Multiple intersection,2,Hospitilisation,50,A,NW,Bicycle,NW,1,1,H,R,0,9,Giveway sign,5044,FLEMINGTON,ROAD,PEEL,STREET,0,SE,35308,I,MELBOURNE,MELBOURNE,-37.80109,144.95682,3000
155592,T20120013096,3/06/2012,111339,9155,23.40.00,1,Collision with vehicle,1,Sunday,160,VEHICLE COLLIDES WITH VEHICLE PARKED ON LEFT OF ROAD    ,3,Dark Street lights on,2,1,1,0,0,0,1,T intersection,2,Hospitilisation,40,A,S ,Bicycle,S ,1,1,H,F,2,6,No control,5499,CHURCH,STREET,HOWARD,STREET,0,N,37715,I,YARRA,YARRA,-37.83285,144.9967,3121
155599,T20120013102,4/06/2012,111339,9155,18.30.00,1,Collision with vehicle,2,Monday,135,LANE CHANGE LEFT (NOT OVERTAKING)              ,3,Dark Street lights on,2,2,0,1,0,1,2,Not at intersection,3,Other Injury,60,B,N ,Bicycle,N ,1,1,H,1,2,2,Stop-go lights,9999,RATHDOWNE,STREET,FARADAY,STREET,13,S,252443,N,MELBOURNE,MELBOURNE,-37.79911,144.97021,3053
155671,T20120013198,4/06/2012,111339,9155,08.52.00,1,Collision with vehicle,2,Monday,121,RIGHT THROUGH                        ,2,Dusk/Dawn,2,4,0,1,0,3,1,T intersection,3,Other Injury,60,A,SW,Bicycle,SW,1,1,H,5,2,1,Unknown,9999,MACARTHUR,STREET,ST ANDREWS,PLACE,0,SW,36997,I,MELBOURNE,MELBOURNE,-37.81179,144.97483,3002
155578,T20120013079,5/06/2012,111339,9155,01.20.00,1,Collision with vehicle,3,Tuesday,160,VEHICLE COLLIDES WITH VEHICLE PARKED ON LEFT OF ROAD    ,6,Dark Street lights unknown,2,1,1,0,0,0,2,Cross intersection,2,Hospitilisation,40,B,E ,Bicycle,N ,3,18,H,F,2,5,No control,9999,FITZROY,STREET,PALMER,STREET,0,S,254508,I,YARRA,YARRA,-37.80439,144.97633,3065
155699,T20120013231,6/06/2012,111339,9155,17.48.00,1,Collision with vehicle,4,Wednesday,116,LEFT NEAR (INTERSECTIONS ONLY)               ,3,Dark Street lights on,2,2,0,1,0,1,1,T intersection,3,Other Injury,60,B,SE,Bicycle,SE,1,1,H,F,1,9,No control,9999,MORAY,STREET,HANCOCK,STREET,20,N,53662,N,MELBOURNE,MELBOURNE,-37.82712,144.96067,3006
155839,T20120013394,8/06/2012,111339,9155,21.40.00,1,Collision with vehicle,6,Friday,130,REAR END(VEHICLES IN SAME LANE)               ,3,Dark Street lights on,2,3,0,1,0,2,2,Not at intersection,3,Other Injury,30,B,W ,Bicycle,W ,17,17,H,F,2,1,No control,9999,LA TROBE,STREET,WILLS,STREET,30,E,252439,N,MELBOURNE,MELBOURNE,-37.81134,144.95787,3000
155840,T20120013394,8/06/2012,111339,9155,21.40.00,1,Collision with vehicle,6,Friday,130,REAR END(VEHICLES IN SAME LANE)               ,3,Dark Street lights on,2,3,0,1,0,2,2,Not at intersection,3,Other Injury,30,B,W ,Bicycle,W ,17,17,H,F,2,1,No control,9999,LA TROBE,STREET,WILLS,STREET,30,E,252439,N,MELBOURNE,MELBOURNE,-37.81134,144.95787,3000
155992,T20120013583,11/06/2012,111339,9155,17.40.00,1,Collision with vehicle,2,Monday,110,CROSS TRAFFIC(INTERSECTIONS ONLY)              ,3,Dark Street lights on,2,2,0,1,0,1,1,Cross intersection,3,Other Injury,50,B,N ,Bicycle,N ,1,1,H,F,2,1,No control,9999,GREY,STREET,POWLETT,STREET,0,W,29433,I,MELBOURNE,MELBOURNE,-37.81188,144.98597,3002
156124,T20120013767,14/06/2012,111339,9155,08.03.00,1,Collision with vehicle,5,Thursday,163,VEHICLE STRIKES DOOR OF PARKED/STATIONARY VEHICLE      ,1,Day,2,2,0,1,0,1,1,T intersection,3,Other Injury,60,B,N ,Bicycle,N ,1,1,H,5,9,6,No control,5882,ST KILDA,ROAD,BROMBY,STREET,0,NW,250528,I,MELBOURNE,"PORT PHILLIP,MELBOURNE",-37.83468,144.97454,3004
156269,T20120013942,16/06/2012,111339,9155,16.00.00,1,Collision with vehicle,7,Saturday,163,VEHICLE STRIKES DOOR OF PARKED/STATIONARY VEHICLE      ,2,Dusk/Dawn,3,4,0,2,0,2,1,Not at intersection,3,Other Injury,60,C,S ,Bicycle,S ,1,1,H,9,2,9,No control,5499,CHURCH,STREET,BROUGHAM,STREET,106,S,273613,N,YARRA,YARRA,-37.82239,144.99851,3121
157626,T20120015546,18/06/2012,111339,9155,09.40.00,1,Collision with vehicle,2,Monday,140,U TURN                           ,1,Day,2,2,0,1,0,1,2,Not at intersection,3,Other Injury,40,B,SW,Bicycle,SW,1,1,H,9,0,6,No control,9999,LITTLE COLLINS,STREET,EQUITABLE,PLACE,13,E,253719,N,MELBOURNE,MELBOURNE,-37.81536,144.96314,3000
156541,T20120014246,20/06/2012,111339,9155,12.28.00,1,Collision with vehicle,4,Wednesday,121,RIGHT THROUGH                        ,1,Day,2,2,1,0,0,1,1,T intersection,2,Hospitilisation,60,B,S ,Bicycle,S ,1,1,H,F,2,1,No control,9999,NORTHUMBERLAND,STREET,WELLINGTON,STREET,0,W,57452,I,YARRA,YARRA,-37.8073,144.98596,3066
156559,T20120014271,20/06/2012,111339,9155,17.00.00,1,Collision with vehicle,4,Wednesday,137,LEFT TURN SIDESWIPE                     ,2,Dusk/Dawn,2,2,0,1,0,1,2,T intersection,3,Other Injury,60,B,S ,Bicycle,S ,1,1,H,F,2,3,No control,9999,CHURCH,STREET,SWANSTON,STREET,0,E,252679,I,MELBOURNE,MELBOURNE,-37.80109,144.96386,3053
156564,T20120014275,20/06/2012,111339,9155,20.11.00,1,Collision with vehicle,4,Wednesday,121,RIGHT THROUGH                        ,3,Dark Street lights on,2,2,2,0,0,0,1,T intersection,2,Hospitilisation,50,B,S ,Bicycle,S ,1,1,H,1,1,9,No control,5490,CHAPEL,STREET,MALCOLM,STREET,0,N,37717,I,STONNINGTON,STONNINGTON,-37.83683,144.99616,3141
158448,T20120016506,20/06/2012,111339,9155,17.30.00,1,Collision with vehicle,4,Wednesday,121,RIGHT THROUGH                        ,3,Dark Street lights on,2,2,0,1,0,1,2,Cross intersection,3,Other Injury,60,A,S ,Bicycle,S ,1,1,H,F,9,2,No control,5499,CHURCH,STREET,RULE,STREET,0,N,37193,I,YARRA,YARRA,-37.81539,144.99976,3121
156851,T20120014648,25/06/2012,111339,9155,08.55.00,1,Collision with vehicle,2,Monday,121,RIGHT THROUGH                        ,1,Day,2,2,0,1,0,1,1,Cross intersection,3,Other Injury,40,B,S ,Bicycle,S ,1,1,H,F,0,1,Stop-go lights,9999,CARDIGAN,STREET,GRATTAN,STREET,0,S,100,I,MELBOURNE,MELBOURNE,-37.80059,144.96545,3053
157019,T20120014819,25/06/2012,111339,9155,12.00.00,7,Fall from or in moving vehicle,2,Monday,174,OUT OF CONTROL ON CARRIAGEWAY (ON STRAIGHT)         ,1,Day,2,3,0,1,0,2,2,Not at intersection,3,Other Injury,40,A,S ,Bicycle,S ,1,17,H,F,2,1,No control,9999,ELIZABETH,STREET,BOURKE,STREET,42,S,253331,N,MELBOURNE,MELBOURNE,-37.8146,144.96332,3000
156983,T20120014783,26/06/2012,111339,9155,17.25.00,1,Collision with vehicle,3,Tuesday,163,VEHICLE STRIKES DOOR OF PARKED/STATIONARY VEHICLE      ,2,Dusk/Dawn,2,3,0,1,0,2,1,Not at intersection,3,Other Injury,50,B,E ,Bicycle,E ,1,1,H,F,2,1,No control,9999,FLINDERS,STREET,FLINDERS,COURT,43,W,189504,N,MELBOURNE,MELBOURNE,-37.81842,144.96413,3000
156984,T20120014783,26/06/2012,111339,9155,17.25.00,1,Collision with vehicle,3,Tuesday,163,VEHICLE STRIKES DOOR OF PARKED/STATIONARY VEHICLE      ,2,Dusk/Dawn,2,3,0,1,0,2,1,Not at intersection,3,Other Injury,50,B,E ,Bicycle,E ,1,1,H,F,2,1,No control,9999,FLINDERS,STREET,FLINDERS,COURT,43,W,189504,N,MELBOURNE,MELBOURNE,-37.81842,144.96413,3000
156987,T20120014786,26/06/2012,111339,9155,17.40.00,1,Collision with vehicle,3,Tuesday,110,CROSS TRAFFIC(INTERSECTIONS ONLY)              ,3,Dark Street lights on,2,2,0,1,0,1,1,Cross intersection,3,Other Injury,50,B,E ,Bicycle,E ,1,1,H,F,1,2,No control,9999,CROMWELL,STREET,LANGRIDGE,STREET,0,N,36659,I,YARRA,YARRA,-37.80697,144.98989,3066
157206,T20120015007,29/06/2012,111339,9155,08.15.00,1,Collision with vehicle,6,Friday,163,VEHICLE STRIKES DOOR OF PARKED/STATIONARY VEHICLE      ,1,Day,2,1,0,1,0,0,2,Not at intersection,3,Other Injury,60,B,NW,Bicycle,NW,1,1,H,F,2,1,No control,5882,ST KILDA,ROAD,DOMAIN,ROAD,28,NW,252887,N,MELBOURNE,"PORT PHILLIP,MELBOURNE",-37.8326,144.97206,3004
157260,T20120015097,30/06/2012,111339,9155,00.41.00,1,Collision with vehicle,7,Saturday,140,U TURN                           ,3,Dark Street lights on,2,2,0,1,0,1,1,Not at intersection,3,Other Injury,50,B,W ,Bicycle,W ,1,1,H,F,1,1,No control,9999,LA TROBE,STREET,SWANSTON,STREET,97,W,252928,N,MELBOURNE,MELBOURNE,-37.8099,144.96279,3000
157261,T20120015097,30/06/2012,111339,9155,00.41.00,1,Collision with vehicle,7,Saturday,140,U TURN                           ,3,Dark Street lights on,2,2,0,1,0,1,1,Not at intersection,3,Other Injury,50,B,W ,Bicycle,W ,1,1,H,F,1,1,No control,9999,LA TROBE,STREET,SWANSTON,STREET,97,W,252928,N,MELBOURNE,MELBOURNE,-37.8099,144.96279,3000
159605,T20120017792,30/06/2012,111339,9155,12.30.00,2,Struck Pedestrian,7,Saturday,100,PED NEAR SIDE. PED HIT BY VEHICLE FROM THE RIGHT.      ,1,Day,1,2,0,1,0,1,2,Cross intersection,3,Other Injury,30,A,N ,Bicycle,N ,1,1,H,F,2,6,Stop-go lights,9999,BOURKE,STREET,SWANSTON,STREET,0,E,229,I,MELBOURNE,MELBOURNE,-37.81353,144.96563,3000
157404,T20120015283,2/07/2012,111339,9155,22.50.00,1,Collision with vehicle,1,Monday,133,LANE SIDE SWIPE (VEHICLES IN PARALLEL LANES)        ,6,Dark Street lights unknown,2,2,0,1,0,1,2,Not at intersection,3,Other Injury,60,C,SE,Bicycle,SE,1,1,H,F,2,1,No control,5130,FERRARS,STREET,COVENTRY,STREET,21,N,254187,N,PORT PHILLIP,PORT PHILLIP,-37.83314,144.95503,3205
162086,T20120020589,2/07/2012,111339,9155,22.50.00,1,Collision with vehicle,2,Monday,149,OTHER MANOEUVRING NOT INCLUDED IN DCAs 140-148       ,3,Dark Street lights on,3,3,0,2,0,1,1,Cross intersection,3,Other Injury,40,B,NK,Bicycle,NK,1,1,H,F,2,1,Ped. crossing,5041,KING,STREET,LITTLE COLLINS,STREET,0,S,36852,I,MELBOURNE,MELBOURNE,-37.81737,144.95618,3000
162087,T20120020589,2/07/2012,111339,9155,22.50.00,1,Collision with vehicle,2,Monday,149,OTHER MANOEUVRING NOT INCLUDED IN DCAs 140-148       ,3,Dark Street lights on,3,3,0,2,0,1,1,Cross intersection,3,Other Injury,40,C,NK,Bicycle,NK,1,1,H,F,2,1,Ped. crossing,5041,KING,STREET,LITTLE COLLINS,STREET,0,S,36852,I,MELBOURNE,MELBOURNE,-37.81737,144.95618,3000
158274,T20120016272,5/07/2012,111339,9155,17.40.00,1,Collision with vehicle,5,Thursday,137,LEFT TURN SIDESWIPE                     ,1,Day,2,2,0,1,0,1,2,Multiple intersection,3,Other Injury,40,B,N ,Bicycle,N ,1,1,H,F,2,1,Roundabout,5044,FLEMINGTON,ROAD,ELIZABETH,STREET,0,SE,29893,I,MELBOURNE,MELBOURNE,-37.8012,144.95693,3000
157939,T20120015899,10/07/2012,111339,9155,16.55.00,1,Collision with vehicle,3,Tuesday,135,LANE CHANGE LEFT (NOT OVERTAKING)              ,2,Dusk/Dawn,3,2,0,1,0,1,1,Not at intersection,3,Other Injury,50,B,S ,Bicycle,S ,1,1,H,F,1,1,No control,9999,ELIZABETH,STREET,LONSDALE,STREET,55,N,253588,N,MELBOURNE,MELBOURNE,-37.81182,144.96204,3000
157982,T20120015955,11/07/2012,111339,9155,14.12.00,1,Collision with vehicle,4,Wednesday,163,VEHICLE STRIKES DOOR OF PARKED/STATIONARY VEHICLE      ,1,Day,2,2,0,1,0,1,2,T intersection,3,Other Injury,40,A,S ,Bicycle,S ,1,1,H,F,2,1,No control,5318,CLARENDON,STREET,CHESSELL,STREET,0,N,66490,I,PORT PHILLIP,PORT PHILLIP,-37.82912,144.95878,3006
158130,T20120016109,13/07/2012,111339,9155,12.15.00,1,Collision with vehicle,6,Friday,140,U TURN                           ,1,Day,2,2,0,1,0,1,2,Cross intersection,3,Other Injury,50,A,N ,Bicycle,S ,5,5,H,5,2,1,Unknown,9999,BOURKE,STREET,RUSSELL,STREET,0,E,36952,I,MELBOURNE,MELBOURNE,-37.81281,144.9681,3000
158243,T20120016225,15/07/2012,111339,9155,07.00.00,1,Collision with vehicle,1,Sunday,121,RIGHT THROUGH                        ,1,Day,2,4,1,0,0,3,1,T intersection,2,Hospitilisation,60,B,SW,Bicycle,SW,1,1,H,1,2,5,Stop-go lights,2120,WURUNDJERI,WAY,FLINDERS,STREET,0,NE,46621,I,MELBOURNE,MELBOURNE,-37.82185,144.95219,3008
158425,T20120016480,17/07/2012,111339,9155,08.20.00,1,Collision with vehicle,3,Tuesday,121,RIGHT THROUGH                        ,1,Day,2,2,0,1,0,1,2,T intersection,3,Other Injury,999,A,S ,Bicycle,S ,1,1,H,1,9,6,No control,9999,BRUNSWICK,STREET,ST DAVID,STREET,0,N,36504,I,YARRA,YARRA,-37.80061,144.97807,3065
158382,T20120016433,18/07/2012,111339,9155,07.40.00,1,Collision with vehicle,4,Wednesday,121,RIGHT THROUGH                        ,1,Day,2,2,0,1,0,1,1,Cross intersection,3,Other Injury,60,B,S ,Bicycle,S ,1,1,H,F,2,9,Stop-go lights,5040,DUDLEY,STREET,SPENCER,STREET,0,SW,29413,I,MELBOURNE,MELBOURNE,-37.81013,144.94999,3003
159486,T20120017643,31/07/2012,111339,9155,12.30.00,1,Collision with vehicle,2,Tuesday,133,LANE SIDE SWIPE (VEHICLES IN PARALLEL LANES)        ,1,Day,2,2,0,1,0,1,2,Cross intersection,3,Other Injury,70,B,SE,Bicycle,SE,1,1,H,1,2,1,Stop-go lights,5026,HARKER,STREET,FLEMINGTON,ROAD,0,SW,22,I,MELBOURNE,MELBOURNE,-37.7966,144.9512,3052