,ACCIDENT_NO,ACCIDENTDATE,CYCLISTS,CYCLISTS_COUNT_LS,ACCIDENTTIME,ACCIDENT_TYPE,ACCIDENT_TYPE_DESC,DAY_OF_WEEK,DAY_WEEK_DESC,DCA_CODE,DCA Description,LIGHT_CONDITION,LIGHT_CONDITION_DEC,NO_OF_VEHICLES,NO_PERSONS,NO_PERSONS_INJ_2,NO_PERSONS_INJ_3,NO_PERSONS_KILLED,NO_PERSONS_NOT_INJ,POLICE_ATTEND,ROAD_GEOMETRY_DESC,SEVERITY,SEVERITY_DESC,SPEED_ZONE,VEHICLE_ID,INITIAL_DIRECTION,Vehicle Type Desc,FINAL_DIRECTION,DRIVER_INTENT,VEHICLE_MOVEMENT,TRAILER_TYPE,INITIAL_IMPACT,LAMPS,LEVEL_OF_DAMAGE,TRAFFIC_CONTROL_DESC,ROAD_ROUTE_1,ROAD_NAME,ROAD_TYPE,ROAD_NAME_INT,ROAD_TYPE_INT,DISTANCE_LOCATION,DIRECTION_LOCATION,NODE_ID,NODE_TYPE,LGA_NAME,Lga Name All,Lat,Long,Postcode No
159421,T20120017575,1/08/2012,111339,9155,15.20.00,1,Collision with vehicle,4,Wednesday,113,RIGHT NEAR (INTERSECTIONS ONLY)               ,1,Day,2,3,1,0,0,2,1,T intersection,2,Hospitilisation,40,B,N ,Bicycle,NK,1,1,H,F,2,1,No control,9999,BRUNSWICK,STREET,HANOVER,STREET,0,N,36465,I,YARRA,YARRA,-37.80306,144.97765,3065
159432,T20120017587,1/08/2012,111339,9155,19.03.00,1,Collision with vehicle,4,Wednesday,110,CROSS TRAFFIC(INTERSECTIONS ONLY)              ,3,Dark Street lights on,2,2,0,1,0,1,1,Cross intersection,3,Other Injury,50,B,N ,Bicycle,S ,1,1,H,F,1,2,Giveway sign,9999,GIPPS,STREET,POWLETT,STREET,0,E,253806,I,MELBOURNE,MELBOURNE,-37.813,144.98577,3002
162792,T20120021389,1/08/2012,111339,9155,10.10.00,1,Collision with vehicle,4,Wednesday,135,LANE CHANGE LEFT (NOT OVERTAKING)              ,1,Day,2,2,0,1,0,1,2,Not at intersection,3,Other Injury,60,A,N ,Bicycle,N ,1,1,H,F,2,1,No control,5882,ST KILDA,ROAD,TOORAK,ROAD,44,S,254663,N,MELBOURNE,"PORT PHILLIP,MELBOURNE",-37.8366,144.97568,3004
159552,T20120017725,2/08/2012,111339,9155,08.00.00,1,Collision with vehicle,5,Thursday,121,RIGHT THROUGH                        ,1,Day,2,2,1,0,0,1,1,T intersection,2,Hospitilisation,60,B,S ,Bicycle,S ,1,1,H,F,0,1,No control,9999,WILLIAM,STREET,ABECKETT,STREET,0,N,36847,I,MELBOURNE,MELBOURNE,-37.81067,144.95594,3003
159755,T20120017984,7/08/2012,111339,9155,08.23.00,1,Collision with vehicle,3,Tuesday,113,RIGHT NEAR (INTERSECTIONS ONLY)               ,1,Day,2,2,0,2,0,0,1,Cross intersection,3,Other Injury,50,B,NW,Bicycle,NW,1,1,H,5,2,1,Roundabout,9999,BRIDGE,STREET,EVANS,STREET,0,NW,37405,I,PORT PHILLIP,PORT PHILLIP,-37.83441,144.94059,3207
161216,T20120019644,16/08/2012,111339,9155,12.00.00,1,Collision with vehicle,5,Thursday,163,VEHICLE STRIKES DOOR OF PARKED/STATIONARY VEHICLE      ,1,Day,2,3,1,0,0,2,2,Not at intersection,2,Hospitilisation,999,B,N ,Bicycle,N ,1,13,H,F,0,1,Stop-go lights,9999,SWANSTON,STREET,FLINDERS,STREET,27,N,254748,N,MELBOURNE,MELBOURNE,-37.81722,144.96733,3000
160692,T20120019079,21/08/2012,111339,9155,09.27.00,1,Collision with vehicle,3,Tuesday,133,LANE SIDE SWIPE (VEHICLES IN PARALLEL LANES)        ,1,Day,2,2,1,0,0,1,1,Not at intersection,2,Hospitilisation,50,B,S ,Bicycle,S ,1,1,H,1,2,4,No control,9999,EXHIBITION,STREET,LONSDALE,STREET,13,N,254366,N,MELBOURNE,MELBOURNE,-37.81002,144.9696,3000
161091,T20120019522,25/08/2012,111339,9155,18.00.00,8,No collision and no object struck,7,Saturday,171,LEFT OFF CARRIAGEWAY INTO OBJECT/PARKED VEHICLE       ,2,Dusk/Dawn,2,2,0,1,0,1,2,T intersection,3,Other Injury,50,A,E ,Bicycle,E ,1,1,H,N,1,6,Unknown,9999,BRIGHTON,STREET,LESNEY,STREET,0,N,37215,I,YARRA,YARRA,-37.82686,144.99933,3121
161326,T20120019760,28/08/2012,111339,9155,14.45.00,8,No collision and no object struck,3,Tuesday,174,OUT OF CONTROL ON CARRIAGEWAY (ON STRAIGHT)         ,1,Day,2,2,0,1,0,1,2,Not at intersection,3,Other Injury,999,B,S ,Bicycle,S ,1,1,H,N,0,6,No control,9999,LENNOX,STREET,SMITH,STREET,22,N,254951,N,YARRA,YARRA,-37.81246,144.99561,3121
163653,T20120022398,29/08/2012,111339,9155,22.00.00,8,No collision and no object struck,4,Wednesday,174,OUT OF CONTROL ON CARRIAGEWAY (ON STRAIGHT)         ,3,Dark Street lights on,2,2,0,1,0,1,2,Cross intersection,3,Other Injury,60,A,E ,Bicycle,E ,1,1,H,F,1,1,No control,9999,ELIZABETH,STREET,LEWIS,COURT,0,W,37191,I,YARRA,YARRA,-37.81178,144.99872,3121
161378,T20120019812,30/08/2012,111339,9155,07.50.00,1,Collision with vehicle,5,Thursday,163,VEHICLE STRIKES DOOR OF PARKED/STATIONARY VEHICLE      ,1,Day,2,3,1,0,0,2,1,Not at intersection,2,Hospitilisation,50,B,W ,Bicycle,W ,1,1,H,F,9,1,Stop-go lights,9999,DOMAIN,ROAD,DALLAS BROOKS,DRIVE,149,W,254918,N,MELBOURNE,MELBOURNE,-37.8331,144.9745,3004
161753,T20120020208,30/08/2012,111339,9155,17.45.00,1,Collision with vehicle,5,Thursday,140,U TURN                           ,1,Day,2,2,1,0,0,1,2,Not at intersection,2,Hospitilisation,60,B,N ,Bicycle,N ,1,1,H,R,2,6,No control,9999,RATHDOWNE,STREET,PALMERSTON,STREET,16,S,254628,N,MELBOURNE,MELBOURNE,-37.79645,144.97068,3053
161625,T20120020093,3/09/2012,111339,9155,07.45.00,1,Collision with vehicle,2,Monday,137,LEFT TURN SIDESWIPE                     ,2,Dusk/Dawn,2,2,1,0,0,1,1,Not at intersection,2,Hospitilisation,60,B,S ,Bicycle,S ,1,1,H,F,2,1,No control,9999,LYGON,STREET,ARGYLE N,PLACE,16,N,255290,N,MELBOURNE,MELBOURNE,-37.80196,144.96672,3053
161755,T20120020209,4/09/2012,111339,9155,13.40.00,1,Collision with vehicle,3,Tuesday,163,VEHICLE STRIKES DOOR OF PARKED/STATIONARY VEHICLE      ,1,Day,2,2,0,1,0,1,1,Not at intersection,3,Other Injury,50,B,S ,Bicycle,S ,1,1,H,F,2,1,No control,9999,ELIZABETH,STREET,LITTLE BOURKE,STREET,53,N,253817,N,MELBOURNE,MELBOURNE,-37.81282,144.9625,3000
162099,T20120020614,8/09/2012,111339,9155,12.00.00,1,Collision with vehicle,7,Saturday,143,ENTERING PARKING                      ,1,Day,2,2,0,1,0,1,2,Not at intersection,3,Other Injury,50,A,S ,Bicycle,S ,1,1,H,1,1,1,No control,9999,ELIZABETH,STREET,ABECKETT,STREET,55,N,255340,N,MELBOURNE,MELBOURNE,-37.80878,144.96065,3000
162232,T20120020744,12/09/2012,111339,9155,08.46.00,1,Collision with vehicle,4,Wednesday,121,RIGHT THROUGH                        ,1,Day,2,2,0,1,0,1,1,T intersection,3,Other Injury,40,B,S ,Bicycle,S ,1,1,H,1,2,1,No control,9999,PELHAM,STREET,RATHDOWNE,STREET,0,W,36379,I,MELBOURNE,MELBOURNE,-37.80314,144.96955,3053
162321,T20120020836,12/09/2012,111339,9155,19.00.00,1,Collision with vehicle,4,Wednesday,163,VEHICLE STRIKES DOOR OF PARKED/STATIONARY VEHICLE      ,1,Day,2,2,0,1,0,1,2,Not at intersection,3,Other Injury,50,B,NW,Bicycle,NW,1,1,H,5,1,1,No control,9999,SPRING,STREET,BOURKE,STREET,15,N,255287,N,MELBOURNE,MELBOURNE,-37.81123,144.97299,3002
162322,T20120020836,12/09/2012,111339,9155,19.00.00,1,Collision with vehicle,4,Wednesday,163,VEHICLE STRIKES DOOR OF PARKED/STATIONARY VEHICLE      ,1,Day,2,2,0,1,0,1,2,Not at intersection,3,Other Injury,50,B,NW,Bicycle,NW,1,1,H,5,1,1,No control,9999,SPRING,STREET,BOURKE,STREET,15,N,255287,N,MELBOURNE,MELBOURNE,-37.81123,144.97299,3002
167406,T20120026692,12/09/2012,111339,9155,18.00.00,8,No collision and no object struck,4,Wednesday,174,OUT OF CONTROL ON CARRIAGEWAY (ON STRAIGHT)         ,2,Dusk/Dawn,2,2,1,0,0,1,2,Multiple intersection,2,Hospitilisation,60,A,SE,Bicycle,SE,1,99,H,N,9,9,Stop-go lights,5882,ST KILDA,ROAD,DOMAIN,ROAD,0,NW,46158,I,MELBOURNE,"PORT PHILLIP,MELBOURNE",-37.83281,144.97224,3004
169449,T20120029124,12/09/2012,111339,9155,17.15.00,1,Collision with vehicle,3,Wednesday,137,LEFT TURN SIDESWIPE                     ,2,Dusk/Dawn,2,2,0,1,0,1,2,T intersection,3,Other Injury,999,B,SW,Bicycle,SW,1,1,H,F,2,3,No control,5499,CHURCH,STREET,SHAMROCK,STREET,0,N,66404,I,YARRA,YARRA,-37.82709,144.99768,3121
162316,T20120020834,13/09/2012,111339,9155,08.55.00,1,Collision with vehicle,5,Thursday,121,RIGHT THROUGH                        ,1,Day,2,2,0,1,0,1,1,Not at intersection,3,Other Injury,60,B,E ,Bicycle,E ,1,1,H,F,2,1,No control,5035,DYNON,ROAD,DYNON-CITYLINK OUT ON,RAMP,99,W,118220,N,MELBOURNE,MELBOURNE,-37.80404,144.93327,3003
162345,T20120020857,13/09/2012,111339,9155,13.45.00,1,Collision with vehicle,5,Thursday,111,RIGHT FAR (INTERSECTIONS ONLY)               ,1,Day,2,2,0,1,0,1,1,Cross intersection,3,Other Injury,50,B,W ,Bicycle,N ,2,2,H,9,2,2,Roundabout,9999,DRUMMOND,STREET,PELHAM,STREET,0,N,36353,I,MELBOURNE,MELBOURNE,-37.80298,144.96805,3053
162484,T20120021021,15/09/2012,111339,9155,16.59.00,1,Collision with vehicle,7,Saturday,130,REAR END(VEHICLES IN SAME LANE)               ,1,Day,3,3,0,1,0,2,1,Not at intersection,3,Other Injury,60,C,E ,Bicycle,E ,99,99,H,N,2,9,No control,9999,VICTORIA,STREET,ERROL,STREET,49,E,255257,N,MELBOURNE,MELBOURNE,-37.8052,144.9499,3051
162546,T20120021108,17/09/2012,111339,9155,08.15.00,8,No collision and no object struck,2,Monday,174,OUT OF CONTROL ON CARRIAGEWAY (ON STRAIGHT)         ,1,Day,2,2,1,0,0,1,1,Not at intersection,2,Hospitilisation,50,B,E ,Bicycle,E ,1,1,H,N,2,1,No control,9999,ALBERT,STREET,EADES,STREET,75,W,254843,N,MELBOURNE,MELBOURNE,-37.81003,144.98009,3002
162628,T20120021192,18/09/2012,111339,9155,08.56.00,1,Collision with vehicle,3,Tuesday,121,RIGHT THROUGH                        ,1,Day,2,2,0,1,0,1,1,T intersection,3,Other Injury,50,B,W ,Bicycle,W ,1,1,H,F,2,1,No control,9999,GRATTAN,STREET,BERKELEY,STREET,0,E,36227,I,MELBOURNE,MELBOURNE,-37.79986,144.95883,3053
175793,T20130006939,20/09/2012,111339,9155,07.00.00,1,Collision with vehicle,4,Thursday,111,RIGHT FAR (INTERSECTIONS ONLY)               ,2,Dusk/Dawn,2,2,0,1,0,1,2,Cross intersection,3,Other Injury,60,A,SE,Bicycle,SE,1,1,H,4,9,9,Stop-go lights,5046,ELIZABETH,STREET,QUEENSBERRY,STREET,0,S,83,I,MELBOURNE,MELBOURNE,-37.80404,144.95847,3000
162843,T20120021454,21/09/2012,111339,9155,10.50.00,1,Collision with vehicle,6,Friday,137,LEFT TURN SIDESWIPE                     ,1,Day,2,2,0,1,0,1,1,Not at intersection,3,Other Injury,60,B,E ,Bicycle,E ,1,1,H,1,2,6,No control,9999,ALBERT,STREET,PROVIDENCE,LANE,25,W,254922,N,MELBOURNE,MELBOURNE,-37.80989,144.97888,3002
163282,T20120021995,21/09/2012,111339,9155,15.45.00,1,Collision with vehicle,5,Friday,137,LEFT TURN SIDESWIPE                     ,1,Day,2,2,0,1,0,1,2,Cross intersection,3,Other Injury,999,B,S ,Bicycle,S ,1,1,H,F,2,9,No control,9999,ARGYLE,STREET,BRUNSWICK,STREET,0,E,36496,I,YARRA,YARRA,-37.79754,144.9786,3065
179640,T20130011101,22/09/2012,111339,9155,09.00.00,1,Collision with vehicle,7,Saturday,163,VEHICLE STRIKES DOOR OF PARKED/STATIONARY VEHICLE      ,1,Day,2,2,0,1,0,1,2,Not at intersection,3,Other Injury,60,A,SW,Bicycle,SW,1,1,H,F,2,6,Unknown,9999,HOWARD,STREET,VICTORIA,STREET,20,N,260584,N,MELBOURNE,MELBOURNE,-37.80545,144.95372,3051
163084,T20120021756,25/09/2012,111339,9155,08.32.00,1,Collision with vehicle,3,Tuesday,140,U TURN                           ,1,Day,2,2,0,1,0,1,1,Not at intersection,3,Other Injury,40,B,E ,Bicycle,E ,1,1,H,F,2,2,No control,9999,LANGRIDGE,STREET,SILVER,STREET,41,W,255073,N,YARRA,YARRA,-37.80671,144.98715,3066
163195,T20120021897,25/09/2012,111339,9155,15.20.00,1,Collision with vehicle,3,Tuesday,137,LEFT TURN SIDESWIPE                     ,1,Day,2,2,0,1,0,1,2,T intersection,3,Other Injury,60,B,W ,Bicycle,W ,1,1,H,F,2,6,No control,9999,GRATTAN,STREET,MALVINA,PLACE,0,E,65256,I,MELBOURNE,MELBOURNE,-37.80019,144.96174,3053
170779,T20130001535,25/09/2012,111339,9155,07.45.00,1,Collision with vehicle,3,Tuesday,133,LANE SIDE SWIPE (VEHICLES IN PARALLEL LANES)        ,1,Day,2,2,1,0,0,1,2,T intersection,2,Hospitilisation,60,A,W ,Bicycle,W ,1,17,H,N,2,6,Stop-go lights,9999,ARDEN,STREET,MUNSTER,TERRACE,0,W,57445,I,MELBOURNE,MELBOURNE,-37.80024,144.94331,3051
163242,T20120021948,26/09/2012,111339,9155,15.45.00,1,Collision with vehicle,4,Wednesday,135,LANE CHANGE LEFT (NOT OVERTAKING)              ,1,Day,2,3,0,1,0,2,2,Not at intersection,3,Other Injury,40,B,E ,Bicycle,E ,1,1,H,F,2,3,No control,5853,JOHNSTON,STREET,WELLINGTON,STREET,39,E,255083,N,YARRA,YARRA,-37.79932,144.98778,3066
163180,T20120021883,27/09/2012,111339,9155,07.30.00,1,Collision with vehicle,5,Thursday,140,U TURN                           ,2,Dusk/Dawn,2,2,0,1,0,1,1,Not at intersection,3,Other Injury,50,B,W ,Bicycle,NK,1,1,H,F,2,6,Unknown,9999,COLLINS,STREET,REGENT,PLACE,13,W,74898,N,MELBOURNE,MELBOURNE,-37.8153,144.96718,3000
163273,T20120021977,28/09/2012,111339,9155,14.30.00,1,Collision with vehicle,6,Friday,130,REAR END(VEHICLES IN SAME LANE)               ,1,Day,2,2,1,0,0,1,2,Not at intersection,2,Hospitilisation,50,A,S ,Bicycle,S ,1,1,H,F,2,2,No control,9999,RUSSELL,STREET,FLINDERS,LANE,25,N,254999,N,MELBOURNE,MELBOURNE,-37.81554,144.96936,3000
163502,T20120022258,2/10/2012,111339,9155,08.45.00,1,Collision with vehicle,3,Tuesday,163,VEHICLE STRIKES DOOR OF PARKED/STATIONARY VEHICLE      ,1,Day,2,2,0,1,0,1,2,Not at intersection,3,Other Injury,40,B,S ,Bicycle,S ,1,1,H,F,2,6,No control,9999,LYGON,STREET,UNIVERSITY,STREET,24,S,255863,N,MELBOURNE,MELBOURNE,-37.79956,144.96713,3053
163632,T20120022378,2/10/2012,111339,9155,11.30.00,2,Struck Pedestrian,3,Tuesday,106,VEH STRIKES PED ON FOOTPATH/MEDIAN/TRAFFIC ISLAND.,1,Day,1,2,0,1,0,1,2,Not at intersection,3,Other Injury,999,A,E ,Bicycle,E ,1,1,H,F,2,6,No control,9999,PARK,STREET,EMERALD HILL,PLACE,20,E,256109,N,PORT PHILLIP,PORT PHILLIP,-37.8353,144.96133,3205
163781,T20120022551,4/10/2012,111339,9155,16.40.00,1,Collision with vehicle,5,Thursday,137,LEFT TURN SIDESWIPE                     ,1,Day,2,2,1,0,0,1,2,Not at intersection,2,Hospitilisation,60,A,E ,Bicycle,E ,1,1,H,F,2,1,No control,9999,ALBERT,STREET,GOTCH,LANE,44,W,273820,N,MELBOURNE,MELBOURNE,-37.81058,144.98502,3002
164036,T20120022829,9/10/2012,111339,9155,08.15.00,1,Collision with vehicle,3,Tuesday,136,RIGHT TURN SIDESWIPE                    ,1,Day,2,2,0,1,0,1,1,Cross intersection,3,Other Injury,50,B,SW,Bicycle,SW,1,1,H,5,2,1,Stop-go lights,9999,ELIZABETH,STREET,LONSDALE,STREET,0,N,35355,I,MELBOURNE,MELBOURNE,-37.81228,144.96226,3000
164126,T20120022914,10/10/2012,111339,9155,08.41.00,1,Collision with vehicle,4,Wednesday,140,U TURN                           ,1,Day,2,2,1,0,0,1,1,Cross intersection,2,Hospitilisation,999,B,S ,Bicycle,S ,19,19,H,F,9,2,No control,5040,DUDLEY,STREET,ADDERLEY,STREET,0,SW,36808,I,MELBOURNE,MELBOURNE,-37.81096,144.94782,3008
164196,T20120022994,11/10/2012,111339,9155,09.35.00,1,Collision with vehicle,5,Thursday,163,VEHICLE STRIKES DOOR OF PARKED/STATIONARY VEHICLE      ,1,Day,2,3,0,1,0,2,2,Not at intersection,3,Other Injury,50,B,NE,Bicycle,NE,1,1,H,1,2,9,Ped. lights,9999,FLINDERS,STREET,DEGRAVES,STREET,55,E,255415,N,MELBOURNE,MELBOURNE,-37.81769,144.96662,3000
164197,T20120022994,11/10/2012,111339,9155,09.35.00,1,Collision with vehicle,5,Thursday,163,VEHICLE STRIKES DOOR OF PARKED/STATIONARY VEHICLE      ,1,Day,2,3,0,1,0,2,2,Not at intersection,3,Other Injury,50,B,NE,Bicycle,NE,1,1,H,1,2,9,Ped. lights,9999,FLINDERS,STREET,DEGRAVES,STREET,55,E,255415,N,MELBOURNE,MELBOURNE,-37.81769,144.96662,3000
164297,T20120023103,12/10/2012,111339,9155,17.50.00,1,Collision with vehicle,6,Friday,140,U TURN                           ,1,Day,2,2,0,1,0,1,1,Not at intersection,3,Other Injury,50,B,SW,Bicycle,SW,1,1,H,F,0,1,No control,9999,DORCAS,STREET,KINGS,WAY,2,E,255443,N,MELBOURNE,"MELBOURNE,PORT PHILLIP",-37.83144,144.966,3205
164414,T20120023264,14/10/2012,111339,9155,17.30.00,1,Collision with vehicle,1,Sunday,132,RIGHT REAR.                         ,1,Day,2,2,0,1,0,1,1,Cross intersection,3,Other Injury,60,A,E ,Bicycle,S ,2,2,H,R,0,1,Stop-go lights,5853,JOHNSTON,STREET,SMITH,STREET,0,W,36557,I,YARRA,YARRA,-37.79896,144.98427,3066
164554,T20120023436,16/10/2012,111339,9155,07.50.00,1,Collision with vehicle,3,Tuesday,121,RIGHT THROUGH                        ,1,Day,2,2,0,1,0,1,2,T intersection,3,Other Injury,50,B,SE,Bicycle,SE,1,1,H,F,2,9,No control,9999,WILLIAM,STREET,ABECKETT,STREET,0,N,36847,I,MELBOURNE,MELBOURNE,-37.81067,144.95594,3003
164649,T20120023560,16/10/2012,111339,9155,08.20.00,1,Collision with vehicle,3,Tuesday,163,VEHICLE STRIKES DOOR OF PARKED/STATIONARY VEHICLE      ,1,Day,2,2,0,1,0,1,2,Not at intersection,3,Other Injury,50,B,NE,Bicycle,NE,1,1,H,5,2,6,No control,5839,NORMANBY,ROAD,CLARENDON,STREET,62,SW,256263,N,MELBOURNE,MELBOURNE,-37.82543,144.95633,3006
165489,T20120024556,18/10/2012,111339,9155,17.45.00,6,Vehicle overturned (no collision),5,Thursday,174,OUT OF CONTROL ON CARRIAGEWAY (ON STRAIGHT)         ,1,Day,1,1,0,1,0,0,2,Not at intersection,3,Other Injury,40,A,N ,Bicycle,N ,1,1,H,F,2,1,No control,5499,CHURCH,STREET,PEARSON,STREET,11,S,255966,N,YARRA,YARRA,-37.82726,144.99765,3121
164924,T20120023887,23/10/2012,111339,9155,08.40.00,1,Collision with vehicle,3,Tuesday,137,LEFT TURN SIDESWIPE                     ,1,Day,2,2,1,0,0,1,1,T intersection,2,Hospitilisation,40,B,S ,Bicycle,S ,1,1,H,F,2,1,No control,5499,CHURCH,STREET,LITTLE KENT,STREET,0,N,65922,I,YARRA,YARRA,-37.81497,144.99983,3121
165028,T20120024021,24/10/2012,111339,9155,17.15.00,1,Collision with vehicle,4,Wednesday,163,VEHICLE STRIKES DOOR OF PARKED/STATIONARY VEHICLE      ,1,Day,2,2,0,1,0,1,1,Not at intersection,3,Other Injury,50,B,S ,Bicycle,S ,1,1,H,F,1,3,No control,9999,ELIZABETH,STREET,FLINDERS,LANE,47,N,255606,N,MELBOURNE,MELBOURNE,-37.8168,144.96434,3000
165036,T20120024031,24/10/2012,111339,9155,08.28.00,1,Collision with vehicle,4,Wednesday,137,LEFT TURN SIDESWIPE                     ,1,Day,2,2,0,1,0,1,1,T intersection,3,Other Injury,50,B,S ,Bicycle,S ,1,1,H,1,2,6,No control,9999,FRANKLIN,STREET,WILLIAM,STREET,0,W,53272,I,MELBOURNE,MELBOURNE,-37.80968,144.95548,3003
165043,T20120024046,25/10/2012,111339,9155,08.17.00,1,Collision with vehicle,5,Thursday,121,RIGHT THROUGH                        ,1,Day,4,4,1,2,0,1,1,Cross intersection,2,Hospitilisation,70,C,S ,Bicycle,S ,1,1,H,N,2,9,No control,2080,HODDLE,STREET,ABBOT,GROVE,0,S,36693,I,YARRA,YARRA,-37.79698,144.99344,3067
165044,T20120024046,25/10/2012,111339,9155,08.17.00,1,Collision with vehicle,5,Thursday,121,RIGHT THROUGH                        ,1,Day,4,4,1,2,0,1,1,Cross intersection,2,Hospitilisation,70,D,S ,Bicycle,S ,1,1,H,R,2,1,No control,2080,HODDLE,STREET,ABBOT,GROVE,0,S,36693,I,YARRA,YARRA,-37.79698,144.99344,3067
165205,T20120024201,26/10/2012,111339,9155,18.00.00,1,Collision with vehicle,6,Friday,113,RIGHT NEAR (INTERSECTIONS ONLY)               ,1,Day,2,2,0,1,0,1,1,T intersection,3,Other Injury,999,B,W ,Bicycle,W ,1,1,H,F,2,6,Giveway sign,9999,DOUGLAS,STREET,TURNER,STREET,0,S,47471,I,MELBOURNE,MELBOURNE,-37.82381,144.92398,3207
166966,T20120026198,29/10/2012,111339,9155,17.15.00,8,No collision and no object struck,2,Monday,174,OUT OF CONTROL ON CARRIAGEWAY (ON STRAIGHT)         ,2,Dusk/Dawn,1,1,0,1,0,0,2,Not at intersection,3,Other Injury,50,A,E ,Bicycle,E ,1,1,H,9,2,6,No control,9999,GERTRUDE,STREET,NICHOLSON,STREET,36,E,255776,N,YARRA,YARRA,-37.80542,144.97402,3065
165666,T20120024753,30/10/2012,111339,9155,16.53.00,1,Collision with vehicle,3,Tuesday,163,VEHICLE STRIKES DOOR OF PARKED/STATIONARY VEHICLE      ,1,Day,2,2,0,1,0,1,2,T intersection,3,Other Injury,60,B,S ,Bicycle,S ,1,1,H,5,2,9,No control,5882,ST KILDA,ROAD,DORCAS,STREET,1,N,256565,N,MELBOURNE,MELBOURNE,-37.82989,144.97153,3004
165654,T20120024743,2/11/2012,111339,9155,15.18.00,1,Collision with vehicle,6,Friday,135,LANE CHANGE LEFT (NOT OVERTAKING)              ,1,Day,2,2,0,2,0,0,2,Not at intersection,3,Other Injury,40,A,SE,Bicycle,SE,1,1,H,1,2,1,No control,5948,VICTORIA,STREET,SHELLEY,STREET,26,E,257717,N,YARRA,YARRA,-37.8099,144.99416,3121
165724,T20120024833,3/11/2012,111339,9155,15.04.00,1,Collision with vehicle,7,Saturday,148,VEHICLE OFF FOOTPATH STRIKES VEH ON CARRIAGEWAY,1,Day,2,5,1,0,0,4,1,Cross intersection,2,Hospitilisation,40,B,S ,Bicycle,S ,1,1,H,F,2,1,Stop sign,2080,PUNT,ROAD,STRODE,STREET,0,S,37066,I,MELBOURNE,"MELBOURNE,YARRA",-37.81938,144.98972,3121
165762,T20120024889,4/11/2012,111339,9155,12.50.00,1,Collision with vehicle,1,Sunday,136,RIGHT TURN SIDESWIPE                    ,1,Day,2,2,1,0,0,1,2,Cross intersection,2,Hospitilisation,60,A,NE,Bicycle,SE,2,8,H,1,9,6,No control,9999,QUEENSBERRY,STREET,SWANSTON,STREET,0,W,36278,I,MELBOURNE,MELBOURNE,-37.80456,144.96326,3053
166021,T20120025173,9/11/2012,111339,9155,00.32.00,8,No collision and no object struck,6,Friday,174,OUT OF CONTROL ON CARRIAGEWAY (ON STRAIGHT)         ,3,Dark Street lights on,1,1,0,1,0,0,1,Cross intersection,3,Other Injury,40,A,NW,Bicycle,NW,1,1,H,F,2,6,No control,5287,SWAN,STREET,CHURCH,STREET,0,W,35383,I,YARRA,YARRA,-37.82569,144.99793,3121
166065,T20120025231,9/11/2012,111339,9155,18.20.00,1,Collision with vehicle,6,Friday,148,VEHICLE OFF FOOTPATH STRIKES VEH ON CARRIAGEWAY,1,Day,2,2,1,0,0,1,1,Not at intersection,2,Hospitilisation,60,A,S ,Bicycle,S ,1,1,H,F,9,5,No control,9999,ARDEN,STREET,,,-1,NK,256511,N,MELBOURNE,MELBOURNE,-37.79941,144.93644,3051
166078,T20120025244,9/11/2012,111339,9155,18.16.00,1,Collision with vehicle,6,Friday,145,REVERSING IN STREAM OF TRAFFIC               ,1,Day,2,2,0,1,0,1,1,Not at intersection,3,Other Injury,40,B,N ,Bicycle,N ,7,7,H,F,0,5,No control,9999,SWANSTON,STREET,LITTLE BOURKE,STREET,14,S,256787,N,MELBOURNE,MELBOURNE,-37.81266,144.96524,3000
166101,T20120025267,9/11/2012,111339,9155,10.00.00,1,Collision with vehicle,6,Friday,116,LEFT NEAR (INTERSECTIONS ONLY)               ,1,Day,2,2,0,1,0,1,2,T intersection,3,Other Injury,50,B,SW,Bicycle,NW,3,3,H,1,2,3,No control,9999,EVANS,STREET,SWALLOW,STREET,0,N,256791,I,PORT PHILLIP,PORT PHILLIP,-37.83753,144.93569,3207
166230,T20120025404,12/11/2012,111339,9155,09.39.00,1,Collision with vehicle,2,Monday,133,LANE SIDE SWIPE (VEHICLES IN PARALLEL LANES)        ,1,Day,2,2,1,0,0,1,1,Not at intersection,2,Hospitilisation,40,A,N ,Bicycle,N ,1,1,H,F,2,5,No control,9999,EXHIBITION,STREET,LITTLE COLLINS,STREET,11,S,256552,N,MELBOURNE,MELBOURNE,-37.81315,144.97106,3000
166370,T20120025535,13/11/2012,111339,9155,18.15.00,1,Collision with vehicle,3,Tuesday,121,RIGHT THROUGH                        ,1,Day,2,2,1,0,0,1,1,T intersection,2,Hospitilisation,60,B,N ,Bicycle,N ,1,1,H,F,2,1,No control,9999,LITTLE PALMERSTON,STREET,RATHDOWNE,STREET,0,W,36498,I,MELBOURNE,MELBOURNE,-37.79668,144.97064,3053