,ACCIDENT_NO,ACCIDENTDATE,CYCLISTS,CYCLISTS_COUNT_LS,ACCIDENTTIME,ACCIDENT_TYPE,ACCIDENT_TYPE_DESC,DAY_OF_WEEK,DAY_WEEK_DESC,DCA_CODE,DCA Description,LIGHT_CONDITION,LIGHT_CONDITION_DEC,NO_OF_VEHICLES,NO_PERSONS,NO_PERSONS_INJ_2,NO_PERSONS_INJ_3,NO_PERSONS_KILLED,NO_PERSONS_NOT_INJ,POLICE_ATTEND,ROAD_GEOMETRY_DESC,SEVERITY,SEVERITY_DESC,SPEED_ZONE,VEHICLE_ID,INITIAL_DIRECTION,Vehicle Type Desc,FINAL_DIRECTION,DRIVER_INTENT,VEHICLE_MOVEMENT,TRAILER_TYPE,INITIAL_IMPACT,LAMPS,LEVEL_OF_DAMAGE,TRAFFIC_CONTROL_DESC,ROAD_ROUTE_1,ROAD_NAME,ROAD_TYPE,ROAD_NAME_INT,ROAD_TYPE_INT,DISTANCE_LOCATION,DIRECTION_LOCATION,NODE_ID,NODE_TYPE,LGA_NAME,Lga Name All,Lat,Long,Postcode No
166461,T20120025626,14/11/2012,111339,9155,18.00.00,1,Collision with vehicle,3,Wednesday,133,LANE SIDE SWIPE (VEHICLES IN PARALLEL LANES)        ,1,Day,2,2,0,1,0,1,2,Cross intersection,3,Other Injury,40,B,NW,Bicycle,NW,1,1,H,R,2,6,Stop-go lights,5853,JOHNSTON,STREET,SMITH,STREET,0,W,36557,I,YARRA,YARRA,-37.79896,144.98427,3066
166576,T20120025742,15/11/2012,111339,9155,18.00.00,1,Collision with vehicle,5,Thursday,131,LEFT REAR                          ,1,Day,2,2,0,1,0,1,2,Cross intersection,3,Other Injury,60,B,S ,Bicycle,S ,1,1,H,1,2,6,Stop-go lights,5082,VICTORIA,STREET,RATHDOWNE,STREET,0,W,29397,I,MELBOURNE,MELBOURNE,-37.80729,144.96885,3053
166604,T20120025773,16/11/2012,111339,9155,18.20.00,1,Collision with vehicle,6,Friday,137,LEFT TURN SIDESWIPE                     ,1,Day,2,2,1,0,0,1,1,Cross intersection,2,Hospitilisation,50,B,N ,Bicycle,N ,1,1,H,F,2,5,Stop-go lights,9999,ABBOTSFORD,STREET,ARDEN,STREET,0,S,36095,I,MELBOURNE,MELBOURNE,-37.80053,144.9459,3051
166773,T20120025971,19/11/2012,111339,9155,15.09.00,1,Collision with vehicle,2,Monday,163,VEHICLE STRIKES DOOR OF PARKED/STATIONARY VEHICLE      ,1,Day,2,2,1,0,0,1,2,T intersection,2,Hospitilisation,40,B,SE,Bicycle,SE,1,1,H,F,2,1,No control,5287,SWAN,STREET,KIPLING,STREET,0,W,37136,I,YARRA,YARRA,-37.82526,144.99412,3121
166898,T20120026125,21/11/2012,111339,9155,08.00.00,1,Collision with vehicle,4,Wednesday,148,VEHICLE OFF FOOTPATH STRIKES VEH ON CARRIAGEWAY,1,Day,2,2,0,1,0,1,2,Cross intersection,3,Other Injury,60,A,N ,Bicycle,NK,3,3,H,R,2,6,Ped. crossing,2510,KINGS,WAY,ALBERT,ROAD,0,NW,370,I,PORT PHILLIP,PORT PHILLIP,-37.83507,144.97113,3205
167061,T20120026298,23/11/2012,111339,9155,17.35.00,1,Collision with vehicle,6,Friday,110,CROSS TRAFFIC(INTERSECTIONS ONLY)              ,1,Day,2,2,1,0,0,1,1,Cross intersection,2,Hospitilisation,60,B,NW,Bicycle,NW,1,1,H,F,2,5,No control,5068,MACAULAY,ROAD,GRACIE,STREET,0,SE,29371,I,MELBOURNE,MELBOURNE,-37.79638,144.93997,3051
167203,T20120026481,23/11/2012,111339,9155,18.00.00,1,Collision with vehicle,6,Friday,110,CROSS TRAFFIC(INTERSECTIONS ONLY)              ,1,Day,2,2,0,1,0,1,2,Cross intersection,3,Other Injury,50,A,S ,Bicycle,NK,1,1,H,F,2,1,Roundabout,9999,HEATHER,STREET,PARK,STREET,0,SE,37572,I,PORT PHILLIP,PORT PHILLIP,-37.83431,144.96472,3205
167480,T20120026769,24/11/2012,111339,9155,13.00.00,2,Struck Pedestrian,7,Saturday,100,PED NEAR SIDE. PED HIT BY VEHICLE FROM THE RIGHT.      ,1,Day,1,2,0,1,0,1,2,Cross intersection,3,Other Injury,40,A,E ,Bicycle,N ,3,3,H,F,0,6,Stop-go lights,9999,GERTRUDE,STREET,LANGRIDGE,STREET,0,W,36572,I,YARRA,YARRA,-37.80637,144.98299,3066
167192,T20120026473,26/11/2012,111339,9155,08.24.00,1,Collision with vehicle,2,Monday,121,RIGHT THROUGH                        ,1,Day,2,2,1,0,0,1,1,T intersection,2,Hospitilisation,60,B,NW,Bicycle,NW,1,1,H,F,2,1,No control,5130,FERRARS,STREET,ST VINCENT N,PLACE,0,N,35398,I,PORT PHILLIP,PORT PHILLIP,-37.83782,144.95718,3206
167287,T20120026563,27/11/2012,111339,9155,08.42.00,1,Collision with vehicle,3,Tuesday,137,LEFT TURN SIDESWIPE                     ,1,Day,2,2,0,1,0,1,1,Not at intersection,3,Other Injury,40,B,W ,Bicycle,W ,1,1,H,1,2,1,Stop sign,9999,LA TROBE,STREET,ELIZABETH,STREET,65,E,273951,N,MELBOURNE,MELBOURNE,-37.81011,144.96205,3000
167288,T20120026563,27/11/2012,111339,9155,08.42.00,1,Collision with vehicle,3,Tuesday,137,LEFT TURN SIDESWIPE                     ,1,Day,2,2,0,1,0,1,1,Not at intersection,3,Other Injury,40,B,W ,Bicycle,W ,1,1,H,1,2,1,Stop sign,9999,LA TROBE,STREET,ELIZABETH,STREET,65,E,273951,N,MELBOURNE,MELBOURNE,-37.81011,144.96205,3000
167389,T20120026678,28/11/2012,111339,9155,12.20.00,1,Collision with vehicle,4,Wednesday,163,VEHICLE STRIKES DOOR OF PARKED/STATIONARY VEHICLE      ,1,Day,2,3,0,1,0,2,1,Not at intersection,3,Other Injury,40,B,W ,Bicycle,W ,1,1,H,F,2,6,No control,9999,COLLINS,STREET,COLLINS,PLACE,51,W,256508,N,MELBOURNE,MELBOURNE,-37.81372,144.97257,3000
167395,T20120026683,28/11/2012,111339,9155,11.45.00,1,Collision with vehicle,4,Wednesday,163,VEHICLE STRIKES DOOR OF PARKED/STATIONARY VEHICLE      ,1,Day,3,3,0,1,0,2,1,Not at intersection,3,Other Injury,40,B,SW,Bicycle,SW,1,1,H,F,2,6,No control,9999,KINGS,PLACE,COBDEN,STREET,2,W,256496,N,PORT PHILLIP,PORT PHILLIP,-37.83357,144.96954,3205
167396,T20120026683,28/11/2012,111339,9155,11.45.00,1,Collision with vehicle,4,Wednesday,163,VEHICLE STRIKES DOOR OF PARKED/STATIONARY VEHICLE      ,1,Day,3,3,0,1,0,2,1,Not at intersection,3,Other Injury,40,C,SW,Bicycle,SW,1,1,H,N,2,6,No control,9999,KINGS,PLACE,COBDEN,STREET,2,W,256496,N,PORT PHILLIP,PORT PHILLIP,-37.83357,144.96954,3205
167512,T20120026801,28/11/2012,111339,9155,09.30.00,1,Collision with vehicle,4,Wednesday,113,RIGHT NEAR (INTERSECTIONS ONLY)               ,1,Day,2,2,0,1,0,1,2,T intersection,3,Other Injury,50,B,NK,Bicycle,NK,1,1,H,F,2,1,Stop-go lights,9999,ELIZABETH,STREET,LA TROBE,STREET,0,N,65743,I,MELBOURNE,MELBOURNE,-37.81032,144.96136,3000
167513,T20120026801,28/11/2012,111339,9155,09.30.00,1,Collision with vehicle,4,Wednesday,113,RIGHT NEAR (INTERSECTIONS ONLY)               ,1,Day,2,2,0,1,0,1,2,T intersection,3,Other Injury,50,B,NK,Bicycle,NK,1,1,H,F,2,1,Stop-go lights,9999,ELIZABETH,STREET,LA TROBE,STREET,0,N,65743,I,MELBOURNE,MELBOURNE,-37.81032,144.96136,3000
167551,T20120026847,30/11/2012,111339,9155,08.15.00,1,Collision with vehicle,5,Friday,133,LANE SIDE SWIPE (VEHICLES IN PARALLEL LANES)        ,1,Day,2,2,0,1,0,1,2,Cross intersection,3,Other Injury,40,A,N ,Bicycle,N ,15,15,H,N,2,1,Stop-go lights,9999,FLINDERS,LANE,SWANSTON,STREET,0,E,35364,I,MELBOURNE,MELBOURNE,-37.81649,144.96699,3000
167787,T20120027137,3/12/2012,111339,9155,15.13.00,1,Collision with vehicle,2,Monday,163,VEHICLE STRIKES DOOR OF PARKED/STATIONARY VEHICLE      ,1,Day,2,2,0,1,0,1,1,Not at intersection,3,Other Injury,60,B,SE,Bicycle,SE,1,1,H,F,2,1,No control,5103,WELLINGTON,PARADE,POWLETT,STREET,21,E,256911,N,MELBOURNE,MELBOURNE,-37.81641,144.98542,3002
167848,T20120027221,5/12/2012,111339,9155,09.30.00,1,Collision with vehicle,4,Wednesday,163,VEHICLE STRIKES DOOR OF PARKED/STATIONARY VEHICLE      ,1,Day,2,3,0,1,0,2,2,T intersection,3,Other Injury,50,B,S ,Bicycle,S ,1,1,H,F,9,9,Giveway sign,5853,JOHNSTON,STREET,TRENERRY,CRESCENT,0,W,35344,I,YARRA,YARRA,-37.80052,144.99994,3067
168157,T20120027561,7/12/2012,111339,9155,18.09.00,1,Collision with vehicle,6,Friday,135,LANE CHANGE LEFT (NOT OVERTAKING)              ,1,Day,2,2,0,1,0,1,1,Not at intersection,3,Other Injury,50,B,NE,Bicycle,NE,1,1,H,1,2,1,No control,9999,WRECKYN,STREET,OXFORD,STREET,11,SW,256682,N,MELBOURNE,MELBOURNE,-37.80041,144.95407,3051
168304,T20120027726,11/12/2012,111339,9155,20.30.00,1,Collision with vehicle,3,Tuesday,140,U TURN                           ,2,Dusk/Dawn,2,2,0,1,0,1,2,Not at intersection,3,Other Injury,40,A,NW,Bicycle,NW,1,1,H,5,2,2,Unknown,9999,SWANSTON,STREET,LITTLE COLLINS,STREET,48,N,274142,N,MELBOURNE,MELBOURNE,-37.81411,144.9659,3000
168684,T20120028193,11/12/2012,111339,9155,18.00.00,8,No collision and no object struck,3,Tuesday,174,OUT OF CONTROL ON CARRIAGEWAY (ON STRAIGHT)         ,1,Day,2,2,1,0,0,1,2,Cross intersection,2,Hospitilisation,50,A,N ,Bicycle,N ,1,1,H,9,2,1,Unknown,9999,CHAPEL,STREET,NAPIER,STREET,0,W,55697,I,YARRA,YARRA,-37.79917,144.98061,3065
168321,T20120027753,12/12/2012,111339,9155,11.15.00,4,Collision with a fixed object,4,Wednesday,164,PERMANENT OBSTRUCTION ON CARRIAGEWAY            ,1,Day,3,3,0,2,0,1,1,Not at intersection,3,Other Injury,50,B,SW,Bicycle,SW,1,7,H,F,2,1,No control,9999,SWANSTON,STREET,CORNELL,PLACE,42,S,256732,N,MELBOURNE,MELBOURNE,-37.80542,144.96311,3053
168322,T20120027753,12/12/2012,111339,9155,11.15.00,4,Collision with a fixed object,4,Wednesday,164,PERMANENT OBSTRUCTION ON CARRIAGEWAY            ,1,Day,3,3,0,2,0,1,1,Not at intersection,3,Other Injury,50,C,SW,Bicycle,SW,1,7,H,F,2,1,No control,9999,SWANSTON,STREET,CORNELL,PLACE,42,S,256732,N,MELBOURNE,MELBOURNE,-37.80542,144.96311,3053
168407,T20120027856,13/12/2012,111339,9155,07.15.00,1,Collision with vehicle,5,Thursday,131,LEFT REAR                          ,1,Day,2,2,0,1,0,1,2,Cross intersection,3,Other Injury,40,B,S ,Bicycle,S ,6,6,H,F,2,6,Stop-go lights,9999,COLLINS,STREET,WILLIAM,STREET,0,E,36867,I,MELBOURNE,MELBOURNE,-37.81764,144.95911,3000
168410,T20120027861,13/12/2012,111339,9155,08.00.00,1,Collision with vehicle,5,Thursday,140,U TURN                           ,1,Day,2,2,0,1,0,1,2,Not at intersection,3,Other Injury,50,A,NW,Bicycle,NW,1,1,H,F,2,9,No control,5318,CLARENDON,STREET,NORMANBY,ROAD,50,N,126823,N,MELBOURNE,MELBOURNE,-37.82472,144.95676,3006
168585,T20120028069,15/12/2012,111339,9155,20.40.00,1,Collision with vehicle,7,Saturday,137,LEFT TURN SIDESWIPE                     ,3,Dark Street lights on,2,2,0,1,0,1,2,Cross intersection,3,Other Injury,40,B,NE,Bicycle,NE,1,1,H,F,0,6,No control,9999,ARGYLE,STREET,BRUNSWICK,STREET,0,E,36496,I,YARRA,YARRA,-37.79754,144.9786,3065
168670,T20120028171,16/12/2012,111339,9155,14.25.00,1,Collision with vehicle,1,Sunday,163,VEHICLE STRIKES DOOR OF PARKED/STATIONARY VEHICLE      ,1,Day,2,4,1,0,0,3,1,Not at intersection,2,Hospitilisation,40,C,NE,Bicycle,NE,1,1,H,F,2,9,No control,9999,BRUNSWICK,STREET,ST DAVID,STREET,52,S,256882,N,YARRA,YARRA,-37.80107,144.97799,3065
168740,T20120028261,17/12/2012,111339,9155,08.45.00,1,Collision with vehicle,2,Monday,137,LEFT TURN SIDESWIPE                     ,1,Day,2,2,0,1,0,1,2,T intersection,3,Other Injury,60,A,S ,Bicycle,S ,1,1,H,F,2,1,Stop-go lights,2080,PUNT,ROAD,ROWENA,PARADE,0,S,37068,I,MELBOURNE,"MELBOURNE,YARRA",-37.82029,144.98957,3121
168808,T20120028329,18/12/2012,111339,9155,14.00.00,1,Collision with vehicle,2,Tuesday,133,LANE SIDE SWIPE (VEHICLES IN PARALLEL LANES)        ,1,Day,2,2,1,0,0,1,2,Not at intersection,2,Hospitilisation,999,B,S ,Bicycle,S ,1,1,H,1,2,6,No control,2120,MONTAGUE,STREET,CONVENTION CENTRE,PLACE,44,N,257115,N,MELBOURNE,MELBOURNE,-37.82483,144.94835,3008
169686,T20130000245,18/12/2012,111339,9155,21.30.00,8,No collision and no object struck,3,Tuesday,174,OUT OF CONTROL ON CARRIAGEWAY (ON STRAIGHT)         ,3,Dark Street lights on,2,2,0,1,0,1,2,Cross intersection,3,Other Injury,40,A,SE,Bicycle,SE,99,99,H,F,2,1,Stop-go lights,5499,CHURCH,STREET,COTTER,STREET,0,N,29441,I,YARRA,YARRA,-37.83041,144.99708,3121
168892,T20120028426,19/12/2012,111339,9155,21.15.00,1,Collision with vehicle,4,Wednesday,121,RIGHT THROUGH                        ,3,Dark Street lights on,2,5,0,1,0,4,1,Cross intersection,3,Other Injury,40,B,SE,Bicycle,SE,1,1,H,1,2,5,Stop-go lights,9999,COLLINS,STREET,WILLIAM,STREET,0,E,36867,I,MELBOURNE,MELBOURNE,-37.81764,144.95911,3000
169147,T20120028767,20/12/2012,111339,9155,17.20.00,1,Collision with vehicle,5,Thursday,163,VEHICLE STRIKES DOOR OF PARKED/STATIONARY VEHICLE      ,1,Day,2,2,1,0,0,1,2,Not at intersection,2,Hospitilisation,60,B,NE,Bicycle,NE,1,1,H,F,0,9,No control,9999,HOWARD,STREET,LITTLE HOWARD,STREET,22,N,257100,N,MELBOURNE,MELBOURNE,-37.80421,144.95394,3051
168969,T20120028513,21/12/2012,111339,9155,11.35.00,8,No collision and no object struck,6,Friday,174,OUT OF CONTROL ON CARRIAGEWAY (ON STRAIGHT)         ,1,Day,2,3,1,0,0,2,1,T intersection,2,Hospitilisation,40,A,NW,Bicycle,NW,2,18,H,N,9,9,Stop-go lights,5287,SWAN,STREET,CARROLL,STREET,0,W,57474,I,YARRA,YARRA,-37.82524,144.99395,3121
169457,T20120029130,31/12/2012,111339,9155,11.25.00,1,Collision with vehicle,2,Monday,121,RIGHT THROUGH                        ,1,Day,2,2,0,2,0,0,1,Cross intersection,3,Other Injury,40,B,NE,Bicycle,NE,1,1,H,F,2,1,Stop-go lights,9999,ELIZABETH,STREET,LONSDALE,STREET,0,N,35355,I,MELBOURNE,MELBOURNE,-37.81228,144.96226,3000
169722,T20130000285,5/01/2013,121154,15885,13.00.00,1,Collision with vehicle,7,Saturday,163,VEHICLE STRIKES DOOR OF PARKED/STATIONARY VEHICLE      ,1,Day,2,3,0,1,0,2,1,Not at intersection,3,Other Injury,60,B,N ,Bicycle,N ,1,1,H,F,2,1,No control,9999,ST KILDA,ROAD,SWANSTON,STREET,47,S,239584,N,MELBOURNE,MELBOURNE,-37.81912,144.9682,3000
169880,T20130000495,8/01/2013,121154,15885,18.20.00,1,Collision with vehicle,2,Tuesday,133,LANE SIDE SWIPE (VEHICLES IN PARALLEL LANES)        ,1,Day,2,2,0,1,0,1,2,Cross intersection,3,Other Injury,60,A,NW,Bicycle,NW,6,6,H,1,1,1,Stop-go lights,5882,ST KILDA,ROAD,LINLITHGOW,AVENUE,0,N,29387,I,MELBOURNE,MELBOURNE,-37.82332,144.97013,3006
169929,T20130000562,9/01/2013,121154,15885,18.00.00,1,Collision with vehicle,4,Wednesday,163,VEHICLE STRIKES DOOR OF PARKED/STATIONARY VEHICLE      ,1,Day,2,3,0,1,0,2,1,Not at intersection,3,Other Injury,40,B,NW,Bicycle,NW,1,1,H,F,2,3,No control,9999,ST KILDA,ROAD,SWANSTON,STREET,55,S,233864,N,MELBOURNE,MELBOURNE,-37.81918,144.96823,3000
177141,T20130008415,9/01/2013,121154,15885,18.00.00,1,Collision with vehicle,4,Wednesday,115,RIGHT/LEFT FAR (INTERSECTIONS ONLY)             ,1,Day,2,2,0,1,0,1,2,Multiple intersection,3,Other Injury,999,A,NW,Bicycle,NE,2,2,H,5,2,6,No control,9999,ARDEN,STREET,WRECKYN,STREET,0,NW,36152,I,MELBOURNE,MELBOURNE,-37.80113,144.95311,3051
170248,T20130000933,15/01/2013,121154,15885,11.05.00,1,Collision with vehicle,3,Tuesday,110,CROSS TRAFFIC(INTERSECTIONS ONLY)              ,1,Day,2,2,1,0,0,1,1,Cross intersection,2,Hospitilisation,50,B,NE,Bicycle,NE,1,13,H,F,2,3,Giveway sign,9999,DORCAS,STREET,TOPE,STREET,0,W,57485,I,PORT PHILLIP,PORT PHILLIP,-37.83206,144.96386,3205
170267,T20130000951,15/01/2013,121154,15885,17.25.00,1,Collision with vehicle,3,Tuesday,143,ENTERING PARKING                      ,1,Day,2,3,0,1,0,2,1,Not at intersection,3,Other Injury,40,B,NE,Bicycle,NE,1,1,H,1,2,2,No control,9999,BRUNSWICK,STREET,KING WILLIAM,STREET,13,S,257555,N,YARRA,YARRA,-37.80245,144.97776,3065
170315,T20130001000,16/01/2013,121154,15885,07.35.00,1,Collision with vehicle,4,Wednesday,121,RIGHT THROUGH                        ,1,Day,2,2,0,1,0,1,1,T intersection,3,Other Injury,40,B,NW,Bicycle,NW,1,1,H,F,0,9,No control,9999,ERIN,STREET,LEIGH,PLACE,0,W,257794,I,YARRA,YARRA,-37.81675,144.99428,3121
179697,T20130011160,16/01/2013,121154,15885,09.30.00,1,Collision with vehicle,4,Wednesday,148,VEHICLE OFF FOOTPATH STRIKES VEH ON CARRIAGEWAY,1,Day,2,2,0,1,0,1,2,Cross intersection,3,Other Injury,50,B,W ,Bicycle,W ,1,1,H,5,2,1,Ped. crossing,5046,ELIZABETH,STREET,ROYAL,PARADE,0,S,36210,I,MELBOURNE,MELBOURNE,-37.79972,144.95756,3052
170452,T20130001144,17/01/2013,121154,15885,18.10.00,1,Collision with vehicle,5,Thursday,110,CROSS TRAFFIC(INTERSECTIONS ONLY)              ,1,Day,2,2,0,2,0,0,1,Cross intersection,3,Other Injury,50,B,SW,Bicycle,SW,1,1,H,8,0,1,Giveway sign,9999,HOTHAM,STREET,SIMPSON,STREET,0,E,37041,I,MELBOURNE,MELBOURNE,-37.81442,144.98818,3002
170467,T20130001155,17/01/2013,121154,15885,08.40.00,1,Collision with vehicle,4,Thursday,135,LANE CHANGE LEFT (NOT OVERTAKING)              ,1,Day,2,2,0,1,0,1,2,T intersection,3,Other Injury,999,B,NE,Bicycle,NE,1,1,H,1,2,1,No control,9999,LA TROBE,STREET,WILLS,STREET,0,W,258507,I,MELBOURNE,MELBOURNE,-37.81143,144.95755,3000
170468,T20130001155,17/01/2013,121154,15885,08.40.00,1,Collision with vehicle,4,Thursday,135,LANE CHANGE LEFT (NOT OVERTAKING)              ,1,Day,2,2,0,1,0,1,2,T intersection,3,Other Injury,999,B,NE,Bicycle,NE,1,1,H,1,2,1,No control,9999,LA TROBE,STREET,WILLS,STREET,0,W,258507,I,MELBOURNE,MELBOURNE,-37.81143,144.95755,3000
170477,T20130001164,18/01/2013,121154,15885,16.30.00,1,Collision with vehicle,6,Friday,163,VEHICLE STRIKES DOOR OF PARKED/STATIONARY VEHICLE      ,1,Day,2,4,0,2,0,2,2,T intersection,3,Other Injury,40,B,NW,Bicycle,NW,1,1,H,F,2,3,Unknown,5127,TOORAK,ROAD,,,17,NK,230630,I,PORT PHILLIP,PORT PHILLIP,-37.83693,144.97561,3004
170630,T20130001336,21/01/2013,121154,15885,08.51.00,1,Collision with vehicle,2,Monday,140,U TURN                           ,1,Day,2,2,0,1,0,1,1,Not at intersection,3,Other Injury,40,B,SW,Bicycle,SW,1,1,H,1,0,1,No control,9999,FLINDERS,STREET,CHAPTER HOUSE,LANE,21,W,217675,N,MELBOURNE,MELBOURNE,-37.81729,144.96799,3000
170631,T20130001336,21/01/2013,121154,15885,08.51.00,1,Collision with vehicle,2,Monday,140,U TURN                           ,1,Day,2,2,0,1,0,1,1,Not at intersection,3,Other Injury,40,B,SW,Bicycle,SW,1,1,H,1,0,1,No control,9999,FLINDERS,STREET,CHAPTER HOUSE,LANE,21,W,217675,N,MELBOURNE,MELBOURNE,-37.81729,144.96799,3000
170637,T20130001340,21/01/2013,121154,15885,09.55.00,1,Collision with vehicle,2,Monday,130,REAR END(VEHICLES IN SAME LANE)               ,1,Day,2,2,0,1,0,1,1,Not at intersection,3,Other Injury,50,B,S ,Bicycle,S ,1,1,H,9,2,1,No control,9999,NICHOLSON,STREET,HARPER,STREET,42,N,258007,N,YARRA,YARRA,-37.80344,144.99711,3067
170714,T20130001450,22/01/2013,121154,15885,17.30.00,8,No collision and no object struck,2,Tuesday,199,UNKNOWN-NO DETAILS ON MANOEUVRES OF ROAD-USERS IN ACCIDENT ,1,Day,1,1,0,1,0,0,1,Not at intersection,3,Other Injury,30,A,NW,Bicycle,NW,1,1,H,N,2,5,Stop-go lights,9999,SWANSTON,STREET,BOURKE,STREET,12,N,258511,N,MELBOURNE,MELBOURNE,-37.81343,144.96559,3000
170726,T20130001462,22/01/2013,121154,15885,17.50.00,1,Collision with vehicle,3,Tuesday,121,RIGHT THROUGH                        ,1,Day,2,2,1,0,0,1,1,T intersection,2,Hospitilisation,60,B,N ,Bicycle,NW,1,1,H,F,2,3,No control,5499,CHURCH,STREET,WALTHAM,PLACE,0,N,35382,I,YARRA,YARRA,-37.8205,144.99884,3121
170888,T20130001644,25/01/2013,121154,15885,09.40.00,8,No collision and no object struck,6,Friday,174,OUT OF CONTROL ON CARRIAGEWAY (ON STRAIGHT)         ,1,Day,2,2,1,0,0,1,1,Not at intersection,2,Hospitilisation,60,B,S ,Bicycle,S ,1,7,H,N,2,9,Other,9999,SWANSTON,STREET,GRATTAN,STREET,73,N,257526,N,MELBOURNE,MELBOURNE,-37.79978,144.96409,3053
171178,T20130002002,29/01/2013,121154,15885,17.20.00,1,Collision with vehicle,3,Tuesday,110,CROSS TRAFFIC(INTERSECTIONS ONLY)              ,1,Day,2,2,0,1,0,1,1,Cross intersection,3,Other Injury,50,A,NE,Bicycle,NE,1,1,H,F,2,1,Roundabout,9999,DRUMMOND,STREET,PELHAM,STREET,0,N,36353,I,MELBOURNE,MELBOURNE,-37.80298,144.96805,3053
171181,T20130002004,29/01/2013,121154,15885,17.45.00,1,Collision with vehicle,3,Tuesday,143,ENTERING PARKING                      ,1,Day,2,2,1,0,0,1,1,Not at intersection,2,Hospitilisation,60,B,SE,Bicycle,SE,1,1,H,1,2,1,No control,9999,ELGIN,STREET,CASAMENTO,PLACE,11,E,257573,N,MELBOURNE,MELBOURNE,-37.79754,144.97101,3053
171565,T20130002402,31/01/2013,121154,15885,11.00.00,1,Collision with vehicle,5,Thursday,145,REVERSING IN STREAM OF TRAFFIC               ,1,Day,2,2,0,1,0,1,2,Cross intersection,3,Other Injury,60,A,SE,Bicycle,SE,17,17,H,F,2,2,Stop-go lights,2510,KINGS,WAY,ALBERT,ROAD,0,NW,370,I,PORT PHILLIP,PORT PHILLIP,-37.83507,144.97113,3205
172050,T20130002901,1/02/2013,121154,15885,18.00.00,1,Collision with vehicle,6,Friday,163,VEHICLE STRIKES DOOR OF PARKED/STATIONARY VEHICLE      ,1,Day,2,2,0,1,0,1,2,Not at intersection,3,Other Injury,60,A,SE,Bicycle,SE,1,1,H,F,9,1,No control,5853,JOHNSTON,STREET,FITZROY,STREET,45,E,257908,N,YARRA,YARRA,-37.79828,144.97789,3065
174020,T20130005060,1/02/2013,121154,15885,16.00.00,1,Collision with vehicle,6,Friday,110,CROSS TRAFFIC(INTERSECTIONS ONLY)              ,9,Unknown,2,2,0,1,0,1,2,Cross intersection,3,Other Injury,50,B,NE,Bicycle,NE,1,1,H,5,2,1,Roundabout,9999,GORE,STREET,WESTGARTH,STREET,0,N,258514,I,YARRA,YARRA,-37.79522,144.9837,3065
171663,T20130002510,5/02/2013,121154,15885,16.00.00,1,Collision with vehicle,3,Tuesday,163,VEHICLE STRIKES DOOR OF PARKED/STATIONARY VEHICLE      ,1,Day,2,2,2,0,0,0,1,Not at intersection,2,Hospitilisation,40,B,NW,Bicycle,NW,1,1,H,5,2,1,No control,5044,FLEMINGTON,ROAD,ERROL,STREET,13,NW,258033,N,MELBOURNE,MELBOURNE,-37.79631,144.95057,3051
171680,T20130002526,5/02/2013,121154,15885,18.40.00,2,Struck Pedestrian,3,Tuesday,100,PED NEAR SIDE. PED HIT BY VEHICLE FROM THE RIGHT.      ,1,Day,1,2,0,1,0,1,1,Cross intersection,3,Other Injury,40,A,SE,Bicycle,SE,1,1,H,F,2,6,Ped. crossing,9999,LONSDALE,STREET,SWANSTON,STREET,0,E,35363,I,MELBOURNE,MELBOURNE,-37.81156,144.96473,3000
171686,T20130002535,5/02/2013,121154,15885,18.35.00,1,Collision with vehicle,3,Tuesday,121,RIGHT THROUGH                        ,1,Day,2,2,1,0,0,1,1,Cross intersection,2,Hospitilisation,60,B,NW,Bicycle,NW,1,1,H,F,2,1,Stop-go lights,5082,VICTORIA,STREET,SWANSTON,STREET,0,W,36264,I,MELBOURNE,MELBOURNE,-37.80666,144.9629,3053
171719,T20130002566,6/02/2013,121154,15885,07.30.00,2,Struck Pedestrian,4,Wednesday,109,ANY MANOEUVRE INVOLVING PED NOT INCLUDED IN DCAs 100-108.  ,1,Day,1,2,2,0,0,0,2,Not at intersection,2,Hospitilisation,50,A,NW,Bicycle,NW,99,1,H,F,2,2,No control,9999,ALBERT,STREET,PROVIDENCE,LANE,36,E,257869,N,MELBOURNE,MELBOURNE,-37.80997,144.97957,3002
171767,T20130002617,6/02/2013,121154,15885,18.40.00,1,Collision with vehicle,4,Wednesday,149,OTHER MANOEUVRING NOT INCLUDED IN DCAs 140-148       ,1,Day,2,2,0,1,0,1,1,Not at intersection,3,Other Injury,50,B,NW,Bicycle,NW,1,1,H,F,1,1,No control,9999,CARLTON,STREET,CANNING,STREET,14,E,257953,N,MELBOURNE,MELBOURNE,-37.80102,144.97248,3053