,ACCIDENT_NO,ACCIDENTDATE,CYCLISTS,CYCLISTS_COUNT_LS,ACCIDENTTIME,ACCIDENT_TYPE,ACCIDENT_TYPE_DESC,DAY_OF_WEEK,DAY_WEEK_DESC,DCA_CODE,DCA Description,LIGHT_CONDITION,LIGHT_CONDITION_DEC,NO_OF_VEHICLES,NO_PERSONS,NO_PERSONS_INJ_2,NO_PERSONS_INJ_3,NO_PERSONS_KILLED,NO_PERSONS_NOT_INJ,POLICE_ATTEND,ROAD_GEOMETRY_DESC,SEVERITY,SEVERITY_DESC,SPEED_ZONE,VEHICLE_ID,INITIAL_DIRECTION,Vehicle Type Desc,FINAL_DIRECTION,DRIVER_INTENT,VEHICLE_MOVEMENT,TRAILER_TYPE,INITIAL_IMPACT,LAMPS,LEVEL_OF_DAMAGE,TRAFFIC_CONTROL_DESC,ROAD_ROUTE_1,ROAD_NAME,ROAD_TYPE,ROAD_NAME_INT,ROAD_TYPE_INT,DISTANCE_LOCATION,DIRECTION_LOCATION,NODE_ID,NODE_TYPE,LGA_NAME,Lga Name All,Lat,Long,Postcode No
172088,T20130002939,6/02/2013,121154,15885,18.00.00,1,Collision with vehicle,4,Wednesday,154,PULLING OUT -REAR END                    ,1,Day,2,3,0,1,0,2,2,Not at intersection,3,Other Injury,40,B,SE,Bicycle,SE,1,1,H,5,0,6,No control,9999,EXHIBITION,STREET,LITTLE LONSDALE,STREET,24,N,257959,N,MELBOURNE,MELBOURNE,-37.80893,144.9691,3000
175195,T20130006279,6/02/2013,121154,15885,12.00.00,8,No collision and no object struck,4,Wednesday,174,OUT OF CONTROL ON CARRIAGEWAY (ON STRAIGHT)         ,9,Unknown,2,2,0,1,0,1,2,Not at intersection,3,Other Injury,60,A,SW,Bicycle,SW,1,1,H,N,2,6,Unknown,5499,CHURCH,STREET,HOWARD,STREET,31,S,268502,N,YARRA,YARRA,-37.83313,144.99668,3121
171842,T20130002695,7/02/2013,121154,15885,18.54.00,1,Collision with vehicle,5,Thursday,163,VEHICLE STRIKES DOOR OF PARKED/STATIONARY VEHICLE      ,1,Day,2,3,0,1,0,2,1,Not at intersection,3,Other Injury,40,B,SW,Bicycle,SW,1,1,H,F,0,1,No control,9999,LONSDALE,STREET,ELIZABETH,STREET,17,E,258044,N,MELBOURNE,MELBOURNE,-37.81223,144.96244,3000
173117,T20130004055,8/02/2013,121154,15885,07.30.00,1,Collision with vehicle,6,Friday,121,RIGHT THROUGH                        ,1,Day,2,2,0,1,0,1,2,Not at intersection,3,Other Injury,50,B,SW,Bicycle,SW,1,1,H,F,2,2,No control,5065,PEEL,STREET,VICTORIA,STREET,91,S,261648,N,MELBOURNE,MELBOURNE,-37.80669,144.95586,3003
172093,T20130002946,11/02/2013,121154,15885,17.45.00,8,No collision and no object struck,2,Monday,174,OUT OF CONTROL ON CARRIAGEWAY (ON STRAIGHT)         ,1,Day,2,2,1,0,0,1,1,T intersection,2,Hospitilisation,50,B,NW,Bicycle,NW,1,1,H,N,1,9,Stop-go lights,9999,ARDEN,STREET,LAURENS,STREET,0,W,36082,I,MELBOURNE,MELBOURNE,-37.8001,144.94199,3051
187200,T20130019211,11/02/2013,121154,15885,08.00.00,1,Collision with vehicle,2,Monday,121,RIGHT THROUGH                        ,1,Day,2,2,0,1,0,1,2,T intersection,3,Other Injury,40,A,SE,Bicycle,SE,1,1,H,1,2,1,Unknown,9999,WILLIAM,STREET,ABECKETT,STREET,0,N,36847,I,MELBOURNE,MELBOURNE,-37.81067,144.95594,3003
172171,T20130003042,12/02/2013,121154,15885,23.30.00,1,Collision with vehicle,3,Tuesday,142,LEAVING PARKING                       ,3,Dark Street lights on,2,2,0,1,0,1,2,Not at intersection,3,Other Injury,40,A,NE,Bicycle,NE,1,1,H,F,1,1,No control,9999,BRUNSWICK,STREET,HANOVER,STREET,57,S,268110,N,YARRA,YARRA,-37.80357,144.97757,3065
172194,T20130003061,13/02/2013,121154,15885,08.30.00,1,Collision with vehicle,4,Wednesday,139,OTHER SAME DIRECTION-MANOUEVRES NOT INCLUDED IN DCAs 130-137,1,Day,2,2,0,1,0,1,2,Cross intersection,3,Other Injury,999,B,SW,Bicycle,SW,1,1,H,R,9,1,Stop-go lights,9999,BOURKE,STREET,HARBOUR,ESPLANADE,0,E,10760,I,MELBOURNE,MELBOURNE,-37.819,144.94671,3008
172241,T20130003115,13/02/2013,121154,15885,20.00.00,1,Collision with vehicle,4,Wednesday,136,RIGHT TURN SIDESWIPE                    ,1,Day,2,2,0,1,0,1,2,Cross intersection,3,Other Injury,40,B,SW,Bicycle,SW,1,1,H,F,2,1,Unknown,9999,COLLINS,STREET,ELIZABETH,STREET,0,E,35360,I,MELBOURNE,MELBOURNE,-37.81622,144.96407,3000
172553,T20130003452,13/02/2013,121154,15885,19.45.00,1,Collision with vehicle,4,Wednesday,133,LANE SIDE SWIPE (VEHICLES IN PARALLEL LANES)        ,9,Unknown,2,2,0,1,0,1,2,Not at intersection,3,Other Injury,999,A,SW,Bicycle,SW,1,1,H,1,9,6,No control,9999,LONSDALE,STREET,HAYWARD,LANE,40,E,258214,N,MELBOURNE,MELBOURNE,-37.8106,144.96802,3000
173849,T20130004884,15/02/2013,121154,15885,18.00.00,1,Collision with vehicle,6,Friday,121,RIGHT THROUGH                        ,1,Day,2,2,0,1,0,1,2,Cross intersection,3,Other Injury,999,B,SE,Bicycle,SE,1,1,H,F,9,9,Unknown,9999,LANGRIDGE,STREET,WELLINGTON,STREET,0,W,29405,I,YARRA,YARRA,-37.80659,144.98608,3066
172425,T20130003303,16/02/2013,121154,15885,10.00.00,1,Collision with vehicle,7,Saturday,137,LEFT TURN SIDESWIPE                     ,1,Day,2,2,0,1,0,1,1,T intersection,3,Other Injury,40,B,S ,Bicycle,S ,1,1,H,1,2,1,No control,9999,MOLLISON,STREET,NICHOLSON,STREET,0,W,36721,I,YARRA,YARRA,-37.80722,144.99643,3067
172542,T20130003437,18/02/2013,121154,15885,09.15.00,1,Collision with vehicle,2,Monday,140,U TURN                           ,1,Day,2,2,1,0,0,1,1,T intersection,2,Hospitilisation,40,B,SW,Bicycle,SW,1,1,H,F,2,1,No control,9999,BRUNSWICK,STREET,HANOVER,STREET,0,N,36465,I,YARRA,YARRA,-37.80306,144.97765,3065
172544,T20130003440,18/02/2013,121154,15885,09.16.00,1,Collision with vehicle,2,Monday,163,VEHICLE STRIKES DOOR OF PARKED/STATIONARY VEHICLE      ,1,Day,2,2,1,0,0,1,1,Not at intersection,2,Hospitilisation,40,B,NW,Bicycle,NW,1,1,H,F,2,1,No control,5287,SWAN,STREET,CLIFTON,STREET,11,E,258287,N,YARRA,YARRA,-37.82544,144.99574,3121
172663,T20130003572,19/02/2013,121154,15885,17.09.00,8,No collision and no object struck,3,Tuesday,179,OTHER ACCIDENTS-OFF STRAIGHT NOT INCLUDED IN DCAs 170-175  ,1,Day,1,1,0,1,0,0,1,Multiple intersection,3,Other Injury,60,A,S ,Bicycle,S ,1,1,H,N,2,6,Stop-go lights,2120,MONTAGUE,STREET,CONVENTION CENTRE,PLACE,0,N,240343,I,MELBOURNE,MELBOURNE,-37.82523,144.94835,3008
172667,T20130003575,19/02/2013,121154,15885,18.43.00,1,Collision with vehicle,3,Tuesday,121,RIGHT THROUGH                        ,2,Dusk/Dawn,2,2,0,2,0,0,1,Cross intersection,3,Other Injury,40,B,E ,Bicycle,E ,1,1,H,F,1,3,Stop-go lights,9999,ELIZABETH,STREET,LONSDALE,STREET,0,N,35355,I,MELBOURNE,MELBOURNE,-37.81228,144.96226,3000
172691,T20130003596,19/02/2013,121154,15885,16.45.00,1,Collision with vehicle,3,Tuesday,121,RIGHT THROUGH                        ,1,Day,2,3,1,0,0,2,2,Cross intersection,2,Hospitilisation,50,A,SE,Bicycle,SE,1,1,H,1,2,2,No control,9999,GIPPS,STREET,RUPERT,STREET,0,W,65504,I,YARRA,YARRA,-37.80472,144.98937,3066
173002,T20130003916,22/02/2013,121154,15885,19.00.00,1,Collision with vehicle,6,Friday,163,VEHICLE STRIKES DOOR OF PARKED/STATIONARY VEHICLE      ,2,Dusk/Dawn,2,4,0,1,0,3,2,Not at intersection,3,Other Injury,40,B,NW,Bicycle,NW,1,13,H,F,0,1,No control,9999,ST KILDA,ROAD,SWANSTON,STREET,31,S,268241,N,MELBOURNE,MELBOURNE,-37.81898,144.96814,3000
174211,T20130005280,22/02/2013,121154,15885,17.30.00,8,No collision and no object struck,6,Friday,174,OUT OF CONTROL ON CARRIAGEWAY (ON STRAIGHT)         ,1,Day,2,2,0,1,0,1,2,T intersection,3,Other Injury,40,A,W ,Bicycle,NK,17,17,H,N,2,6,Stop-go lights,5061,SPENCER,STREET,LONSDALE,STREET,0,S,36828,I,MELBOURNE,MELBOURNE,-37.81514,144.95234,3008
174212,T20130005280,22/02/2013,121154,15885,17.30.00,8,No collision and no object struck,6,Friday,174,OUT OF CONTROL ON CARRIAGEWAY (ON STRAIGHT)         ,1,Day,2,2,0,1,0,1,2,T intersection,3,Other Injury,40,A,W ,Bicycle,NK,17,17,H,N,2,6,Stop-go lights,5061,SPENCER,STREET,LONSDALE,STREET,0,S,36828,I,MELBOURNE,MELBOURNE,-37.81514,144.95234,3008
181743,T20130013336,22/02/2013,121154,15885,17.20.00,1,Collision with vehicle,6,Friday,137,LEFT TURN SIDESWIPE                     ,1,Day,2,2,0,1,0,1,2,Cross intersection,3,Other Injury,60,B,SE,Bicycle,SE,1,15,H,1,2,6,Roundabout,9999,DORCAS,STREET,MORAY,STREET,0,W,37556,I,PORT PHILLIP,PORT PHILLIP,-37.83229,144.96305,3205
173010,T20130003924,23/02/2013,121154,15885,18.00.00,1,Collision with vehicle,7,Saturday,148,VEHICLE OFF FOOTPATH STRIKES VEH ON CARRIAGEWAY,1,Day,2,2,1,0,0,1,1,Not at intersection,2,Hospitilisation,50,B,N ,Bicycle,N ,1,1,H,F,2,2,No control,9999,SWALLOW,STREET,EVANS,STREET,34,E,137753,N,PORT PHILLIP,PORT PHILLIP,-37.83762,144.93606,3207
173040,T20130003970,24/02/2013,121154,15885,14.07.00,1,Collision with vehicle,1,Sunday,121,RIGHT THROUGH                        ,1,Day,2,3,0,1,0,2,1,Cross intersection,3,Other Injury,50,A,SE,Bicycle,SE,1,1,H,1,2,1,Stop-go lights,9999,ELGIN,STREET,LYGON,STREET,0,W,109,I,MELBOURNE,MELBOURNE,-37.79716,144.96756,3053
173087,T20130004020,24/02/2013,121154,15885,16.00.00,8,No collision and no object struck,1,Sunday,174,OUT OF CONTROL ON CARRIAGEWAY (ON STRAIGHT)         ,1,Day,1,1,0,1,0,0,2,T intersection,3,Other Injury,40,A,NE,Bicycle,NE,99,99,H,F,2,6,No control,9999,SMITH,STREET,WEBB,STREET,0,S,36569,I,YARRA,YARRA,-37.80415,144.98338,3066
173088,T20130004022,25/02/2013,121154,15885,11.35.00,8,No collision and no object struck,2,Monday,174,OUT OF CONTROL ON CARRIAGEWAY (ON STRAIGHT)         ,1,Day,1,1,0,1,0,0,2,Not at intersection,3,Other Injury,40,A,NE,Bicycle,NE,1,1,H,F,0,1,No control,9999,RATHDOWNE,STREET,PITT,STREET,37,N,258562,N,MELBOURNE,MELBOURNE,-37.7953,144.97088,3053
173635,T20130004625,28/02/2013,121154,15885,17.15.00,1,Collision with vehicle,5,Thursday,163,VEHICLE STRIKES DOOR OF PARKED/STATIONARY VEHICLE      ,1,Day,2,3,0,1,0,2,2,Cross intersection,3,Other Injury,40,B,NE,Bicycle,NE,1,1,H,F,2,9,Stop-go lights,9999,SPRING,STREET,COLLINS,STREET,0,N,36999,I,MELBOURNE,MELBOURNE,-37.81332,144.97395,3002
173636,T20130004625,28/02/2013,121154,15885,17.15.00,1,Collision with vehicle,5,Thursday,163,VEHICLE STRIKES DOOR OF PARKED/STATIONARY VEHICLE      ,1,Day,2,3,0,1,0,2,2,Cross intersection,3,Other Injury,40,B,NE,Bicycle,NE,1,1,H,F,2,9,Stop-go lights,9999,SPRING,STREET,COLLINS,STREET,0,N,36999,I,MELBOURNE,MELBOURNE,-37.81332,144.97395,3002
173577,T20130004563,1/03/2013,121154,15885,15.45.00,1,Collision with vehicle,6,Friday,163,VEHICLE STRIKES DOOR OF PARKED/STATIONARY VEHICLE      ,1,Day,2,2,0,1,0,1,2,Not at intersection,3,Other Injury,40,B,SW,Bicycle,SW,1,1,H,5,2,2,No control,9999,BRUNSWICK,STREET,JAMES,STREET,50,N,205527,N,YARRA,YARRA,-37.80364,144.97755,3065
174324,T20130005394,1/03/2013,121154,15885,07.45.00,1,Collision with vehicle,6,Friday,136,RIGHT TURN SIDESWIPE                    ,1,Day,2,2,0,1,0,1,2,Not at intersection,3,Other Injury,60,A,NW,Bicycle,NE,2,2,H,F,0,1,No control,5044,FLEMINGTON,ROAD,FLEMINGTON,ROAD,76,SE,259233,N,MELBOURNE,MELBOURNE,-37.79555,144.94988,3052
173531,T20130004515,2/03/2013,121154,15885,16.15.00,1,Collision with vehicle,7,Saturday,160,VEHICLE COLLIDES WITH VEHICLE PARKED ON LEFT OF ROAD    ,1,Day,2,2,0,1,0,1,1,Not at intersection,3,Other Injury,60,B,SE,Bicycle,SE,1,1,H,F,0,6,No control,5882,ST KILDA,ROAD,DORCAS,STREET,76,S,268309,N,MELBOURNE,MELBOURNE,-37.83057,144.97157,3004
173619,T20130004610,4/03/2013,121154,15885,08.08.00,1,Collision with vehicle,2,Monday,121,RIGHT THROUGH                        ,1,Day,2,2,0,1,0,1,1,Cross intersection,3,Other Injury,50,B,NE,Bicycle,E ,2,2,H,F,2,2,Stop-go lights,9999,QUEENSBERRY,STREET,SWANSTON,STREET,0,W,36278,I,MELBOURNE,MELBOURNE,-37.80456,144.96326,3053
173632,T20130004619,4/03/2013,121154,15885,07.52.00,2,Struck Pedestrian,2,Monday,100,PED NEAR SIDE. PED HIT BY VEHICLE FROM THE RIGHT.      ,1,Day,1,2,0,1,0,1,1,Cross intersection,3,Other Injury,40,A,NW,Bicycle,NW,1,1,H,F,2,6,Stop-go lights,9999,LONSDALE,STREET,WILLIAM,STREET,0,E,205,I,MELBOURNE,MELBOURNE,-37.81371,144.95732,3000
173654,T20130004647,4/03/2013,121154,15885,18.18.00,1,Collision with vehicle,2,Monday,121,RIGHT THROUGH                        ,1,Day,2,2,1,0,0,1,1,Not at intersection,2,Hospitilisation,50,B,E ,Bicycle,E ,1,1,H,F,2,1,No control,9999,ALBERT,STREET,EADES,STREET,108,E,258735,N,MELBOURNE,MELBOURNE,-37.81026,144.98215,3002
173763,T20130004784,4/03/2013,121154,15885,10.30.00,1,Collision with vehicle,2,Monday,163,VEHICLE STRIKES DOOR OF PARKED/STATIONARY VEHICLE      ,1,Day,2,2,0,2,0,0,2,Not at intersection,3,Other Injury,60,B,NW,Bicycle,NW,1,1,H,F,2,1,No control,5083,VICTORIA,PARADE,SIMPSON,STREET,35,E,259057,N,MELBOURNE,MELBOURNE,-37.8099,144.98938,3002
173710,T20130004708,5/03/2013,121154,15885,07.30.00,1,Collision with vehicle,3,Tuesday,133,LANE SIDE SWIPE (VEHICLES IN PARALLEL LANES)        ,2,Dusk/Dawn,2,2,1,0,0,1,1,Not at intersection,2,Hospitilisation,50,B,W ,Bicycle,W ,1,1,H,1,2,1,No control,9999,ALBERT,STREET,EVELYN,PLACE,36,E,258744,N,MELBOURNE,MELBOURNE,-37.80938,144.97425,3002
174749,T20130005846,5/03/2013,121154,15885,10.10.00,1,Collision with vehicle,3,Tuesday,137,LEFT TURN SIDESWIPE                     ,1,Day,2,2,0,1,0,1,2,Cross intersection,3,Other Injury,60,A,SE,Bicycle,SE,1,1,H,4,2,9,No control,5046,ELIZABETH,STREET,VICTORIA,STREET,0,S,36230,I,MELBOURNE,MELBOURNE,-37.80629,144.9595,3000
173889,T20130004921,6/03/2013,121154,15885,07.15.00,1,Collision with vehicle,4,Wednesday,121,RIGHT THROUGH                        ,1,Day,2,2,0,1,0,1,2,T intersection,3,Other Injury,60,B,W ,Bicycle,W ,1,1,H,F,2,1,No control,9999,DOUGLAS,STREET,TURNER,STREET,0,S,47471,I,MELBOURNE,MELBOURNE,-37.82381,144.92398,3207
174237,T20130005305,6/03/2013,121154,15885,16.30.00,1,Collision with vehicle,4,Wednesday,137,LEFT TURN SIDESWIPE                     ,1,Day,2,2,0,1,0,1,1,T intersection,3,Other Injury,40,B,SE,Bicycle,SE,1,1,H,R,2,1,No control,5898,TOORAK,ROAD,MURPHY,STREET,0,W,37648,I,STONNINGTON,STONNINGTON,-37.8388,144.99018,3141
173855,T20130004887,7/03/2013,121154,15885,08.36.00,1,Collision with vehicle,5,Thursday,137,LEFT TURN SIDESWIPE                     ,1,Day,2,2,0,1,0,1,1,Cross intersection,3,Other Injury,40,B,SE,Bicycle,SE,1,1,H,F,2,2,No control,9999,LANGRIDGE,STREET,LITTLE OXFORD,STREET,0,W,48791,I,YARRA,YARRA,-37.80646,144.98381,3066
173873,T20130004905,7/03/2013,121154,15885,08.49.00,1,Collision with vehicle,5,Thursday,143,ENTERING PARKING                      ,1,Day,2,3,0,1,0,2,1,Cross intersection,3,Other Injury,40,B,SE,Bicycle,SE,1,1,H,F,2,1,Stop-go lights,9999,GATEHOUSE,STREET,HARKER,STREET,19,NE,246508,I,MELBOURNE,MELBOURNE,-37.79647,144.95133,3052
173906,T20130004935,7/03/2013,121154,15885,17.03.00,1,Collision with vehicle,5,Thursday,110,CROSS TRAFFIC(INTERSECTIONS ONLY)              ,1,Day,2,2,1,0,0,1,1,Cross intersection,2,Hospitilisation,60,A,E ,Bicycle,E ,1,1,H,5,2,2,No control,5318,CLARENDON,STREET,BRIDPORT,STREET,0,N,46651,I,PORT PHILLIP,PORT PHILLIP,-37.83855,144.96313,3205
173987,T20130005021,8/03/2013,121154,15885,09.00.00,1,Collision with vehicle,6,Friday,121,RIGHT THROUGH                        ,1,Day,2,2,1,0,0,1,2,Not at intersection,2,Hospitilisation,40,A,NE,Bicycle,NE,1,1,H,F,9,1,No control,9999,FLINDERS,STREET,DEGRAVES,STREET,43,W,268357,N,MELBOURNE,MELBOURNE,-37.818,144.96557,3000
173988,T20130005021,8/03/2013,121154,15885,09.00.00,1,Collision with vehicle,6,Friday,121,RIGHT THROUGH                        ,1,Day,2,2,1,0,0,1,2,Not at intersection,2,Hospitilisation,40,A,NE,Bicycle,NE,1,1,H,F,9,1,No control,9999,FLINDERS,STREET,DEGRAVES,STREET,43,W,268357,N,MELBOURNE,MELBOURNE,-37.818,144.96557,3000
174140,T20130005197,10/03/2013,121154,15885,14.20.00,1,Collision with vehicle,1,Sunday,136,RIGHT TURN SIDESWIPE                    ,1,Day,2,2,1,0,0,1,2,Cross intersection,2,Hospitilisation,40,A,N ,Bicycle,N ,1,1,H,F,2,1,Stop-go lights,9999,ELIZABETH,STREET,LONSDALE,STREET,0,N,35355,I,MELBOURNE,MELBOURNE,-37.81228,144.96226,3000
174132,T20130005184,11/03/2013,121154,15885,07.51.00,1,Collision with vehicle,1,Monday,133,LANE SIDE SWIPE (VEHICLES IN PARALLEL LANES)        ,2,Dusk/Dawn,3,3,0,2,0,1,1,Not at intersection,3,Other Injury,60,B,E ,Bicycle,E ,1,1,H,1,0,1,No control,2120,FOOTSCRAY,ROAD,FOOTSCRAY-CITYLINK OUT ON,RAMP,29,W,268382,N,MELBOURNE,MELBOURNE,-37.80921,144.93307,3003
174133,T20130005184,11/03/2013,121154,15885,07.51.00,1,Collision with vehicle,1,Monday,133,LANE SIDE SWIPE (VEHICLES IN PARALLEL LANES)        ,2,Dusk/Dawn,3,3,0,2,0,1,1,Not at intersection,3,Other Injury,60,C,E ,Bicycle,E ,1,1,H,1,0,1,No control,2120,FOOTSCRAY,ROAD,FOOTSCRAY-CITYLINK OUT ON,RAMP,29,W,268382,N,MELBOURNE,MELBOURNE,-37.80921,144.93307,3003
174308,T20130005376,11/03/2013,121154,15885,17.30.00,8,No collision and no object struck,2,Monday,174,OUT OF CONTROL ON CARRIAGEWAY (ON STRAIGHT)         ,1,Day,2,2,0,1,0,1,2,Not at intersection,3,Other Injury,60,B,NW,Bicycle,NW,1,1,H,F,2,2,No control,9999,ARDEN,STREET,DRYBURGH,STREET,17,E,259484,N,MELBOURNE,MELBOURNE,-37.80034,144.94417,3051
174259,T20130005332,13/03/2013,121154,15885,09.15.00,1,Collision with vehicle,4,Wednesday,163,VEHICLE STRIKES DOOR OF PARKED/STATIONARY VEHICLE      ,1,Day,3,3,0,1,0,2,1,T intersection,3,Other Injury,40,A,SW,Bicycle,SW,1,1,H,F,2,1,No control,9999,SMITH,STREET,STANLEY,STREET,0,S,36567,I,YARRA,YARRA,-37.80202,144.98374,3066
174342,T20130005418,13/03/2013,121154,15885,18.30.00,1,Collision with vehicle,4,Wednesday,121,RIGHT THROUGH                        ,2,Dusk/Dawn,2,2,0,1,0,1,1,Cross intersection,3,Other Injury,60,B,E ,Bicycle,S ,2,2,H,F,0,3,Roundabout,9999,LEVESON,STREET,QUEENSBERRY,STREET,0,N,36122,I,MELBOURNE,MELBOURNE,-37.80322,144.9511,3051
174315,T20130005387,14/03/2013,121154,15885,09.20.00,1,Collision with vehicle,5,Thursday,163,VEHICLE STRIKES DOOR OF PARKED/STATIONARY VEHICLE      ,1,Day,2,2,0,1,0,1,2,Not at intersection,3,Other Injury,40,B,E ,Bicycle,E ,1,1,H,F,0,1,No control,9999,COLLINS,STREET,GURNERS,LANE,11,W,268412,N,MELBOURNE,MELBOURNE,-37.8175,144.95961,3000
174434,T20130005516,15/03/2013,121154,15885,15.20.00,1,Collision with vehicle,6,Friday,163,VEHICLE STRIKES DOOR OF PARKED/STATIONARY VEHICLE      ,1,Day,2,3,0,1,0,2,1,Not at intersection,3,Other Injury,40,B,N ,Bicycle,N ,1,1,H,F,2,6,Stop-go lights,9999,ST KILDA,ROAD,SOUTHBANK,PROMENADE BIKE,47,N,268423,N,MELBOURNE,MELBOURNE,-37.81931,144.96829,3006
174519,T20130005611,16/03/2013,121154,15885,17.25.00,1,Collision with vehicle,7,Saturday,136,RIGHT TURN SIDESWIPE                    ,1,Day,2,3,0,1,0,2,2,Cross intersection,3,Other Injury,50,B,SW,Bicycle,NW,2,2,H,1,2,3,Stop-go lights,5044,FLEMINGTON,ROAD,GRATTAN,STREET,0,SE,35304,I,MELBOURNE,MELBOURNE,-37.79965,144.95503,3051
174673,T20130005774,18/03/2013,121154,15885,17.15.00,1,Collision with vehicle,2,Monday,110,CROSS TRAFFIC(INTERSECTIONS ONLY)              ,1,Day,2,2,0,1,0,1,2,Cross intersection,3,Other Injury,60,A,NE,Bicycle,NE,1,1,H,1,2,1,Stop-go lights,9999,GRATTAN,STREET,ELIZABETH,STREET,18,W,236960,I,MELBOURNE,MELBOURNE,-37.79969,144.95736,3052
174731,T20130005828,19/03/2013,121154,15885,05.30.00,1,Collision with vehicle,3,Tuesday,148,VEHICLE OFF FOOTPATH STRIKES VEH ON CARRIAGEWAY,4,Dark Street lights off,2,2,1,0,0,1,2,Cross intersection,2,Hospitilisation,50,B,SE,Bicycle,SE,1,1,H,F,1,5,Other,2120,FOOTSCRAY ROAD -WURUNDJERI,WAY,DOCKLANDS,DRIVE,0,E,36794,I,MELBOURNE,MELBOURNE,-37.81284,144.94288,3008
174803,T20130005891,19/03/2013,121154,15885,07.50.00,1,Collision with vehicle,3,Tuesday,163,VEHICLE STRIKES DOOR OF PARKED/STATIONARY VEHICLE      ,2,Dusk/Dawn,2,2,1,0,0,1,2,Cross intersection,2,Hospitilisation,60,B,S ,Bicycle,S ,17,17,H,5,0,2,No control,9999,GRATTAN,STREET,ELIZABETH,STREET,17,E,236994,I,MELBOURNE,MELBOURNE,-37.79974,144.95775,3052
174829,T20130005910,19/03/2013,121154,15885,13.12.00,1,Collision with vehicle,3,Tuesday,135,LANE CHANGE LEFT (NOT OVERTAKING)              ,1,Day,2,2,0,1,0,1,1,Not at intersection,3,Other Injury,40,B,SE,Bicycle,SE,1,1,H,1,2,6,No control,9999,ELIZABETH,STREET,LITTLE BOURKE,STREET,17,N,205592,N,MELBOURNE,MELBOURNE,-37.81312,144.96264,3000
175163,T20130006255,19/03/2013,121154,15885,08.50.00,1,Collision with vehicle,3,Tuesday,130,REAR END(VEHICLES IN SAME LANE)               ,1,Day,2,2,0,1,0,1,2,Not at intersection,3,Other Injury,60,B,NW,Bicycle,NW,1,1,H,R,9,1,Ped. crossing,9999,SWANSTON,STREET,ST KILDA,ROAD,34,N,268500,N,MELBOURNE,MELBOURNE,-37.81843,144.96789,3000
174988,T20130006074,22/03/2013,121154,15885,14.38.00,1,Collision with vehicle,6,Friday,143,ENTERING PARKING                      ,1,Day,2,2,0,1,0,1,1,Not at intersection,3,Other Injury,50,B,SE,Bicycle,SE,1,1,H,F,0,3,No control,5046,ELIZABETH,STREET,PELHAM,STREET,42,S,259341,N,MELBOURNE,MELBOURNE,-37.80212,144.95781,3000
178701,T20130010011,22/03/2013,121154,15885,16.20.00,1,Collision with vehicle,6,Friday,121,RIGHT THROUGH                        ,1,Day,2,2,0,1,0,1,2,Cross intersection,3,Other Injury,40,A,S ,Bicycle,S ,1,1,H,F,2,1,Stop-go lights,9999,LONSDALE,STREET,RUSSELL,STREET,0,E,236,I,MELBOURNE,MELBOURNE,-37.81084,144.9672,3000
175111,T20130006203,24/03/2013,121154,15885,09.45.00,1,Collision with vehicle,1,Sunday,121,RIGHT THROUGH                        ,1,Day,2,6,0,1,0,5,1,Cross intersection,3,Other Injury,40,B,S ,Bicycle,S ,1,1,H,1,2,1,Stop-go lights,9999,COLLINS,STREET,QUEEN,STREET,0,E,36889,I,MELBOURNE,MELBOURNE,-37.81693,144.96158,3000
175174,T20130006263,25/03/2013,121154,15885,07.20.00,1,Collision with vehicle,2,Monday,153,CUTTING IN (OVERTAKING)                   ,2,Dusk/Dawn,2,3,0,1,0,2,1,Cross intersection,3,Other Injury,50,B,NW,Bicycle,NW,1,1,H,1,2,2,Stop-go lights,9999,CARDIGAN,STREET,GRATTAN,STREET,0,S,100,I,MELBOURNE,MELBOURNE,-37.80059,144.96545,3053
175190,T20130006275,25/03/2013,121154,15885,14.00.00,1,Collision with vehicle,2,Monday,163,VEHICLE STRIKES DOOR OF PARKED/STATIONARY VEHICLE      ,1,Day,2,2,0,1,0,1,1,Not at intersection,3,Other Injury,70,B,NW,Bicycle,NW,1,1,H,F,2,1,No control,5083,VICTORIA,PARADE,EADES,STREET,105,W,258825,N,MELBOURNE,MELBOURNE,-37.80886,144.97995,3002
175378,T20130006463,27/03/2013,121154,15885,09.30.00,1,Collision with vehicle,4,Wednesday,137,LEFT TURN SIDESWIPE                     ,1,Day,2,2,1,0,0,1,2,T intersection,2,Hospitilisation,60,B,S ,Bicycle,S ,1,1,H,F,2,2,No control,9999,PELHAM,STREET,RATHDOWNE,STREET,0,W,36379,I,MELBOURNE,MELBOURNE,-37.80314,144.96955,3053
175561,T20130006673,27/03/2013,121154,15885,08.30.00,1,Collision with vehicle,3,Wednesday,133,LANE SIDE SWIPE (VEHICLES IN PARALLEL LANES)        ,1,Day,2,2,1,0,0,1,2,Cross intersection,2,Hospitilisation,999,A,E ,Bicycle,E ,1,1,H,4,2,1,Stop-go lights,5082,VICTORIA,STREET,VICTORIA,PARADE,0,W,222039,I,MELBOURNE,"YARRA,MELBOURNE",-37.80772,144.97322,3065