,ACCIDENT_NO,ACCIDENTDATE,CYCLISTS,CYCLISTS_COUNT_LS,ACCIDENTTIME,ACCIDENT_TYPE,ACCIDENT_TYPE_DESC,DAY_OF_WEEK,DAY_WEEK_DESC,DCA_CODE,DCA Description,LIGHT_CONDITION,LIGHT_CONDITION_DEC,NO_OF_VEHICLES,NO_PERSONS,NO_PERSONS_INJ_2,NO_PERSONS_INJ_3,NO_PERSONS_KILLED,NO_PERSONS_NOT_INJ,POLICE_ATTEND,ROAD_GEOMETRY_DESC,SEVERITY,SEVERITY_DESC,SPEED_ZONE,VEHICLE_ID,INITIAL_DIRECTION,Vehicle Type Desc,FINAL_DIRECTION,DRIVER_INTENT,VEHICLE_MOVEMENT,TRAILER_TYPE,INITIAL_IMPACT,LAMPS,LEVEL_OF_DAMAGE,TRAFFIC_CONTROL_DESC,ROAD_ROUTE_1,ROAD_NAME,ROAD_TYPE,ROAD_NAME_INT,ROAD_TYPE_INT,DISTANCE_LOCATION,DIRECTION_LOCATION,NODE_ID,NODE_TYPE,LGA_NAME,Lga Name All,Lat,Long,Postcode No
176507,T20130007705,27/03/2013,121154,15885,14.00.00,1,Collision with vehicle,4,Wednesday,163,VEHICLE STRIKES DOOR OF PARKED/STATIONARY VEHICLE      ,1,Day,2,2,0,1,0,1,2,Not at intersection,3,Other Injury,50,B,SW,Bicycle,SW,1,1,H,F,9,1,Unknown,9999,BOUVERIE,STREET,BARKLY,PLACE,11,S,259511,N,MELBOURNE,MELBOURNE,-37.80347,144.96195,3053
175433,T20130006525,28/03/2013,121154,15885,13.15.00,2,Struck Pedestrian,5,Thursday,100,PED NEAR SIDE. PED HIT BY VEHICLE FROM THE RIGHT.      ,1,Day,1,2,0,2,0,0,2,Cross intersection,3,Other Injury,40,A,S ,Bicycle,S ,1,1,H,F,2,9,Stop-go lights,9999,BOURKE,STREET,QUEEN,STREET,0,E,216,I,MELBOURNE,MELBOURNE,-37.81496,144.96068,3000
175488,T20130006590,28/03/2013,121154,15885,18.55.00,1,Collision with vehicle,5,Thursday,137,LEFT TURN SIDESWIPE                     ,1,Day,3,3,0,1,0,2,1,Not at intersection,3,Other Injury,50,B,E ,Bicycle,E ,1,1,H,F,2,1,No control,9999,ALBERT,STREET,ALBERT,LANE,68,E,261439,N,MELBOURNE,MELBOURNE,-37.81085,144.98743,3002
175546,T20130006657,30/03/2013,121154,15885,11.45.00,1,Collision with vehicle,6,Saturday,119,OTHER ADJACENT (INTERSECTIONS ONLY)             ,1,Day,2,2,0,1,0,1,1,T intersection,3,Other Injury,777,B,S ,Bicycle,S ,1,1,H,4,2,1,No control,9999,PALMYRA,WAY,HARBOUR,ESPLANADE,0,NE,278588,I,MELBOURNE,MELBOURNE,-37.81329,144.94371,3008
175646,T20130006800,1/04/2013,121154,15885,22.25.00,1,Collision with vehicle,2,Monday,121,RIGHT THROUGH                        ,3,Dark Street lights on,2,2,0,1,0,1,1,Cross intersection,3,Other Injury,40,B,NE,Bicycle,NE,1,1,H,F,1,1,Stop-go lights,9999,BRUNSWICK,STREET,GERTRUDE,STREET,0,N,36469,I,YARRA,YARRA,-37.80575,144.97721,3065
177096,T20130008360,1/04/2013,121154,15885,10.35.00,1,Collision with vehicle,2,Monday,163,VEHICLE STRIKES DOOR OF PARKED/STATIONARY VEHICLE      ,1,Day,2,2,0,1,0,1,2,T intersection,3,Other Injury,40,B,S ,Bicycle,S ,1,1,H,F,2,1,No control,9999,WILLIAM,STREET,ABECKETT,STREET,0,N,36847,I,MELBOURNE,MELBOURNE,-37.81067,144.95594,3003
175803,T20130006947,4/04/2013,121154,15885,08.31.00,1,Collision with vehicle,5,Thursday,110,CROSS TRAFFIC(INTERSECTIONS ONLY)              ,1,Day,2,2,0,1,0,1,1,Cross intersection,3,Other Injury,50,B,NW,Bicycle,NW,1,1,H,F,2,1,Stop-go lights,2997,BATMAN,AVENUE,FLINDERS,STREET,0,NW,36992,I,MELBOURNE,MELBOURNE,-37.81601,144.97238,3000
175804,T20130006947,4/04/2013,121154,15885,08.31.00,1,Collision with vehicle,5,Thursday,110,CROSS TRAFFIC(INTERSECTIONS ONLY)              ,1,Day,2,2,0,1,0,1,1,Cross intersection,3,Other Injury,50,B,NW,Bicycle,NW,1,1,H,F,2,1,Stop-go lights,2997,BATMAN,AVENUE,FLINDERS,STREET,0,NW,36992,I,MELBOURNE,MELBOURNE,-37.81601,144.97238,3000
175912,T20130007058,5/04/2013,121154,15885,16.55.00,1,Collision with vehicle,6,Friday,121,RIGHT THROUGH                        ,1,Day,2,2,0,1,0,1,1,T intersection,3,Other Injury,40,B,SE,Bicycle,SE,1,1,H,F,2,1,Stop-go lights,5853,JOHNSTON,STREET,GOLD,STREET,0,W,45952,I,YARRA,YARRA,-37.79945,144.98905,3066
176185,T20130007360,9/04/2013,121154,15885,21.35.00,1,Collision with vehicle,3,Tuesday,163,VEHICLE STRIKES DOOR OF PARKED/STATIONARY VEHICLE      ,3,Dark Street lights on,2,3,0,1,0,2,1,Cross intersection,3,Other Injury,40,B,NE,Bicycle,NE,1,1,H,F,2,2,Stop-go lights,9999,BRUNSWICK,STREET,VICTORIA,STREET,0,N,36499,I,YARRA,YARRA,-37.79906,144.97834,3065
176222,T20130007390,10/04/2013,121154,15885,08.20.00,1,Collision with vehicle,4,Wednesday,136,RIGHT TURN SIDESWIPE                    ,1,Day,2,2,0,1,0,1,2,Cross intersection,3,Other Injury,50,A,NW,Bicycle,NE,2,2,H,F,2,9,Stop-go lights,9999,FLINDERS,STREET,SWANSTON,STREET,0,W,238,I,MELBOURNE,MELBOURNE,-37.81745,144.96744,3000
176223,T20130007390,10/04/2013,121154,15885,08.20.00,1,Collision with vehicle,4,Wednesday,136,RIGHT TURN SIDESWIPE                    ,1,Day,2,2,0,1,0,1,2,Cross intersection,3,Other Injury,50,A,NW,Bicycle,NE,2,2,H,F,2,9,Stop-go lights,9999,FLINDERS,STREET,SWANSTON,STREET,0,W,238,I,MELBOURNE,MELBOURNE,-37.81745,144.96744,3000
176234,T20130007398,10/04/2013,121154,15885,14.01.00,1,Collision with vehicle,4,Wednesday,121,RIGHT THROUGH                        ,1,Day,2,2,0,1,0,1,1,Cross intersection,3,Other Injury,60,B,NE,Bicycle,SE,2,2,H,F,2,3,Stop-go lights,5066,DRYBURGH,STREET,MACAULAY,ROAD,0,S,29373,I,MELBOURNE,MELBOURNE,-37.8003,144.94398,3051
178419,T20130009713,10/04/2013,121154,15885,11.15.00,5,collision with some other object,4,Wednesday,171,LEFT OFF CARRIAGEWAY INTO OBJECT/PARKED VEHICLE       ,1,Day,2,2,1,0,0,1,2,Cross intersection,2,Hospitilisation,40,A,S ,Bicycle,S ,1,1,H,F,2,1,No control,9999,ELIZABETH,STREET,FRANKLIN,STREET,0,N,36267,I,MELBOURNE,MELBOURNE,-37.80818,144.96038,3000
178003,T20130009313,14/04/2013,121154,15885,13.35.00,1,Collision with vehicle,1,Sunday,163,VEHICLE STRIKES DOOR OF PARKED/STATIONARY VEHICLE      ,1,Day,2,2,0,1,0,1,2,T intersection,3,Other Injury,60,B,N ,Bicycle,N ,1,1,H,F,2,2,No control,5499,CHURCH,STREET,LESNEY,STREET,0,N,37175,I,YARRA,YARRA,-37.82668,144.99775,3121
176605,T20130007813,16/04/2013,121154,15885,08.15.00,1,Collision with vehicle,3,Tuesday,148,VEHICLE OFF FOOTPATH STRIKES VEH ON CARRIAGEWAY,1,Day,2,2,0,1,0,1,1,T intersection,3,Other Injury,999,B,NW,Bicycle,NW,1,1,H,5,2,5,No control,9999,ANDERSON,STREET,DOMAIN,ROAD,0,S,37606,I,MELBOURNE,MELBOURNE,-37.8343,144.98368,3141
176668,T20130007896,17/04/2013,121154,15885,08.05.00,1,Collision with vehicle,4,Wednesday,163,VEHICLE STRIKES DOOR OF PARKED/STATIONARY VEHICLE      ,1,Day,2,3,0,1,0,2,1,T intersection,3,Other Injury,40,A,S ,Bicycle,S ,1,1,H,1,2,1,No control,5736,NICHOLSON,STREET,PRINCES,STREET,0,S,36445,I,MELBOURNE,"MELBOURNE,YARRA",-37.80677,144.97338,3065
176678,T20130007904,17/04/2013,121154,15885,08.00.00,1,Collision with vehicle,4,Wednesday,137,LEFT TURN SIDESWIPE                     ,1,Day,2,2,0,1,0,1,1,Not at intersection,3,Other Injury,40,B,NE,Bicycle,NE,1,1,H,F,1,1,No control,9999,LA TROBE,STREET,SUTHERLAND,STREET,78,W,259777,N,MELBOURNE,MELBOURNE,-37.81079,144.95973,3000
176679,T20130007904,17/04/2013,121154,15885,08.00.00,1,Collision with vehicle,4,Wednesday,137,LEFT TURN SIDESWIPE                     ,1,Day,2,2,0,1,0,1,1,Not at intersection,3,Other Injury,40,B,NE,Bicycle,NE,1,1,H,F,1,1,No control,9999,LA TROBE,STREET,SUTHERLAND,STREET,78,W,259777,N,MELBOURNE,MELBOURNE,-37.81079,144.95973,3000
176681,T20130007905,17/04/2013,121154,15885,08.04.00,1,Collision with vehicle,4,Wednesday,163,VEHICLE STRIKES DOOR OF PARKED/STATIONARY VEHICLE      ,1,Day,2,4,1,0,0,3,1,Cross intersection,2,Hospitilisation,40,B,E ,Bicycle,E ,1,1,H,F,2,1,No control,2120,WURUNDJERI,WAY,COLLINS,STREET,0,SE,260473,N,MELBOURNE,MELBOURNE,-37.8198,144.95157,3008
176744,T20130007973,18/04/2013,121154,15885,08.15.00,1,Collision with vehicle,5,Thursday,140,U TURN                           ,1,Day,2,2,1,0,0,1,1,T intersection,2,Hospitilisation,40,B,S ,Bicycle,S ,1,1,H,1,2,1,No control,5499,CHURCH,STREET,LESNEY,STREET,0,N,37175,I,YARRA,YARRA,-37.82668,144.99775,3121
176948,T20130008211,19/04/2013,121154,15885,18.50.00,1,Collision with vehicle,6,Friday,121,RIGHT THROUGH                        ,1,Day,2,2,1,0,0,1,2,T intersection,2,Hospitilisation,40,B,NE,Bicycle,NE,1,1,H,F,2,2,No control,5499,CHURCH,STREET,HODGSON,TERRACE,0,N,37200,I,YARRA,YARRA,-37.8198,144.99896,3121
177031,T20130008293,19/04/2013,121154,15885,16.50.00,1,Collision with vehicle,6,Friday,163,VEHICLE STRIKES DOOR OF PARKED/STATIONARY VEHICLE      ,1,Day,2,2,1,1,0,0,2,Not at intersection,2,Hospitilisation,60,B,SW,Bicycle,SW,1,1,H,F,2,5,Unknown,9999,LONSDALE,STREET,SHILLING,LANE,19,E,259809,N,MELBOURNE,MELBOURNE,-37.8112,144.96596,3000
187633,T20130019670,19/04/2013,121154,15885,08.18.00,1,Collision with vehicle,6,Friday,121,RIGHT THROUGH                        ,1,Day,2,2,0,1,0,1,2,T intersection,3,Other Injury,50,B,S ,Bicycle,S ,1,1,H,1,2,1,No control,9999,PELHAM,STREET,RATHDOWNE,STREET,0,W,36379,I,MELBOURNE,MELBOURNE,-37.80314,144.96955,3053
177033,T20130008294,20/04/2013,121154,15885,18.00.00,1,Collision with vehicle,7,Saturday,163,VEHICLE STRIKES DOOR OF PARKED/STATIONARY VEHICLE      ,3,Dark Street lights on,2,2,1,0,0,1,2,Not at intersection,2,Hospitilisation,40,B,NW,Bicycle,NW,1,1,H,F,2,2,No control,9999,GERTRUDE,STREET,LITTLE SMITH,STREET,18,E,268720,N,YARRA,YARRA,-37.80633,144.9826,3065
194687,T20140000172,20/04/2013,121154,15885,12.30.00,1,Collision with vehicle,7,Saturday,160,VEHICLE COLLIDES WITH VEHICLE PARKED ON LEFT OF ROAD    ,1,Day,2,1,0,1,0,0,2,Cross intersection,3,Other Injury,50,A,E ,Bicycle,S ,2,2,H,F,0,2,No control,9999,DERBY,STREET,OXFORD,STREET,0,E,65588,I,YARRA,YARRA,-37.80692,144.98421,3066
176999,T20130008261,21/04/2013,121154,15885,08.30.00,1,Collision with vehicle,1,Sunday,121,RIGHT THROUGH                        ,1,Day,2,2,1,0,0,1,2,Cross intersection,2,Hospitilisation,999,A,S ,Bicycle,S ,1,1,H,F,0,9,No control,9999,EASEY,STREET,WELLINGTON,STREET,0,W,36625,I,YARRA,YARRA,-37.79788,144.98758,3066
177029,T20130008291,21/04/2013,121154,15885,16.30.00,1,Collision with vehicle,1,Sunday,110,CROSS TRAFFIC(INTERSECTIONS ONLY)              ,1,Day,2,2,0,1,0,1,2,Cross intersection,3,Other Injury,60,B,SE,Bicycle,SE,1,1,H,F,2,4,Roundabout,9999,DORCAS,STREET,MORAY,STREET,0,W,37556,I,PORT PHILLIP,PORT PHILLIP,-37.83229,144.96305,3205
177098,T20130008364,23/04/2013,121154,15885,09.30.00,1,Collision with vehicle,3,Tuesday,163,VEHICLE STRIKES DOOR OF PARKED/STATIONARY VEHICLE      ,1,Day,2,3,0,1,0,2,1,Not at intersection,3,Other Injury,40,A,W ,Bicycle,W ,1,1,H,F,2,1,No control,9999,GERTRUDE,STREET,YOUNG,STREET,13,W,261087,N,YARRA,YARRA,-37.80585,144.9782,3065
177112,T20130008383,23/04/2013,121154,15885,10.00.00,1,Collision with vehicle,3,Tuesday,137,LEFT TURN SIDESWIPE                     ,1,Day,2,2,0,1,0,1,2,Not at intersection,3,Other Injury,60,B,NE,Bicycle,NE,1,1,H,F,0,3,No control,5499,CHURCH,STREET,WILLIS,STREET,15,S,261043,N,YARRA,YARRA,-37.82973,144.9972,3121
177136,T20130008408,23/04/2013,121154,15885,15.10.00,1,Collision with vehicle,3,Tuesday,110,CROSS TRAFFIC(INTERSECTIONS ONLY)              ,1,Day,2,2,0,1,0,1,1,Cross intersection,3,Other Injury,50,B,SE,Bicycle,SE,1,1,H,5,2,1,Roundabout,9999,EASTERN,ROAD,RAGLAN,STREET,0,N,66729,I,PORT PHILLIP,PORT PHILLIP,-37.8362,144.96687,3205
177149,T20130008421,23/04/2013,121154,15885,16.00.00,1,Collision with vehicle,3,Tuesday,121,RIGHT THROUGH                        ,1,Day,2,3,1,0,0,2,1,Cross intersection,2,Hospitilisation,50,B,NE,Bicycle,NE,1,1,H,F,0,1,Stop-go lights,9999,CANNING,STREET,ELGIN,STREET,0,S,36399,I,MELBOURNE,MELBOURNE,-37.79774,144.97289,3053
177240,T20130008507,24/04/2013,121154,15885,18.25.00,1,Collision with vehicle,4,Wednesday,110,CROSS TRAFFIC(INTERSECTIONS ONLY)              ,3,Dark Street lights on,2,3,0,1,0,2,1,Cross intersection,3,Other Injury,50,B,E ,Bicycle,E ,1,1,H,F,1,3,No control,9999,COBDEN,STREET,QUEENSBERRY,STREET,0,S,36216,I,MELBOURNE,MELBOURNE,-37.80392,144.95745,3051
177269,T20130008526,24/04/2013,121154,15885,18.55.00,1,Collision with vehicle,4,Wednesday,110,CROSS TRAFFIC(INTERSECTIONS ONLY)              ,5,Dark No street lights,2,2,0,1,0,1,1,Cross intersection,3,Other Injury,50,A,NW,Bicycle,NW,1,1,H,F,2,1,Unknown,5068,MACAULAY,ROAD,GRACIE,STREET,0,SE,29371,I,MELBOURNE,MELBOURNE,-37.79638,144.93997,3051
177303,T20130008561,25/04/2013,121154,15885,12.10.00,1,Collision with vehicle,5,Thursday,110,CROSS TRAFFIC(INTERSECTIONS ONLY)              ,1,Day,2,2,1,0,0,1,2,Cross intersection,2,Hospitilisation,60,B,NE,Bicycle,NE,1,1,H,5,2,2,Giveway sign,9999,COVENTRY,STREET,TOPE,STREET,0,W,66559,I,PORT PHILLIP,PORT PHILLIP,-37.83095,144.96335,3205
177880,T20130009173,25/04/2013,121154,15885,05.45.00,1,Collision with vehicle,5,Thursday,143,ENTERING PARKING                      ,3,Dark Street lights on,2,2,0,1,0,1,2,T intersection,3,Other Injury,60,A,NW,Bicycle,NW,1,1,H,F,1,2,No control,5882,ST KILDA,ROAD,BROMBY,STREET,0,NW,250528,I,MELBOURNE,"PORT PHILLIP,MELBOURNE",-37.83468,144.97454,3004
179404,T20130010810,25/04/2013,121154,15885,20.00.00,8,No collision and no object struck,5,Thursday,174,OUT OF CONTROL ON CARRIAGEWAY (ON STRAIGHT)         ,3,Dark Street lights on,2,2,0,1,0,1,2,Not at intersection,3,Other Injury,999,C,N ,Bicycle,N ,1,18,H,F,2,1,No control,9999,SMITH,STREET,OTTER,STREET,22,S,269048,N,YARRA,YARRA,-37.8009,144.98394,3066
190052,T20130022202,26/04/2013,121154,15885,07.38.00,1,Collision with vehicle,5,Friday,133,LANE SIDE SWIPE (VEHICLES IN PARALLEL LANES)        ,2,Dusk/Dawn,2,2,0,1,0,1,2,Multiple intersection,3,Other Injury,60,B,SE,Bicycle,SE,1,1,H,F,2,5,Stop-go lights,5046,ELIZABETH,STREET,PELHAM,STREET,11,N,45686,I,MELBOURNE,MELBOURNE,-37.80172,144.9574,3000
177506,T20130008768,28/04/2013,121154,15885,10.50.00,1,Collision with vehicle,1,Sunday,111,RIGHT FAR (INTERSECTIONS ONLY)               ,1,Day,2,2,0,1,0,1,2,T intersection,3,Other Injury,60,A,SW,Bicycle,SW,1,1,H,F,2,2,No control,5838,WILLIAMSTOWN,ROAD,SALMON,STREET,0,E,40035,I,PORT PHILLIP,PORT PHILLIP,-37.83498,144.92499,3207
177581,T20130008859,29/04/2013,121154,15885,18.42.00,1,Collision with vehicle,2,Monday,121,RIGHT THROUGH                        ,3,Dark Street lights on,2,2,0,1,0,1,1,Cross intersection,3,Other Injury,40,B,NW,Bicycle,NW,1,1,H,4,1,3,Stop-go lights,9999,EXHIBITION,STREET,LONSDALE,STREET,0,N,36966,I,MELBOURNE,MELBOURNE,-37.81013,144.96966,3000
177691,T20130008964,1/05/2013,121154,15885,05.45.00,6,Vehicle overturned (no collision),4,Wednesday,174,OUT OF CONTROL ON CARRIAGEWAY (ON STRAIGHT)         ,3,Dark Street lights on,1,1,0,1,0,0,1,Not at intersection,3,Other Injury,40,A,S ,Bicycle,S ,1,1,H,F,1,6,No control,9999,SWANSTON,STREET,LITTLE COLLINS,STREET,18,S,260646,N,MELBOURNE,MELBOURNE,-37.81467,144.96616,3000
178267,T20130009574,2/05/2013,121154,15885,14.30.00,8,No collision and no object struck,5,Thursday,174,OUT OF CONTROL ON CARRIAGEWAY (ON STRAIGHT)         ,1,Day,2,2,1,0,0,1,2,Cross intersection,2,Hospitilisation,60,A,SE,Bicycle,SE,1,1,H,F,2,1,No control,9999,SLATER,STREET,ST KILDA,ROAD,19,E,229693,I,MELBOURNE,MELBOURNE,-37.83903,144.97679,3004
177873,T20130009165,3/05/2013,121154,15885,15.30.00,1,Collision with vehicle,6,Friday,130,REAR END(VEHICLES IN SAME LANE)               ,1,Day,2,2,0,1,0,1,2,Cross intersection,3,Other Injury,40,B,SW,Bicycle,SW,1,13,H,4,0,6,No control,9999,BRUNSWICK,STREET,GREEVES,STREET,0,N,36503,I,YARRA,YARRA,-37.79982,144.97821,3065
178008,T20130009322,3/05/2013,121154,15885,19.00.00,1,Collision with vehicle,6,Friday,130,REAR END(VEHICLES IN SAME LANE)               ,2,Dusk/Dawn,2,2,2,0,0,0,2,Cross intersection,2,Hospitilisation,40,B,E ,Bicycle,E ,1,1,H,4,2,9,No control,5499,CHURCH,STREET,HIGHETT,STREET,0,N,37192,I,YARRA,YARRA,-37.8159,144.99966,3121
178077,T20130009395,7/05/2013,121154,15885,07.50.00,1,Collision with vehicle,3,Tuesday,113,RIGHT NEAR (INTERSECTIONS ONLY)               ,1,Day,2,2,0,1,0,1,2,T intersection,3,Other Injury,40,A,NW,Bicycle,NW,1,1,H,F,2,1,Stop sign,9999,ABECKETT,STREET,SWANSTON,STREET,0,E,36290,I,MELBOURNE,MELBOURNE,-37.80853,144.96333,3000
178203,T20130009509,7/05/2013,121154,15885,08.00.00,1,Collision with vehicle,3,Tuesday,163,VEHICLE STRIKES DOOR OF PARKED/STATIONARY VEHICLE      ,1,Day,2,2,0,1,0,1,2,Not at intersection,3,Other Injury,999,B,SW,Bicycle,SW,1,1,H,F,2,1,No control,5738,BAY,STREET,BRIDGE,STREET,40,NE,268883,N,PORT PHILLIP,PORT PHILLIP,-37.83661,144.94416,3207
178656,T20130009970,8/05/2013,121154,15885,17.15.00,6,Vehicle overturned (no collision),4,Wednesday,184,OUT OF CONTROL ON CARRIAGEWAY (ON BEND)           ,2,Dusk/Dawn,2,2,0,1,0,1,2,Not at intersection,3,Other Injury,60,B,W ,Bicycle,W ,1,1,H,F,2,1,No control,2120,FOOTSCRAY,ROAD,WATERFRONT,WAY,23,SE,260260,N,MELBOURNE,MELBOURNE,-37.8108,144.93919,3008
178327,T20130009632,9/05/2013,121154,15885,18.35.00,1,Collision with vehicle,5,Thursday,163,VEHICLE STRIKES DOOR OF PARKED/STATIONARY VEHICLE      ,3,Dark Street lights on,2,2,1,0,0,1,1,Not at intersection,2,Hospitilisation,40,B,E ,Bicycle,E ,1,1,H,F,2,1,No control,9999,COLLINS,STREET,ELIZABETH,STREET,59,E,268901,N,MELBOURNE,MELBOURNE,-37.81603,144.96469,3000
179534,T20130010964,10/05/2013,121154,15885,16.30.00,1,Collision with vehicle,6,Friday,121,RIGHT THROUGH                        ,1,Day,2,2,0,1,0,1,2,Cross intersection,3,Other Injury,999,A,SW,Bicycle,SW,1,1,H,1,2,3,Stop-go lights,5082,VICTORIA,STREET,FRANKLIN,STREET,0,W,36287,I,MELBOURNE,MELBOURNE,-37.80681,144.96437,3053
179114,T20130010488,12/05/2013,121154,15885,10.15.00,1,Collision with vehicle,1,Sunday,163,VEHICLE STRIKES DOOR OF PARKED/STATIONARY VEHICLE      ,1,Day,2,2,0,2,0,0,2,Not at intersection,3,Other Injury,40,A,N ,Bicycle,N ,1,1,H,5,2,1,No control,9999,BRUNSWICK,STREET,ROSE,STREET,17,N,265138,N,YARRA,YARRA,-37.7958,144.9789,3065
180765,T20130012339,12/05/2013,121154,15885,09.15.00,1,Collision with vehicle,1,Sunday,163,VEHICLE STRIKES DOOR OF PARKED/STATIONARY VEHICLE      ,9,Unknown,2,2,1,0,0,1,2,Not at intersection,2,Hospitilisation,60,B,N ,Bicycle,N ,1,1,H,F,0,9,No control,5736,NICHOLSON,STREET,GERTRUDE,STREET,46,S,269250,N,MELBOURNE,"MELBOURNE,YARRA",-37.80579,144.97355,3065
179807,T20130011255,13/05/2013,121154,15885,08.00.00,1,Collision with vehicle,2,Monday,163,VEHICLE STRIKES DOOR OF PARKED/STATIONARY VEHICLE      ,1,Day,2,3,0,1,0,2,2,Cross intersection,3,Other Injury,50,A,W ,Bicycle,W ,1,1,H,F,2,9,Stop-go lights,9999,LONSDALE,STREET,QUEEN,STREET,0,NE,29418,I,MELBOURNE,MELBOURNE,-37.813,144.95979,3000
178877,T20130010185,15/05/2013,121154,15885,12.50.00,1,Collision with vehicle,4,Wednesday,163,VEHICLE STRIKES DOOR OF PARKED/STATIONARY VEHICLE      ,1,Day,2,2,0,1,0,1,1,Not at intersection,3,Other Injury,40,B,SW,Bicycle,SW,1,1,H,5,2,1,No control,5490,CHAPEL,STREET,MALCOLM,STREET,11,S,260482,N,STONNINGTON,STONNINGTON,-37.83692,144.99614,3141
179517,T20130010946,19/05/2013,121154,15885,08.30.00,8,No collision and no object struck,1,Sunday,174,OUT OF CONTROL ON CARRIAGEWAY (ON STRAIGHT)         ,1,Day,1,1,0,1,0,0,2,T intersection,3,Other Injury,30,A,SE,Bicycle,SE,99,99,H,N,2,6,Unknown,9999,BOURKE,STREET,GODFREY,STREET,0,E,261820,I,MELBOURNE,MELBOURNE,-37.81694,144.95379,3000
184686,T20130016542,20/05/2013,121154,15885,18.30.00,1,Collision with vehicle,2,Monday,163,VEHICLE STRIKES DOOR OF PARKED/STATIONARY VEHICLE      ,6,Dark Street lights unknown,2,2,0,1,0,1,2,Cross intersection,3,Other Injury,999,B,SE,Bicycle,SE,1,99,H,F,2,1,Unknown,9999,FLINDERS,STREET,SWANSTON,STREET,0,W,238,I,MELBOURNE,MELBOURNE,-37.81745,144.96744,3000
184687,T20130016542,20/05/2013,121154,15885,18.30.00,1,Collision with vehicle,2,Monday,163,VEHICLE STRIKES DOOR OF PARKED/STATIONARY VEHICLE      ,6,Dark Street lights unknown,2,2,0,1,0,1,2,Cross intersection,3,Other Injury,999,B,SE,Bicycle,SE,1,99,H,F,2,1,Unknown,9999,FLINDERS,STREET,SWANSTON,STREET,0,W,238,I,MELBOURNE,MELBOURNE,-37.81745,144.96744,3000
179209,T20130010603,22/05/2013,121154,15885,08.06.00,1,Collision with vehicle,4,Wednesday,110,CROSS TRAFFIC(INTERSECTIONS ONLY)              ,1,Day,3,3,0,1,0,2,1,Cross intersection,3,Other Injury,50,B,SE,Bicycle,SE,1,1,H,8,2,2,Roundabout,9999,BRIDGE,STREET,EVANS,STREET,0,NW,37405,I,PORT PHILLIP,PORT PHILLIP,-37.83441,144.94059,3207
179210,T20130010603,22/05/2013,121154,15885,08.06.00,1,Collision with vehicle,4,Wednesday,110,CROSS TRAFFIC(INTERSECTIONS ONLY)              ,1,Day,3,3,0,1,0,2,1,Cross intersection,3,Other Injury,50,C,SE,Bicycle,SE,1,17,H,N,0,6,Roundabout,9999,BRIDGE,STREET,EVANS,STREET,0,NW,37405,I,PORT PHILLIP,PORT PHILLIP,-37.83441,144.94059,3207
179248,T20130010646,22/05/2013,121154,15885,17.45.00,1,Collision with vehicle,4,Wednesday,121,RIGHT THROUGH                        ,3,Dark Street lights on,2,2,0,1,0,1,1,Cross intersection,3,Other Injury,60,B,NW,Bicycle,NW,1,1,H,1,1,1,No control,9999,ARDEN,STREET,LEVESON,STREET,0,W,29380,I,MELBOURNE,MELBOURNE,-37.80114,144.95147,3051
179251,T20130010652,22/05/2013,121154,15885,18.30.00,6,Vehicle overturned (no collision),4,Wednesday,174,OUT OF CONTROL ON CARRIAGEWAY (ON STRAIGHT)         ,3,Dark Street lights on,1,1,0,1,0,0,1,Cross intersection,3,Other Injury,40,A,NE,Bicycle,NE,1,1,H,F,1,6,No control,9999,BRUNSWICK,STREET,KERR,STREET,0,N,36495,I,YARRA,YARRA,-37.79675,144.97874,3065
179322,T20130010724,23/05/2013,121154,15885,16.00.00,8,No collision and no object struck,5,Thursday,174,OUT OF CONTROL ON CARRIAGEWAY (ON STRAIGHT)         ,2,Dusk/Dawn,2,2,1,0,0,1,2,Cross intersection,2,Hospitilisation,50,A,N ,Bicycle,W ,3,17,H,F,1,6,No control,9999,LEICESTER,STREET,NAPIER,STREET,0,E,261368,I,YARRA,YARRA,-37.7956,144.98121,3065
179465,T20130010878,24/05/2013,121154,15885,21.20.00,1,Collision with vehicle,6,Friday,163,VEHICLE STRIKES DOOR OF PARKED/STATIONARY VEHICLE      ,3,Dark Street lights on,2,4,0,1,0,3,2,Not at intersection,3,Other Injury,40,A,NW,Bicycle,NW,1,1,H,F,2,1,No control,9999,SWANSTON,STREET,ST KILDA,ROAD,28,N,269059,N,MELBOURNE,MELBOURNE,-37.81849,144.96791,3000
179827,T20130011273,24/05/2013,121154,15885,18.00.00,1,Collision with vehicle,6,Friday,163,VEHICLE STRIKES DOOR OF PARKED/STATIONARY VEHICLE      ,2,Dusk/Dawn,2,2,1,0,0,1,2,Not at intersection,2,Hospitilisation,60,B,NW,Bicycle,NW,1,1,H,F,2,1,No control,5082,VICTORIA,STREET,THERRY,STREET,26,E,263125,N,MELBOURNE,MELBOURNE,-37.80658,144.96214,3053