,ACCIDENT_NO,ACCIDENTDATE,CYCLISTS,CYCLISTS_COUNT_LS,ACCIDENTTIME,ACCIDENT_TYPE,ACCIDENT_TYPE_DESC,DAY_OF_WEEK,DAY_WEEK_DESC,DCA_CODE,DCA Description,LIGHT_CONDITION,LIGHT_CONDITION_DEC,NO_OF_VEHICLES,NO_PERSONS,NO_PERSONS_INJ_2,NO_PERSONS_INJ_3,NO_PERSONS_KILLED,NO_PERSONS_NOT_INJ,POLICE_ATTEND,ROAD_GEOMETRY_DESC,SEVERITY,SEVERITY_DESC,SPEED_ZONE,VEHICLE_ID,INITIAL_DIRECTION,Vehicle Type Desc,FINAL_DIRECTION,DRIVER_INTENT,VEHICLE_MOVEMENT,TRAILER_TYPE,INITIAL_IMPACT,LAMPS,LEVEL_OF_DAMAGE,TRAFFIC_CONTROL_DESC,ROAD_ROUTE_1,ROAD_NAME,ROAD_TYPE,ROAD_NAME_INT,ROAD_TYPE_INT,DISTANCE_LOCATION,DIRECTION_LOCATION,NODE_ID,NODE_TYPE,LGA_NAME,Lga Name All,Lat,Long,Postcode No
180970,T20130012557,25/05/2013,121154,15885,19.00.00,1,Collision with vehicle,7,Saturday,163,VEHICLE STRIKES DOOR OF PARKED/STATIONARY VEHICLE      ,3,Dark Street lights on,2,3,1,0,0,2,2,Cross intersection,2,Hospitilisation,40,A,N ,Bicycle,N ,1,1,H,F,1,1,No control,9999,BRUNSWICK,STREET,ROSE,STREET,0,N,36494,I,YARRA,YARRA,-37.79595,144.97887,3065
179530,T20130010962,27/05/2013,121154,15885,08.50.00,1,Collision with vehicle,2,Monday,131,LEFT REAR                          ,1,Day,3,3,1,0,0,2,1,Cross intersection,2,Hospitilisation,40,A,S ,Bicycle,S ,1,1,H,F,2,1,Stop-go lights,5041,KING,STREET,LONSDALE,STREET,0,S,36835,I,MELBOURNE,MELBOURNE,-37.81443,144.95483,3000
179589,T20130011033,27/05/2013,121154,15885,12.50.00,1,Collision with vehicle,2,Monday,163,VEHICLE STRIKES DOOR OF PARKED/STATIONARY VEHICLE      ,1,Day,2,3,0,1,0,2,2,Not at intersection,3,Other Injury,50,A,NE,Bicycle,NE,1,1,H,F,2,6,No control,9999,DORCAS,STREET,KINGS,WAY,5,E,269076,N,MELBOURNE,"MELBOURNE,PORT PHILLIP",-37.83143,144.96603,3205
182943,T20130014621,27/05/2013,121154,15885,13.00.00,1,Collision with vehicle,2,Monday,163,VEHICLE STRIKES DOOR OF PARKED/STATIONARY VEHICLE      ,1,Day,2,2,0,1,0,1,2,Cross intersection,3,Other Injury,60,B,NW,Bicycle,NW,1,1,H,F,9,9,Stop-go lights,2510,KINGS,WAY,DORCAS,STREET,0,NW,29394,I,MELBOURNE,"PORT PHILLIP,MELBOURNE",-37.83144,144.96598,3205
179570,T20130011004,28/05/2013,121154,15885,06.15.00,1,Collision with vehicle,3,Tuesday,121,RIGHT THROUGH                        ,3,Dark Street lights on,2,2,0,1,0,1,1,Cross intersection,3,Other Injury,40,B,SW,Bicycle,SW,1,1,H,4,1,3,Stop-go lights,9999,LONSDALE,STREET,RUSSELL,STREET,0,E,236,I,MELBOURNE,MELBOURNE,-37.81084,144.9672,3000
180947,T20130012534,29/05/2013,121154,15885,09.29.00,1,Collision with vehicle,4,Wednesday,163,VEHICLE STRIKES DOOR OF PARKED/STATIONARY VEHICLE      ,1,Day,2,2,0,1,0,1,2,Not at intersection,3,Other Injury,40,B,NE,Bicycle,NE,1,1,H,F,2,1,No control,5490,CHAPEL,STREET,ALMEIDA,CRESCENT,18,N,269273,N,STONNINGTON,STONNINGTON,-37.83834,144.99585,3141
179803,T20130011250,31/05/2013,121154,15885,09.18.00,1,Collision with vehicle,6,Friday,136,RIGHT TURN SIDESWIPE                    ,1,Day,2,2,0,1,0,1,1,Cross intersection,3,Other Injury,40,A,SE,Bicycle,SE,1,1,H,5,2,6,Stop-go lights,9999,ELIZABETH,STREET,LONSDALE,STREET,0,N,35355,I,MELBOURNE,MELBOURNE,-37.81228,144.96226,3000
179955,T20130011426,2/06/2013,121154,15885,07.20.00,1,Collision with vehicle,1,Sunday,113,RIGHT NEAR (INTERSECTIONS ONLY)               ,3,Dark Street lights on,2,2,0,1,0,1,1,Cross intersection,3,Other Injury,50,B,N ,Bicycle,N ,1,1,H,F,2,1,Giveway sign,9999,MOLLISON,STREET,VICTORIA,CRESCENT,0,W,55168,I,YARRA,YARRA,-37.80746,144.99896,3067
180051,T20130011531,2/06/2013,121154,15885,16.30.00,1,Collision with vehicle,1,Sunday,160,VEHICLE COLLIDES WITH VEHICLE PARKED ON LEFT OF ROAD    ,1,Day,2,1,1,0,0,0,2,T intersection,2,Hospitilisation,999,A,N ,Bicycle,N ,1,18,H,F,2,9,No control,5736,NICHOLSON,STREET,HANOVER,STREET,0,S,36440,I,MELBOURNE,"YARRA,MELBOURNE",-37.8027,144.97408,3065
180086,T20130011575,4/06/2013,121154,15885,09.00.00,1,Collision with vehicle,3,Tuesday,121,RIGHT THROUGH                        ,1,Day,2,2,1,0,0,1,1,T intersection,2,Hospitilisation,40,B,SW,Bicycle,SW,1,1,H,F,2,1,No control,9999,MACARTHUR,STREET,ST ANDREWS,PLACE,0,SW,36997,I,MELBOURNE,MELBOURNE,-37.81179,144.97483,3002
180101,T20130011591,4/06/2013,121154,15885,18.55.00,1,Collision with vehicle,3,Tuesday,137,LEFT TURN SIDESWIPE                     ,3,Dark Street lights on,2,2,0,1,0,1,1,Cross intersection,3,Other Injury,50,B,NW,Bicycle,NW,1,1,H,F,1,2,Stop-go lights,9999,LYGON,STREET,QUEENSBERRY,STREET,0,N,35318,I,MELBOURNE,MELBOURNE,-37.8049,144.96621,3053
180111,T20130011597,4/06/2013,121154,15885,18.45.00,1,Collision with vehicle,3,Tuesday,148,VEHICLE OFF FOOTPATH STRIKES VEH ON CARRIAGEWAY,3,Dark Street lights on,2,2,0,1,0,1,2,Cross intersection,3,Other Injury,777,B,W ,Bicycle,W ,1,1,H,5,2,9,Stop-go lights,9999,GRATTAN,STREET,ELIZABETH,STREET,18,W,236960,I,MELBOURNE,MELBOURNE,-37.79969,144.95736,3052
180591,T20130012154,4/06/2013,121154,15885,08.15.00,1,Collision with vehicle,3,Tuesday,163,VEHICLE STRIKES DOOR OF PARKED/STATIONARY VEHICLE      ,2,Dusk/Dawn,2,3,0,1,0,2,2,Not at intersection,3,Other Injury,60,B,NW,Bicycle,NW,1,1,H,1,0,1,No control,5287,SWAN,STREET,ST CRISPIN,STREET,16,W,269228,N,YARRA,YARRA,-37.82573,144.9983,3121
180162,T20130011665,5/06/2013,121154,15885,16.29.00,1,Collision with vehicle,4,Wednesday,110,CROSS TRAFFIC(INTERSECTIONS ONLY)              ,2,Dusk/Dawn,2,2,0,1,0,1,1,Cross intersection,3,Other Injury,50,A,SW,Bicycle,SW,1,1,H,5,2,1,Roundabout,9999,COVENTRY,STREET,DODDS,STREET,0,W,66520,I,MELBOURNE,MELBOURNE,-37.82995,144.9668,3006
180172,T20130011672,5/06/2013,121154,15885,08.25.00,1,Collision with vehicle,4,Wednesday,163,VEHICLE STRIKES DOOR OF PARKED/STATIONARY VEHICLE      ,1,Day,2,3,0,1,0,2,2,Not at intersection,3,Other Injury,40,B,NW,Bicycle,NW,1,1,H,F,2,1,No control,5898,TOORAK,ROAD,WILLIAM,STREET,35,W,261655,N,STONNINGTON,STONNINGTON,-37.83915,144.9929,3141
180195,T20130011693,5/06/2013,121154,15885,17.23.00,1,Collision with vehicle,3,Wednesday,133,LANE SIDE SWIPE (VEHICLES IN PARALLEL LANES)        ,2,Dusk/Dawn,2,2,0,1,0,1,1,Cross intersection,3,Other Injury,40,A,E ,Bicycle,E ,1,1,H,4,2,1,Stop-go lights,9999,LYGON,STREET,QUEENSBERRY,STREET,0,N,35318,I,MELBOURNE,MELBOURNE,-37.8049,144.96621,3053
180332,T20130011849,7/06/2013,121154,15885,20.00.00,8,No collision and no object struck,6,Friday,174,OUT OF CONTROL ON CARRIAGEWAY (ON STRAIGHT)         ,3,Dark Street lights on,2,2,0,1,0,1,1,Cross intersection,3,Other Injury,50,A,NE,Bicycle,NE,1,1,H,N,1,1,Roundabout,9999,MONTAGUE,STREET,PARK,STREET,0,N,29458,I,PORT PHILLIP,PORT PHILLIP,-37.83736,144.95417,3205
180442,T20130011984,9/06/2013,121154,15885,20.40.00,1,Collision with vehicle,1,Sunday,110,CROSS TRAFFIC(INTERSECTIONS ONLY)              ,3,Dark Street lights on,2,2,1,0,0,1,1,Cross intersection,2,Hospitilisation,50,B,SW,Bicycle,SW,1,1,H,F,1,3,Stop-go lights,9999,ABBOTSFORD,STREET,HAINES,STREET,0,S,36094,I,MELBOURNE,MELBOURNE,-37.79845,144.94627,3051
180892,T20130012478,11/06/2013,121154,15885,08.55.00,1,Collision with vehicle,3,Tuesday,143,ENTERING PARKING                      ,2,Dusk/Dawn,2,3,0,1,0,2,2,Not at intersection,3,Other Injury,40,B,SW,Bicycle,SW,1,1,H,F,2,1,No control,9999,LA TROBE,STREET,SWANSTON,STREET,114,W,269267,N,MELBOURNE,MELBOURNE,-37.80995,144.96261,3000
180893,T20130012478,11/06/2013,121154,15885,08.55.00,1,Collision with vehicle,3,Tuesday,143,ENTERING PARKING                      ,2,Dusk/Dawn,2,3,0,1,0,2,2,Not at intersection,3,Other Injury,40,B,SW,Bicycle,SW,1,1,H,F,2,1,No control,9999,LA TROBE,STREET,SWANSTON,STREET,114,W,269267,N,MELBOURNE,MELBOURNE,-37.80995,144.96261,3000
180580,T20130012143,12/06/2013,121154,15885,06.20.00,1,Collision with vehicle,4,Wednesday,140,U TURN                           ,3,Dark Street lights on,2,2,1,0,0,1,1,Not at intersection,2,Hospitilisation,50,B,NW,Bicycle,NW,1,1,H,F,2,5,No control,9999,BIRDWOOD,AVENUE,PARK,STREET,194,N,269225,N,MELBOURNE,MELBOURNE,-37.83332,144.98098,3004
180951,T20130012537,13/06/2013,121154,15885,22.00.00,1,Collision with vehicle,5,Thursday,147,VEHICLE STRIKES ANOTHER VEH WHILE EMERGING FROM DRIVEWAY,3,Dark Street lights on,2,2,1,0,0,1,2,Not at intersection,2,Hospitilisation,50,A,SE,Bicycle,SE,1,1,H,8,1,2,No control,9999,ALBERT,STREET,ALBERT,LANE,73,E,261212,N,MELBOURNE,MELBOURNE,-37.81085,144.98748,3002
180775,T20130012353,14/06/2013,121154,15885,08.30.00,1,Collision with vehicle,6,Friday,116,LEFT NEAR (INTERSECTIONS ONLY)               ,1,Day,2,2,1,0,0,1,1,Cross intersection,2,Hospitilisation,50,B,NW,Bicycle,NW,1,1,H,5,1,2,Giveway sign,9999,BRIDGE,STREET,LYONS,STREET,0,NW,47064,I,PORT PHILLIP,PORT PHILLIP,-37.83717,144.94435,3207
206383,T20140012114,15/06/2013,121154,15885,14.00.00,1,Collision with vehicle,7,Saturday,163,VEHICLE STRIKES DOOR OF PARKED/STATIONARY VEHICLE      ,1,Day,2,2,1,0,0,1,2,Not at intersection,2,Hospitilisation,50,A,W ,Bicycle,W ,1,1,H,F,2,1,No control,9999,GRATTAN,STREET,LYGON,STREET,15,E,120923,N,MELBOURNE,MELBOURNE,-37.80076,144.96709,3053
191348,T20130023616,18/06/2013,121154,15885,10.00.00,1,Collision with vehicle,3,Tuesday,121,RIGHT THROUGH                        ,1,Day,2,2,0,1,0,1,2,T intersection,3,Other Injury,40,A,N ,Bicycle,N ,1,1,H,F,2,2,No control,5490,CHAPEL,STREET,FORREST,HILL,0,N,66769,I,STONNINGTON,STONNINGTON,-37.83741,144.99604,3141
181402,T20130012966,21/06/2013,121154,15885,19.20.00,1,Collision with vehicle,6,Friday,137,LEFT TURN SIDESWIPE                     ,3,Dark Street lights on,3,5,1,0,0,4,1,T intersection,2,Hospitilisation,40,B,S ,Bicycle,S ,1,1,H,F,2,4,No control,5499,CHURCH,STREET,HOWARD,STREET,0,N,37715,I,YARRA,YARRA,-37.83285,144.9967,3121
181883,T20130013462,23/06/2013,121154,15885,05.45.00,8,No collision and no object struck,0,Sunday,174,OUT OF CONTROL ON CARRIAGEWAY (ON STRAIGHT)         ,2,Dusk/Dawn,2,2,0,1,0,1,2,Cross intersection,3,Other Injury,70,A,S ,Bicycle,S ,1,1,H,N,1,6,Stop-go lights,2080,HODDLE,STREET,GIPPS,STREET,0,S,169,I,YARRA,YARRA,-37.80499,144.99213,3067
181662,T20130013253,25/06/2013,121154,15885,15.40.00,1,Collision with vehicle,3,Tuesday,163,VEHICLE STRIKES DOOR OF PARKED/STATIONARY VEHICLE      ,1,Day,2,2,0,1,0,1,1,T intersection,3,Other Injury,50,B,SE,Bicycle,SE,1,1,H,F,2,1,No control,5061,SPENCER,STREET,BOURKE,STREET,0,S,29415,I,MELBOURNE,MELBOURNE,-37.81709,144.95324,3008
181663,T20130013253,25/06/2013,121154,15885,15.40.00,1,Collision with vehicle,3,Tuesday,163,VEHICLE STRIKES DOOR OF PARKED/STATIONARY VEHICLE      ,1,Day,2,2,0,1,0,1,1,T intersection,3,Other Injury,50,B,SE,Bicycle,SE,1,1,H,F,2,1,No control,5061,SPENCER,STREET,BOURKE,STREET,0,S,29415,I,MELBOURNE,MELBOURNE,-37.81709,144.95324,3008
181671,T20130013262,25/06/2013,121154,15885,17.41.00,1,Collision with vehicle,3,Tuesday,135,LANE CHANGE LEFT (NOT OVERTAKING)              ,2,Dusk/Dawn,2,2,0,1,0,1,1,Not at intersection,3,Other Injury,50,B,W ,Bicycle,W ,1,1,H,F,2,9,No control,9999,QUEENSBERRY,STREET,COBDEN,STREET,42,E,261365,N,MELBOURNE,MELBOURNE,-37.80398,144.95793,3000
181685,T20130013275,26/06/2013,121154,15885,09.22.00,2,Struck Pedestrian,4,Wednesday,102,FAR SIDE. PED HIT BY VEHICLE FROM THE LEFT         ,1,Day,1,2,1,0,0,1,1,T intersection,2,Hospitilisation,60,A,S ,Bicycle,S ,1,1,H,F,2,1,No control,9999,PELHAM,STREET,RATHDOWNE,STREET,0,W,36379,I,MELBOURNE,MELBOURNE,-37.80314,144.96955,3053
181719,T20130013308,26/06/2013,121154,15885,16.10.00,2,Struck Pedestrian,4,Wednesday,100,PED NEAR SIDE. PED HIT BY VEHICLE FROM THE RIGHT.      ,2,Dusk/Dawn,1,2,1,1,0,0,1,Cross intersection,2,Hospitilisation,50,A,NW,Bicycle,NW,1,1,H,F,9,1,Stop-go lights,5318,CLARENDON,STREET,CITY,ROAD,0,N,36875,I,MELBOURNE,MELBOURNE,-37.82764,144.9581,3006
181752,T20130013345,26/06/2013,121154,15885,09.05.00,1,Collision with vehicle,4,Wednesday,137,LEFT TURN SIDESWIPE                     ,1,Day,2,2,0,1,0,1,2,Not at intersection,3,Other Injury,40,B,SW,Bicycle,SW,1,1,H,F,2,1,No control,9999,LITTLE BOURKE,STREET,EXHIBITION,STREET,17,W,261400,N,MELBOURNE,MELBOURNE,-37.81116,144.96993,3000
181756,T20130013350,26/06/2013,121154,15885,09.40.00,8,No collision and no object struck,4,Wednesday,174,OUT OF CONTROL ON CARRIAGEWAY (ON STRAIGHT)         ,1,Day,2,2,0,1,0,1,2,Cross intersection,3,Other Injury,40,B,E ,Bicycle,E ,1,18,H,N,2,6,Unknown,9999,ELIZABETH,STREET,SHELLEY,STREET,0,W,37115,I,YARRA,YARRA,-37.81119,144.99365,3121
181942,T20130013524,26/06/2013,121154,15885,08.45.00,1,Collision with vehicle,4,Wednesday,163,VEHICLE STRIKES DOOR OF PARKED/STATIONARY VEHICLE      ,1,Day,2,2,1,0,0,1,2,Not at intersection,2,Hospitilisation,50,A,S ,Bicycle,S ,1,1,H,5,1,2,No control,9999,EXHIBITION,STREET,MORNANE,PLACE,32,N,261722,N,MELBOURNE,MELBOURNE,-37.81146,144.97027,3000
181757,T20130013352,27/06/2013,121154,15885,10.00.00,1,Collision with vehicle,5,Thursday,160,VEHICLE COLLIDES WITH VEHICLE PARKED ON LEFT OF ROAD    ,1,Day,2,2,0,1,0,1,1,Not at intersection,3,Other Injury,40,A,NE,Bicycle,NE,1,1,H,8,0,1,No control,5490,CHAPEL,STREET,MALCOLM,STREET,106,N,269378,N,STONNINGTON,STONNINGTON,-37.83589,144.99636,3141
182038,T20130013632,28/06/2013,121154,15885,17.55.00,1,Collision with vehicle,6,Friday,130,REAR END(VEHICLES IN SAME LANE)               ,3,Dark Street lights on,2,2,1,0,0,1,1,Cross intersection,2,Hospitilisation,50,B,NW,Bicycle,NW,1,1,H,F,2,6,Stop-go lights,9999,FLINDERS,STREET,WILLIAM,STREET,0,W,29420,I,MELBOURNE,MELBOURNE,-37.81961,144.96002,3000
182039,T20130013632,28/06/2013,121154,15885,17.55.00,1,Collision with vehicle,6,Friday,130,REAR END(VEHICLES IN SAME LANE)               ,3,Dark Street lights on,2,2,1,0,0,1,1,Cross intersection,2,Hospitilisation,50,B,NW,Bicycle,NW,1,1,H,F,2,6,Stop-go lights,9999,FLINDERS,STREET,WILLIAM,STREET,0,W,29420,I,MELBOURNE,MELBOURNE,-37.81961,144.96002,3000
182164,T20130013760,2/07/2013,121154,15885,13.30.00,1,Collision with vehicle,3,Tuesday,163,VEHICLE STRIKES DOOR OF PARKED/STATIONARY VEHICLE      ,1,Day,2,2,1,0,0,1,2,Not at intersection,2,Hospitilisation,40,A,SE,Bicycle,SE,1,1,H,5,2,1,No control,9999,ELIZABETH,STREET,LONSDALE,STREET,50,S,146162,N,MELBOURNE,MELBOURNE,-37.8127,144.96245,3000
182191,T20130013781,2/07/2013,121154,15885,15.50.00,1,Collision with vehicle,3,Tuesday,134,LANE CHANGE RIGHT (NOT OVERTAKING)             ,1,Day,3,3,0,1,0,2,2,T intersection,3,Other Injury,40,B,SW,Bicycle,SW,1,1,H,1,2,9,No control,9999,LITTLE ELGIN,STREET,LYGON,STREET,0,W,65162,I,MELBOURNE,MELBOURNE,-37.79764,144.96747,3053
183069,T20130014762,4/07/2013,121154,15885,20.00.00,1,Collision with vehicle,5,Thursday,163,VEHICLE STRIKES DOOR OF PARKED/STATIONARY VEHICLE      ,6,Dark Street lights unknown,2,2,0,1,0,1,2,Not at intersection,3,Other Injury,40,B,NE,Bicycle,NE,1,1,H,F,9,9,No control,9999,BRUNSWICK,STREET,KERR,STREET,20,N,122354,N,YARRA,YARRA,-37.79657,144.97877,3065
182313,T20130013939,5/07/2013,121154,15885,07.50.00,1,Collision with vehicle,6,Friday,121,RIGHT THROUGH                        ,1,Day,2,2,0,1,0,1,1,Cross intersection,3,Other Injury,40,A,N ,Bicycle,N ,1,1,H,F,1,1,Stop-go lights,5082,VICTORIA,STREET,SWANSTON,STREET,0,W,36264,I,MELBOURNE,MELBOURNE,-37.80666,144.9629,3053
182342,T20130013966,5/07/2013,121154,15885,12.25.00,1,Collision with vehicle,6,Friday,148,VEHICLE OFF FOOTPATH STRIKES VEH ON CARRIAGEWAY,1,Day,2,3,0,1,0,2,1,Cross intersection,3,Other Injury,60,B,NW,Bicycle,NW,1,17,H,F,2,1,Unknown,9999,CANNING,STREET,KAY,STREET,0,S,36395,I,MELBOURNE,MELBOURNE,-37.79522,144.97332,3053
182571,T20130014215,8/07/2013,121154,15885,15.40.00,1,Collision with vehicle,2,Monday,163,VEHICLE STRIKES DOOR OF PARKED/STATIONARY VEHICLE      ,1,Day,2,2,0,1,0,1,2,Cross intersection,3,Other Injury,50,B,NE,Bicycle,NE,1,1,H,5,2,1,No control,9999,BOURKE,STREET,QUEEN,STREET,0,E,216,I,MELBOURNE,MELBOURNE,-37.81496,144.96068,3000
182630,T20130014275,10/07/2013,121154,15885,08.09.00,1,Collision with vehicle,4,Wednesday,137,LEFT TURN SIDESWIPE                     ,1,Day,2,2,0,1,0,1,1,T intersection,3,Other Injury,70,A,E ,Bicycle,E ,1,1,H,R,2,1,Stop-go lights,5035,DYNON,ROAD,LLOYD,STREET,0,W,36113,I,MELBOURNE,MELBOURNE,-37.80309,144.92916,3003
182777,T20130014415,11/07/2013,121154,15885,07.20.00,1,Collision with vehicle,5,Thursday,135,LANE CHANGE LEFT (NOT OVERTAKING)              ,1,Day,2,2,0,1,0,1,2,Cross intersection,3,Other Injury,40,B,SE,Bicycle,SE,1,1,H,F,2,1,Stop-go lights,9999,EXHIBITION,STREET,LITTLE LONSDALE,STREET,0,N,35365,I,MELBOURNE,MELBOURNE,-37.80914,144.9692,3000
182778,T20130014416,12/07/2013,121154,15885,11.58.00,2,Struck Pedestrian,6,Friday,102,FAR SIDE. PED HIT BY VEHICLE FROM THE LEFT         ,1,Day,1,2,0,1,0,1,1,Not at intersection,3,Other Injury,40,A,SW,Bicycle,SW,1,99,H,F,2,1,No control,9999,BOURKE,STREET,WINDSOR,PLACE,15,E,261841,N,MELBOURNE,MELBOURNE,-37.81149,144.9726,3000
182846,T20130014505,13/07/2013,121154,15885,15.40.00,1,Collision with vehicle,6,Saturday,133,LANE SIDE SWIPE (VEHICLES IN PARALLEL LANES)        ,1,Day,2,2,0,1,0,1,2,Cross intersection,3,Other Injury,40,A,SE,Bicycle,SE,1,1,H,1,2,9,No control,9999,BOURKE,STREET,QUEEN,STREET,0,E,216,I,MELBOURNE,MELBOURNE,-37.81496,144.96068,3000
182997,T20130014670,16/07/2013,121154,15885,08.30.00,1,Collision with vehicle,3,Tuesday,143,ENTERING PARKING                      ,1,Day,2,2,1,0,0,1,1,Not at intersection,2,Hospitilisation,50,B,SW,Bicycle,SW,1,1,H,4,1,1,No control,9999,GISBORNE,STREET,ALBERT,STREET,58,S,261853,N,MELBOURNE,MELBOURNE,-37.81006,144.97556,3002
183030,T20130014707,16/07/2013,121154,15885,06.50.00,1,Collision with vehicle,3,Tuesday,121,RIGHT THROUGH                        ,9,Unknown,2,2,0,1,0,1,2,Not at intersection,3,Other Injury,40,B,S ,Bicycle,S ,1,1,H,1,2,6,No control,9999,BRUNSWICK,STREET,GERTRUDE,STREET,20,S,122236,N,YARRA,YARRA,-37.80593,144.97718,3065
183038,T20130014714,16/07/2013,121154,15885,16.40.00,1,Collision with vehicle,3,Tuesday,163,VEHICLE STRIKES DOOR OF PARKED/STATIONARY VEHICLE      ,1,Day,2,2,1,0,0,1,1,Not at intersection,2,Hospitilisation,60,B,NE,Bicycle,NE,1,1,H,F,2,1,No control,9999,BRUNSWICK,STREET,VICTORIA,PARADE,104,N,261855,N,YARRA,YARRA,-37.80719,144.97697,3065
183165,T20130014853,16/07/2013,121154,15885,12.30.00,1,Collision with vehicle,3,Tuesday,163,VEHICLE STRIKES DOOR OF PARKED/STATIONARY VEHICLE      ,1,Day,2,2,1,0,0,1,2,Not at intersection,2,Hospitilisation,40,B,NE,Bicycle,NE,1,1,H,5,1,1,No control,5499,CHURCH,STREET,BRIDGE,ROAD,98,N,263732,N,YARRA,YARRA,-37.81771,144.99933,3121
183208,T20130014904,19/07/2013,121154,15885,12.25.00,1,Collision with vehicle,6,Friday,163,VEHICLE STRIKES DOOR OF PARKED/STATIONARY VEHICLE      ,1,Day,2,2,0,2,0,0,1,T intersection,3,Other Injury,60,B,E ,Bicycle,E ,1,1,H,5,2,1,No control,5948,VICTORIA,STREET,WILLIAM,STREET,0,W,37152,I,YARRA,YARRA,-37.81021,144.99717,3121
183266,T20130014955,19/07/2013,121154,15885,19.24.00,1,Collision with vehicle,6,Friday,124,RIGHT/RIGHT BOTH VEHs FROM OPPOSITE DIRECTIONS TURNING RIGHT,3,Dark Street lights on,2,2,0,1,0,1,1,Cross intersection,3,Other Injury,40,B,SE,Bicycle,SE,2,2,H,F,1,2,Stop sign,9999,GERTRUDE,STREET,NAPIER,STREET,0,W,36510,I,YARRA,YARRA,-37.80598,144.97945,3065
183467,T20130015189,19/07/2013,121154,15885,19.30.00,1,Collision with vehicle,6,Friday,121,RIGHT THROUGH                        ,3,Dark Street lights on,2,2,0,1,0,1,2,Cross intersection,3,Other Injury,40,B,S ,Bicycle,S ,1,1,H,F,1,2,No control,5499,CHURCH,STREET,COTTER,STREET,0,N,29441,I,YARRA,YARRA,-37.83041,144.99708,3121
183452,T20130015181,23/07/2013,121154,15885,10.00.00,8,No collision and no object struck,3,Tuesday,174,OUT OF CONTROL ON CARRIAGEWAY (ON STRAIGHT)         ,1,Day,1,1,1,0,0,0,1,Cross intersection,2,Hospitilisation,40,A,SE,Bicycle,SE,1,17,H,N,2,6,Stop-go lights,9999,EXHIBITION,STREET,LA TROBE,STREET,0,N,29396,I,MELBOURNE,MELBOURNE,-37.80816,144.96874,3000
183453,T20130015181,23/07/2013,121154,15885,10.00.00,8,No collision and no object struck,3,Tuesday,174,OUT OF CONTROL ON CARRIAGEWAY (ON STRAIGHT)         ,1,Day,1,1,1,0,0,0,1,Cross intersection,2,Hospitilisation,40,A,SE,Bicycle,SE,1,17,H,N,2,6,Stop-go lights,9999,EXHIBITION,STREET,LA TROBE,STREET,0,N,29396,I,MELBOURNE,MELBOURNE,-37.80816,144.96874,3000
183650,T20130015385,25/07/2013,121154,15885,18.00.00,1,Collision with vehicle,5,Thursday,163,VEHICLE STRIKES DOOR OF PARKED/STATIONARY VEHICLE      ,3,Dark Street lights on,3,3,1,0,0,2,1,Not at intersection,2,Hospitilisation,40,A,N ,Bicycle,N ,1,1,H,F,2,1,No control,9999,BRUNSWICK,STREET,ST DAVID,STREET,53,S,262251,N,YARRA,YARRA,-37.80108,144.97799,3065
205927,T20140011678,25/07/2013,121154,15885,18.30.00,1,Collision with vehicle,5,Thursday,130,REAR END(VEHICLES IN SAME LANE)               ,3,Dark Street lights on,2,2,0,1,0,1,2,T intersection,3,Other Injury,999,B,NW,Bicycle,NW,1,1,H,R,2,6,Stop-go lights,5026,HARKER,STREET,FLEMINGTON,ROAD,17,SW,260062,I,MELBOURNE,MELBOURNE,-37.79672,144.95108,3051
183751,T20130015494,26/07/2013,121154,15885,17.10.00,1,Collision with vehicle,5,Friday,133,LANE SIDE SWIPE (VEHICLES IN PARALLEL LANES)        ,2,Dusk/Dawn,2,2,0,1,0,1,2,Cross intersection,3,Other Injury,999,A,S ,Bicycle,S ,1,13,H,4,2,9,Stop-go lights,5287,SWAN,STREET,CHURCH,STREET,0,W,35383,I,YARRA,YARRA,-37.82569,144.99793,3121
193631,T20130025900,26/07/2013,121154,15885,17.30.00,1,Collision with vehicle,6,Friday,121,RIGHT THROUGH                        ,2,Dusk/Dawn,2,2,0,1,0,1,2,T intersection,3,Other Injury,50,B,E ,Bicycle,E ,1,1,H,4,9,1,No control,5853,JOHNSTON,STREET,TRENERRY,CRESCENT,0,W,35344,I,YARRA,YARRA,-37.80052,144.99994,3067
183771,T20130015520,27/07/2013,121154,15885,09.50.00,1,Collision with vehicle,7,Saturday,163,VEHICLE STRIKES DOOR OF PARKED/STATIONARY VEHICLE      ,1,Day,2,2,1,0,0,1,1,T intersection,2,Hospitilisation,60,A,E ,Bicycle,E ,1,1,H,F,2,3,No control,5287,SWAN,STREET,GREEN,STREET,0,W,37143,I,YARRA,YARRA,-37.82539,144.99525,3121