,ACCIDENT_NO,ACCIDENTDATE,CYCLISTS,CYCLISTS_COUNT_LS,ACCIDENTTIME,ACCIDENT_TYPE,ACCIDENT_TYPE_DESC,DAY_OF_WEEK,DAY_WEEK_DESC,DCA_CODE,DCA Description,LIGHT_CONDITION,LIGHT_CONDITION_DEC,NO_OF_VEHICLES,NO_PERSONS,NO_PERSONS_INJ_2,NO_PERSONS_INJ_3,NO_PERSONS_KILLED,NO_PERSONS_NOT_INJ,POLICE_ATTEND,ROAD_GEOMETRY_DESC,SEVERITY,SEVERITY_DESC,SPEED_ZONE,VEHICLE_ID,INITIAL_DIRECTION,Vehicle Type Desc,FINAL_DIRECTION,DRIVER_INTENT,VEHICLE_MOVEMENT,TRAILER_TYPE,INITIAL_IMPACT,LAMPS,LEVEL_OF_DAMAGE,TRAFFIC_CONTROL_DESC,ROAD_ROUTE_1,ROAD_NAME,ROAD_TYPE,ROAD_NAME_INT,ROAD_TYPE_INT,DISTANCE_LOCATION,DIRECTION_LOCATION,NODE_ID,NODE_TYPE,LGA_NAME,Lga Name All,Lat,Long,Postcode No
187829,T20130019903,29/07/2013,121154,15885,17.10.00,1,Collision with vehicle,2,Monday,113,RIGHT NEAR (INTERSECTIONS ONLY)               ,2,Dusk/Dawn,2,2,0,1,0,1,2,T intersection,3,Other Injury,50,A,NW,Bicycle,NW,1,1,H,5,9,2,No control,9999,CENTRAL PIER,,HARBOUR,ESPLANADE,0,SW,267446,I,MELBOURNE,MELBOURNE,-37.81584,144.94538,3008
184051,T20130015838,1/08/2013,121154,15885,08.45.00,1,Collision with vehicle,5,Thursday,121,RIGHT THROUGH                        ,1,Day,2,3,0,1,0,2,1,T intersection,3,Other Injury,60,A,S ,Bicycle,S ,1,1,H,F,9,3,No control,5065,PEEL,STREET,PRINCESS,STREET,0,S,36215,I,MELBOURNE,MELBOURNE,-37.80493,144.95615,3051
184112,T20130015892,1/08/2013,121154,15885,18.14.00,1,Collision with vehicle,5,Thursday,148,VEHICLE OFF FOOTPATH STRIKES VEH ON CARRIAGEWAY,3,Dark Street lights on,2,2,1,0,0,1,1,Cross intersection,2,Hospitilisation,50,B,W ,Bicycle,W ,1,1,H,F,1,1,Ped. crossing,5082,VICTORIA,STREET,VICTORIA,PARADE,0,W,222039,I,MELBOURNE,"YARRA,MELBOURNE",-37.80772,144.97322,3065
184138,T20130015919,2/08/2013,121154,15885,09.55.00,1,Collision with vehicle,6,Friday,110,CROSS TRAFFIC(INTERSECTIONS ONLY)              ,1,Day,2,2,1,0,0,1,1,Cross intersection,2,Hospitilisation,50,B,S ,Bicycle,S ,1,1,H,F,2,1,No control,9999,CANNING,STREET,KAY,STREET,0,S,36395,I,MELBOURNE,MELBOURNE,-37.79522,144.97332,3053
186407,T20130018346,2/08/2013,121154,15885,06.45.00,1,Collision with vehicle,5,Friday,110,CROSS TRAFFIC(INTERSECTIONS ONLY)              ,2,Dusk/Dawn,2,2,0,1,0,1,2,Cross intersection,3,Other Injury,40,A,S ,Bicycle,S ,1,1,H,8,0,2,Stop-go lights,9999,HARBOUR,ESPLANADE,COLLINS,STREET,0,N,278453,I,MELBOURNE,MELBOURNE,-37.82102,144.94742,3008
184442,T20130016255,3/08/2013,121154,15885,18.45.00,1,Collision with vehicle,7,Saturday,116,LEFT NEAR (INTERSECTIONS ONLY)               ,3,Dark Street lights on,3,3,0,2,0,1,2,T intersection,3,Other Injury,60,B,N ,Bicycle,N ,1,1,H,R,2,2,Stop sign,5979,ROYAL,PARADE,MORRAH,STREET,0,S,36207,I,MELBOURNE,MELBOURNE,-37.79582,144.95804,3052
184443,T20130016255,3/08/2013,121154,15885,18.45.00,1,Collision with vehicle,7,Saturday,116,LEFT NEAR (INTERSECTIONS ONLY)               ,3,Dark Street lights on,3,3,0,2,0,1,2,T intersection,3,Other Injury,60,C,N ,Bicycle,N ,1,1,H,9,2,2,Unknown,5979,ROYAL,PARADE,MORRAH,STREET,0,S,36207,I,MELBOURNE,MELBOURNE,-37.79582,144.95804,3052
184297,T20130016083,4/08/2013,121154,15885,16.55.00,1,Collision with vehicle,1,Sunday,110,CROSS TRAFFIC(INTERSECTIONS ONLY)              ,2,Dusk/Dawn,2,2,0,1,0,1,1,Cross intersection,3,Other Injury,40,A,SE,Bicycle,SE,1,1,H,F,2,6,Stop-go lights,9999,FLINDERS,LANE,QUEEN,STREET,0,E,35357,I,MELBOURNE,MELBOURNE,-37.81791,144.96203,3000
184423,T20130016234,6/08/2013,121154,15885,17.55.00,1,Collision with vehicle,3,Tuesday,121,RIGHT THROUGH                        ,3,Dark Street lights on,2,3,0,1,0,2,1,Cross intersection,3,Other Injury,60,B,W ,Bicycle,W ,1,1,H,F,9,1,Stop-go lights,5046,ELIZABETH,STREET,QUEENSBERRY,STREET,0,S,83,I,MELBOURNE,MELBOURNE,-37.80404,144.95847,3000
184457,T20130016270,7/08/2013,121154,15885,07.54.00,8,No collision and no object struck,4,Wednesday,174,OUT OF CONTROL ON CARRIAGEWAY (ON STRAIGHT)         ,1,Day,2,2,1,0,0,1,2,T intersection,2,Hospitilisation,60,A,NW,Bicycle,NW,1,1,H,N,1,2,No control,9999,DOMAIN,ROAD,MILLSWYN,STREET,0,W,37602,I,MELBOURNE,MELBOURNE,-37.83391,144.98072,3141
186464,T20130018417,9/08/2013,121154,15885,08.30.00,1,Collision with vehicle,6,Friday,137,LEFT TURN SIDESWIPE                     ,1,Day,2,2,1,0,0,1,2,Not at intersection,2,Hospitilisation,999,A,NE,Bicycle,NE,1,1,H,5,1,1,No control,9999,LA TROBE,STREET,ELIZABETH,STREET,115,E,263437,N,MELBOURNE,MELBOURNE,-37.80996,144.96258,3000
186465,T20130018417,9/08/2013,121154,15885,08.30.00,1,Collision with vehicle,6,Friday,137,LEFT TURN SIDESWIPE                     ,1,Day,2,2,1,0,0,1,2,Not at intersection,2,Hospitilisation,999,A,NE,Bicycle,NE,1,1,H,5,1,1,No control,9999,LA TROBE,STREET,ELIZABETH,STREET,115,E,263437,N,MELBOURNE,MELBOURNE,-37.80996,144.96258,3000
184718,T20130016582,12/08/2013,121154,15885,08.30.00,1,Collision with vehicle,1,Monday,133,LANE SIDE SWIPE (VEHICLES IN PARALLEL LANES)        ,1,Day,3,2,1,0,0,1,2,Not at intersection,2,Hospitilisation,60,B,SE,Bicycle,SE,1,1,H,4,2,5,No control,5597,LORIMER,STREET,INGLES,STREET,51,W,262640,N,MELBOURNE,MELBOURNE,-37.82194,144.93216,3207
184776,T20130016653,13/08/2013,121154,15885,09.00.00,1,Collision with vehicle,3,Tuesday,110,CROSS TRAFFIC(INTERSECTIONS ONLY)              ,1,Day,2,2,1,0,0,1,2,Cross intersection,2,Hospitilisation,50,B,E ,Bicycle,E ,1,1,H,F,2,9,Roundabout,9999,CARDIGAN,STREET,FARADAY,STREET,0,S,36303,I,MELBOURNE,MELBOURNE,-37.79851,144.96582,3053
186574,T20130018514,14/08/2013,121154,15885,10.00.00,1,Collision with vehicle,4,Wednesday,116,LEFT NEAR (INTERSECTIONS ONLY)               ,1,Day,2,2,1,0,0,1,2,Cross intersection,2,Hospitilisation,50,A,E ,Bicycle,E ,1,1,H,F,2,6,Stop-go lights,5065,PEEL,STREET,QUEENSBERRY,STREET,0,S,36214,I,MELBOURNE,MELBOURNE,-37.8038,144.95636,3051
184938,T20130016810,15/08/2013,121154,15885,12.30.00,1,Collision with vehicle,5,Thursday,131,LEFT REAR                          ,1,Day,2,2,1,0,0,1,1,Cross intersection,2,Hospitilisation,50,A,N ,Bicycle,N ,6,1,H,F,2,1,Stop-go lights,5082,VICTORIA,STREET,SWANSTON,STREET,0,W,36264,I,MELBOURNE,MELBOURNE,-37.80666,144.9629,3053
185473,T20130017396,15/08/2013,121154,15885,14.00.00,1,Collision with vehicle,5,Thursday,163,VEHICLE STRIKES DOOR OF PARKED/STATIONARY VEHICLE      ,1,Day,2,2,0,1,0,1,2,Cross intersection,3,Other Injury,40,B,NW,Bicycle,NW,1,1,H,5,2,1,No control,5287,SWAN,STREET,DOCKER,STREET,0,W,37170,I,YARRA,YARRA,-37.82555,144.99673,3121
185465,T20130017390,20/08/2013,121154,15885,11.30.00,1,Collision with vehicle,3,Tuesday,116,LEFT NEAR (INTERSECTIONS ONLY)               ,1,Day,2,2,0,1,0,1,2,T intersection,3,Other Injury,50,B,NE,Bicycle,NE,1,1,H,8,2,9,Stop sign,9999,CARDIGAN,STREET,PELHAM,STREET,0,S,36310,I,MELBOURNE,MELBOURNE,-37.80266,144.96509,3053
185337,T20130017239,21/08/2013,121154,15885,08.20.00,1,Collision with vehicle,4,Wednesday,110,CROSS TRAFFIC(INTERSECTIONS ONLY)              ,1,Day,2,3,0,1,0,2,1,Cross intersection,3,Other Injury,50,B,NE,Bicycle,NE,1,1,H,F,2,1,Roundabout,9999,KERR,STREET,NAPIER,STREET,0,E,36526,I,YARRA,YARRA,-37.79698,144.98098,3065
185742,T20130017690,21/08/2013,121154,15885,08.15.00,1,Collision with vehicle,4,Wednesday,163,VEHICLE STRIKES DOOR OF PARKED/STATIONARY VEHICLE      ,1,Day,2,2,1,0,0,1,2,Not at intersection,2,Hospitilisation,40,A,NW,Bicycle,NW,1,1,H,5,9,1,No control,5041,KING,STREET,WALSH,STREET,25,NW,263046,N,MELBOURNE,MELBOURNE,-37.80842,144.95186,3003
188219,T20130020321,21/08/2013,121154,15885,08.30.00,1,Collision with vehicle,4,Wednesday,136,RIGHT TURN SIDESWIPE                    ,1,Day,2,2,0,1,0,1,2,Cross intersection,3,Other Injury,40,A,SE,Bicycle,SW,2,2,H,5,2,6,Unknown,9999,COLLINS,STREET,WILLIAM,STREET,0,E,36867,I,MELBOURNE,MELBOURNE,-37.81764,144.95911,3000
185410,T20130017321,22/08/2013,121154,15885,12.35.00,1,Collision with vehicle,5,Thursday,163,VEHICLE STRIKES DOOR OF PARKED/STATIONARY VEHICLE      ,1,Day,2,3,0,1,0,2,1,Not at intersection,3,Other Injury,40,B,SW,Bicycle,SW,1,1,H,F,2,2,No control,9999,MACARTHUR,STREET,SPRING,STREET,37,NE,246010,N,MELBOURNE,MELBOURNE,-37.81301,144.97413,3002
185442,T20130017366,22/08/2013,121154,15885,18.36.00,1,Collision with vehicle,5,Thursday,163,VEHICLE STRIKES DOOR OF PARKED/STATIONARY VEHICLE      ,3,Dark Street lights on,2,3,0,1,0,2,1,T intersection,3,Other Injury,40,B,NE,Bicycle,NE,1,1,H,F,1,6,Stop-go lights,9999,COLLINS,STREET,COLLINS,PLACE,0,E,243506,I,MELBOURNE,MELBOURNE,-37.81356,144.97311,3000
185879,T20130017824,23/08/2013,121154,15885,23.28.00,1,Collision with vehicle,6,Friday,163,VEHICLE STRIKES DOOR OF PARKED/STATIONARY VEHICLE      ,3,Dark Street lights on,2,2,0,1,0,1,1,Not at intersection,3,Other Injury,40,B,NE,Bicycle,NE,1,1,H,F,2,2,No control,9999,BRUNSWICK,STREET,BELL,STREET,27,N,263141,N,YARRA,YARRA,-37.80012,144.97816,3065
185667,T20130017623,26/08/2013,121154,15885,18.19.00,1,Collision with vehicle,2,Monday,111,RIGHT FAR (INTERSECTIONS ONLY)               ,3,Dark Street lights on,2,2,1,0,0,1,1,Cross intersection,2,Hospitilisation,60,A,NW,Bicycle,NE,2,2,H,8,2,1,Stop-go lights,9999,CHILDERS,STREET,KENSINGTON,ROAD,0,W,38817,I,MELBOURNE,MELBOURNE,-37.79849,144.92011,3031
185701,T20130017654,27/08/2013,121154,15885,11.30.00,6,Vehicle overturned (no collision),3,Tuesday,151,OUT OF CONTROL (OVERTAKING)                 ,1,Day,1,1,1,0,0,0,1,T intersection,2,Hospitilisation,50,A,SW,Bicycle,SW,7,18,H,8,2,6,No control,9999,HARPER,STREET,NICHOLSON,STREET,0,W,178,I,YARRA,YARRA,-37.80381,144.99703,3067
185758,T20130017699,27/08/2013,121154,15885,16.45.00,1,Collision with vehicle,3,Tuesday,121,RIGHT THROUGH                        ,1,Day,2,2,1,0,0,1,1,Not at intersection,2,Hospitilisation,40,B,NE,Bicycle,NE,1,1,H,F,2,1,No control,9999,LA TROBE,STREET,SUTHERLAND,STREET,49,W,263048,N,MELBOURNE,MELBOURNE,-37.8107,144.96004,3000
185759,T20130017699,27/08/2013,121154,15885,16.45.00,1,Collision with vehicle,3,Tuesday,121,RIGHT THROUGH                        ,1,Day,2,2,1,0,0,1,1,Not at intersection,2,Hospitilisation,40,B,NE,Bicycle,NE,1,1,H,F,2,1,No control,9999,LA TROBE,STREET,SUTHERLAND,STREET,49,W,263048,N,MELBOURNE,MELBOURNE,-37.8107,144.96004,3000
186019,T20130017966,27/08/2013,121154,15885,08.00.00,1,Collision with vehicle,3,Tuesday,163,VEHICLE STRIKES DOOR OF PARKED/STATIONARY VEHICLE      ,1,Day,2,2,1,0,0,1,2,Cross intersection,2,Hospitilisation,40,A,NE,Bicycle,NE,1,1,H,F,9,1,No control,5499,CHURCH,STREET,HOTHAM,PLACE,0,N,35381,I,YARRA,YARRA,-37.82933,144.99728,3121
185920,T20130017862,29/08/2013,121154,15885,18.20.00,1,Collision with vehicle,5,Thursday,121,RIGHT THROUGH                        ,3,Dark Street lights on,2,2,0,1,0,1,1,Not at intersection,3,Other Injury,40,B,SE,Bicycle,SE,1,1,H,F,2,5,No control,5853,JOHNSTON,STREET,YOUNG,STREET,14,E,263145,N,YARRA,YARRA,-37.79847,144.97974,3065
185998,T20130017939,30/08/2013,121154,15885,17.30.00,1,Collision with vehicle,6,Friday,135,LANE CHANGE LEFT (NOT OVERTAKING)              ,3,Dark Street lights on,2,2,0,1,0,1,1,T intersection,3,Other Injury,40,A,NE,Bicycle,NE,1,1,H,1,9,1,No control,9999,COLLINS,STREET,SPORTSGIRL,COURT,0,E,265872,I,MELBOURNE,MELBOURNE,-37.81568,144.96588,3000
186272,T20130018213,3/09/2013,121154,15885,18.00.00,1,Collision with vehicle,3,Tuesday,121,RIGHT THROUGH                        ,3,Dark Street lights on,2,2,0,1,0,1,2,T intersection,3,Other Injury,40,B,SW,Bicycle,SW,1,1,H,F,1,3,No control,9999,MACARTHUR,STREET,ST ANDREWS,PLACE,0,SW,36997,I,MELBOURNE,MELBOURNE,-37.81179,144.97483,3002
186751,T20130018701,5/09/2013,121154,15885,20.00.00,1,Collision with vehicle,5,Thursday,116,LEFT NEAR (INTERSECTIONS ONLY)               ,9,Unknown,2,2,0,1,0,1,2,Cross intersection,3,Other Injury,60,B,SE,Bicycle,SE,1,1,H,5,9,9,Giveway sign,5061,SPENCER,STREET,RODEN,STREET,0,SE,36106,I,MELBOURNE,MELBOURNE,-37.80773,144.9479,3003
186880,T20130018837,5/09/2013,121154,15885,13.45.00,1,Collision with vehicle,5,Thursday,163,VEHICLE STRIKES DOOR OF PARKED/STATIONARY VEHICLE      ,1,Day,2,2,0,1,0,1,2,Not at intersection,3,Other Injury,60,B,SW,Bicycle,SW,1,1,H,F,2,2,No control,5738,BAY,STREET,POOL,STREET,20,SW,215555,N,PORT PHILLIP,PORT PHILLIP,-37.83742,144.94342,3207
186531,T20130018485,6/09/2013,121154,15885,18.15.00,1,Collision with vehicle,6,Friday,135,LANE CHANGE LEFT (NOT OVERTAKING)              ,2,Dusk/Dawn,2,2,0,1,0,1,2,Cross intersection,3,Other Injury,40,A,NE,Bicycle,NE,1,1,H,F,1,1,No control,9999,ELIZABETH,STREET,LA TROBE,STREET,0,N,65743,I,MELBOURNE,MELBOURNE,-37.81032,144.96136,3000
186532,T20130018485,6/09/2013,121154,15885,18.15.00,1,Collision with vehicle,6,Friday,135,LANE CHANGE LEFT (NOT OVERTAKING)              ,2,Dusk/Dawn,2,2,0,1,0,1,2,Cross intersection,3,Other Injury,40,A,NE,Bicycle,NE,1,1,H,F,1,1,No control,9999,ELIZABETH,STREET,LA TROBE,STREET,0,N,65743,I,MELBOURNE,MELBOURNE,-37.81032,144.96136,3000
186746,T20130018697,9/09/2013,121154,15885,12.50.00,1,Collision with vehicle,2,Monday,137,LEFT TURN SIDESWIPE                     ,1,Day,2,2,0,1,0,1,2,T intersection,3,Other Injury,60,A,SE,Bicycle,SE,1,1,H,1,0,1,Stop-go lights,5127,TOORAK,ROAD,ST KILDA,ROAD,23,E,263870,I,MELBOURNE,MELBOURNE,-37.83699,144.97607,3004
186835,T20130018800,9/09/2013,121154,15885,10.00.00,1,Collision with vehicle,2,Monday,116,LEFT NEAR (INTERSECTIONS ONLY)               ,1,Day,2,2,0,1,0,1,2,T intersection,3,Other Injury,50,B,NW,Bicycle,NW,1,1,H,8,2,2,Giveway sign,5130,FERRARS,STREET,BRIDPORT,STREET,0,N,37539,I,PORT PHILLIP,PORT PHILLIP,-37.83998,144.95818,3206
186769,T20130018723,11/09/2013,121154,15885,09.20.00,1,Collision with vehicle,4,Wednesday,143,ENTERING PARKING                      ,1,Day,2,2,0,1,0,1,1,Not at intersection,3,Other Injury,40,B,SW,Bicycle,SW,1,1,H,1,2,2,No control,9999,COLLINS,STREET,REGENT,PLACE,38,E,263459,N,MELBOURNE,MELBOURNE,-37.81515,144.96772,3000
186912,T20130018869,13/09/2013,121154,15885,08.18.00,1,Collision with vehicle,6,Friday,121,RIGHT THROUGH                        ,1,Day,2,3,0,1,0,2,1,T intersection,3,Other Injury,50,B,W ,Bicycle,W ,1,1,H,F,2,2,No control,9999,QUEENSBERRY,STREET,UNION,STREET,0,W,65417,I,MELBOURNE,MELBOURNE,-37.80274,144.94684,3051
187134,T20130019130,17/09/2013,121154,15885,08.58.00,1,Collision with vehicle,3,Tuesday,137,LEFT TURN SIDESWIPE                     ,1,Day,2,2,0,1,0,1,1,T intersection,3,Other Injury,60,B,N ,Bicycle,N ,1,1,H,F,0,1,No control,9999,WADEY,STREET,ST KILDA,ROAD,17,W,237656,I,MELBOURNE,MELBOURNE,-37.82612,144.97108,3006
187164,T20130019177,17/09/2013,121154,15885,16.41.00,1,Collision with vehicle,2,Tuesday,133,LANE SIDE SWIPE (VEHICLES IN PARALLEL LANES)        ,1,Day,2,2,0,1,0,1,1,Not at intersection,3,Other Injury,50,A,SE,Bicycle,SE,1,1,H,1,2,1,No control,5318,CLARENDON,STREET,HAIG,STREET,63,N,263615,N,MELBOURNE,MELBOURNE,-37.82614,144.95741,3006
187203,T20130019212,18/09/2013,121154,15885,12.05.00,1,Collision with vehicle,4,Wednesday,148,VEHICLE OFF FOOTPATH STRIKES VEH ON CARRIAGEWAY,1,Day,2,2,0,1,0,1,1,T intersection,3,Other Injury,50,B,SE,Bicycle,SE,1,1,H,F,2,1,No control,9999,HIGH,STREET,VALE,STREET,90,NE,65230,I,MELBOURNE,MELBOURNE,-37.79934,144.95439,3051
188087,T20130020195,1/10/2013,121154,15885,08.55.00,1,Collision with vehicle,3,Tuesday,133,LANE SIDE SWIPE (VEHICLES IN PARALLEL LANES)        ,1,Day,2,2,1,0,0,1,1,Not at intersection,2,Hospitilisation,30,B,NW,Bicycle,NW,1,18,H,N,2,9,Stop-go lights,9999,SWANSTON,STREET,COLLINS,STREET,54,S,263880,N,MELBOURNE,MELBOURNE,-37.81595,144.96675,3000
188172,T20130020269,2/10/2013,121154,15885,08.32.00,1,Collision with vehicle,4,Wednesday,116,LEFT NEAR (INTERSECTIONS ONLY)               ,1,Day,2,2,0,1,0,1,1,T intersection,3,Other Injury,50,B,E ,Bicycle,E ,1,1,H,8,2,1,No control,5082,VICTORIA,STREET,LEICESTER,STREET,0,W,47740,I,MELBOURNE,MELBOURNE,-37.80634,144.95994,3053
188340,T20130020442,4/10/2013,121154,15885,08.46.00,2,Struck Pedestrian,6,Friday,102,FAR SIDE. PED HIT BY VEHICLE FROM THE LEFT         ,1,Day,1,2,1,0,1,0,1,Not at intersection,1,Fatal,60,A,S ,Bicycle,S ,1,1,H,F,2,6,No control,5065,PEEL,STREET,HARBISON,LANE,70,N,264894,N,MELBOURNE,MELBOURNE,-37.8071,144.95579,3003
188403,T20130020519,4/10/2013,121154,15885,11.55.00,1,Collision with vehicle,6,Friday,163,VEHICLE STRIKES DOOR OF PARKED/STATIONARY VEHICLE      ,1,Day,2,2,0,1,0,1,1,Not at intersection,3,Other Injury,40,B,E ,Bicycle,E ,1,1,H,5,2,1,No control,5898,TOORAK,ROAD,POWELL,STREET,16,E,264510,N,STONNINGTON,STONNINGTON,-37.83878,144.98997,3141
188446,T20130020557,5/10/2013,121154,15885,14.58.00,1,Collision with vehicle,7,Saturday,137,LEFT TURN SIDESWIPE                     ,1,Day,2,3,1,0,0,2,1,T intersection,2,Hospitilisation,40,A,E ,Bicycle,E ,1,1,H,F,9,1,No control,5853,JOHNSTON,STREET,TRENERRY,CRESCENT,0,W,35344,I,YARRA,YARRA,-37.80052,144.99994,3067
188595,T20130020734,7/10/2013,121154,15885,09.45.00,1,Collision with vehicle,2,Monday,163,VEHICLE STRIKES DOOR OF PARKED/STATIONARY VEHICLE      ,1,Day,2,2,1,0,0,1,2,T intersection,2,Hospitilisation,50,B,W ,Bicycle,W ,1,1,H,F,2,3,No control,5285,BRIDGE,ROAD,MOORHOUSE,STREET,0,W,37060,I,YARRA,YARRA,-37.81766,144.99094,3121
188645,T20130020778,8/10/2013,121154,15885,18.33.00,1,Collision with vehicle,3,Tuesday,137,LEFT TURN SIDESWIPE                     ,1,Day,2,2,0,2,0,0,1,Cross intersection,3,Other Injury,60,B,NW,Bicycle,NW,1,1,H,4,2,6,No control,2510,KINGS,WAY,ALBERT,ROAD,0,NW,370,I,PORT PHILLIP,PORT PHILLIP,-37.83507,144.97113,3205
188752,T20130020881,10/10/2013,121154,15885,08.35.00,1,Collision with vehicle,5,Thursday,137,LEFT TURN SIDESWIPE                     ,1,Day,2,2,1,0,0,1,1,T intersection,2,Hospitilisation,50,B,S ,Bicycle,S ,1,1,H,1,2,6,No control,9999,CATHEDRAL,PLACE,MACARTHUR,STREET,0,W,35368,I,MELBOURNE,MELBOURNE,-37.81071,144.97545,3002
188824,T20130020954,10/10/2013,121154,15885,17.00.00,1,Collision with vehicle,5,Thursday,110,CROSS TRAFFIC(INTERSECTIONS ONLY)              ,2,Dusk/Dawn,2,2,0,1,0,1,2,Cross intersection,3,Other Injury,60,B,N ,Bicycle,N ,1,1,H,F,0,1,Stop-go lights,9999,ALBERT,STREET,POWLETT,STREET,0,E,37026,I,MELBOURNE,MELBOURNE,-37.8107,144.98616,3002
201253,T20140006974,10/10/2013,121154,15885,15.30.00,1,Collision with vehicle,5,Thursday,163,VEHICLE STRIKES DOOR OF PARKED/STATIONARY VEHICLE      ,1,Day,2,2,1,0,0,1,2,Not at intersection,2,Hospitilisation,50,B,E ,Bicycle,E ,1,1,H,N,2,5,No control,9999,LANGRIDGE,STREET,CROMWELL,STREET,42,E,269669,N,YARRA,YARRA,-37.80702,144.99037,3066
188921,T20130021038,11/10/2013,121154,15885,17.00.00,2,Struck Pedestrian,6,Friday,100,PED NEAR SIDE. PED HIT BY VEHICLE FROM THE RIGHT.      ,1,Day,1,2,1,1,0,0,1,Cross intersection,2,Hospitilisation,50,A,SW,Bicycle,SW,1,1,H,F,2,5,No control,9999,EXHIBITION,STREET,LA TROBE,STREET,0,N,29396,I,MELBOURNE,MELBOURNE,-37.80816,144.96874,3000
188922,T20130021038,11/10/2013,121154,15885,17.00.00,2,Struck Pedestrian,6,Friday,100,PED NEAR SIDE. PED HIT BY VEHICLE FROM THE RIGHT.      ,1,Day,1,2,1,1,0,0,1,Cross intersection,2,Hospitilisation,50,A,SW,Bicycle,SW,1,1,H,F,2,5,No control,9999,EXHIBITION,STREET,LA TROBE,STREET,0,N,29396,I,MELBOURNE,MELBOURNE,-37.80816,144.96874,3000
189017,T20130021123,12/10/2013,121154,15885,20.06.00,1,Collision with vehicle,7,Saturday,130,REAR END(VEHICLES IN SAME LANE)               ,3,Dark Street lights on,2,2,1,0,0,1,1,Not at intersection,2,Hospitilisation,40,A,N ,Bicycle,N ,99,99,H,R,9,6,No control,9999,SWANSTON,STREET,VICTORIA,STREET,40,N,265207,N,MELBOURNE,MELBOURNE,-37.8063,144.96296,3053
189190,T20130021310,15/10/2013,121154,15885,08.00.00,1,Collision with vehicle,2,Tuesday,130,REAR END(VEHICLES IN SAME LANE)               ,9,Unknown,2,2,0,1,0,1,2,Cross intersection,3,Other Injury,60,A,SE,Bicycle,SE,6,6,H,1,9,5,Unknown,5736,NICHOLSON,STREET,JOHNSTON,STREET,0,S,36430,I,MELBOURNE,"YARRA,MELBOURNE",-37.79795,144.97488,3065
189234,T20130021358,16/10/2013,121154,15885,09.01.00,1,Collision with vehicle,4,Wednesday,110,CROSS TRAFFIC(INTERSECTIONS ONLY)              ,1,Day,2,2,0,1,0,1,1,Cross intersection,3,Other Injury,60,B,SW,Bicycle,SW,1,1,H,5,2,6,Stop-go lights,2510,KINGS,WAY,STURT,STREET,0,NW,29460,I,MELBOURNE,MELBOURNE,-37.83061,144.9652,3006
189241,T20130021364,16/10/2013,121154,15885,08.40.00,1,Collision with vehicle,4,Wednesday,110,CROSS TRAFFIC(INTERSECTIONS ONLY)              ,1,Day,2,2,0,1,0,1,1,Cross intersection,3,Other Injury,40,B,SE,Bicycle,SE,1,1,H,5,2,1,Stop-go lights,9999,ELIZABETH,STREET,LONSDALE,STREET,0,N,35355,I,MELBOURNE,MELBOURNE,-37.81228,144.96226,3000
189249,T20130021371,16/10/2013,121154,15885,08.20.00,1,Collision with vehicle,4,Wednesday,137,LEFT TURN SIDESWIPE                     ,1,Day,2,2,0,1,0,1,1,T intersection,3,Other Injury,60,B,S ,Bicycle,S ,1,1,H,F,2,1,No control,9999,FRANKLIN,STREET,PEEL,STREET,0,E,36832,I,MELBOURNE,MELBOURNE,-37.80905,144.95547,3003
189252,T20130021374,16/10/2013,121154,15885,09.15.00,1,Collision with vehicle,4,Wednesday,110,CROSS TRAFFIC(INTERSECTIONS ONLY)              ,1,Day,2,2,0,1,0,1,1,Cross intersection,3,Other Injury,40,B,S ,Bicycle,S ,1,1,H,F,2,1,No control,9999,SACKVILLE,STREET,WELLINGTON,STREET,0,W,36627,I,YARRA,YARRA,-37.79857,144.98746,3066
191097,T20130023368,16/10/2013,121154,15885,13.20.00,1,Collision with vehicle,4,Wednesday,163,VEHICLE STRIKES DOOR OF PARKED/STATIONARY VEHICLE      ,1,Day,2,2,0,1,0,1,2,Cross intersection,3,Other Injury,40,A,SW,Bicycle,SW,1,99,H,9,2,6,Stop-go lights,9999,ELIZABETH,STREET,LA TROBE,STREET,0,N,65743,I,MELBOURNE,MELBOURNE,-37.81032,144.96136,3000
191098,T20130023368,16/10/2013,121154,15885,13.20.00,1,Collision with vehicle,4,Wednesday,163,VEHICLE STRIKES DOOR OF PARKED/STATIONARY VEHICLE      ,1,Day,2,2,0,1,0,1,2,Cross intersection,3,Other Injury,40,A,SW,Bicycle,SW,1,99,H,9,2,6,Stop-go lights,9999,ELIZABETH,STREET,LA TROBE,STREET,0,N,65743,I,MELBOURNE,MELBOURNE,-37.81032,144.96136,3000
189350,T20130021478,17/10/2013,121154,15885,11.35.00,1,Collision with vehicle,5,Thursday,147,VEHICLE STRIKES ANOTHER VEH WHILE EMERGING FROM DRIVEWAY,1,Day,2,2,1,0,0,1,1,T intersection,2,Hospitilisation,40,B,SE,Bicycle,SE,1,1,H,F,2,1,No control,9999,LANGRIDGE,STREET,SILVER,STREET,0,W,36636,I,YARRA,YARRA,-37.80675,144.98761,3066