,ACCIDENT_NO,ACCIDENTDATE,CYCLISTS,CYCLISTS_COUNT_LS,ACCIDENTTIME,ACCIDENT_TYPE,ACCIDENT_TYPE_DESC,DAY_OF_WEEK,DAY_WEEK_DESC,DCA_CODE,DCA Description,LIGHT_CONDITION,LIGHT_CONDITION_DEC,NO_OF_VEHICLES,NO_PERSONS,NO_PERSONS_INJ_2,NO_PERSONS_INJ_3,NO_PERSONS_KILLED,NO_PERSONS_NOT_INJ,POLICE_ATTEND,ROAD_GEOMETRY_DESC,SEVERITY,SEVERITY_DESC,SPEED_ZONE,VEHICLE_ID,INITIAL_DIRECTION,Vehicle Type Desc,FINAL_DIRECTION,DRIVER_INTENT,VEHICLE_MOVEMENT,TRAILER_TYPE,INITIAL_IMPACT,LAMPS,LEVEL_OF_DAMAGE,TRAFFIC_CONTROL_DESC,ROAD_ROUTE_1,ROAD_NAME,ROAD_TYPE,ROAD_NAME_INT,ROAD_TYPE_INT,DISTANCE_LOCATION,DIRECTION_LOCATION,NODE_ID,NODE_TYPE,LGA_NAME,Lga Name All,Lat,Long,Postcode No
189446,T20130021570,18/10/2013,121154,15885,09.45.00,1,Collision with vehicle,6,Friday,137,LEFT TURN SIDESWIPE                     ,1,Day,2,2,0,1,0,1,2,Cross intersection,3,Other Injury,999,B,SW,Bicycle,SW,99,1,H,F,2,9,Stop-go lights,9999,ELIZABETH,STREET,LA TROBE,STREET,0,N,65743,I,MELBOURNE,MELBOURNE,-37.81032,144.96136,3000
189447,T20130021570,18/10/2013,121154,15885,09.45.00,1,Collision with vehicle,6,Friday,137,LEFT TURN SIDESWIPE                     ,1,Day,2,2,0,1,0,1,2,Cross intersection,3,Other Injury,999,B,SW,Bicycle,SW,99,1,H,F,2,9,Stop-go lights,9999,ELIZABETH,STREET,LA TROBE,STREET,0,N,65743,I,MELBOURNE,MELBOURNE,-37.81032,144.96136,3000
189465,T20130021584,18/10/2013,121154,15885,17.00.00,1,Collision with vehicle,6,Friday,116,LEFT NEAR (INTERSECTIONS ONLY)               ,2,Dusk/Dawn,3,7,0,1,0,6,1,T intersection,3,Other Injury,60,C,NW,Bicycle,NW,1,15,H,5,2,2,No control,9999,BOWEN,CRESCENT,ST KILDA,ROAD,15,SW,222798,I,PORT PHILLIP,PORT PHILLIP,-37.83466,144.97432,3004
189597,T20130021711,20/10/2013,121154,15885,16.30.00,1,Collision with vehicle,1,Sunday,140,U TURN                           ,1,Day,2,2,0,1,0,1,2,Cross intersection,3,Other Injury,40,A,N ,Bicycle,N ,1,1,H,F,2,2,No control,9999,BRUNSWICK,STREET,ROSE,STREET,0,N,36494,I,YARRA,YARRA,-37.79595,144.97887,3065
190131,T20130022297,21/10/2013,121154,15885,08.20.00,1,Collision with vehicle,2,Monday,116,LEFT NEAR (INTERSECTIONS ONLY)               ,1,Day,2,2,0,1,0,1,1,T intersection,3,Other Injury,40,B,W ,Bicycle,W ,1,1,H,R,2,3,No control,9999,CHARLES,STREET,GIPPS,STREET,0,N,36699,I,YARRA,YARRA,-37.8053,144.99529,3067
189781,T20130021882,22/10/2013,121154,15885,18.30.00,1,Collision with vehicle,3,Tuesday,110,CROSS TRAFFIC(INTERSECTIONS ONLY)              ,1,Day,2,2,0,1,0,1,2,Cross intersection,3,Other Injury,60,B,N ,Bicycle,N ,1,1,H,F,2,3,No control,9999,CANNING,STREET,KAY,STREET,0,S,36395,I,MELBOURNE,MELBOURNE,-37.79522,144.97332,3053
189834,T20130021932,24/10/2013,121154,15885,07.55.00,1,Collision with vehicle,5,Thursday,121,RIGHT THROUGH                        ,1,Day,2,2,1,0,0,1,1,T intersection,2,Hospitilisation,60,B,NW,Bicycle,NW,1,1,H,F,1,1,No control,5882,ST KILDA,ROAD,DORCAS,STREET,0,N,36983,I,MELBOURNE,"PORT PHILLIP,MELBOURNE",-37.8299,144.97132,3006
189884,T20130021989,24/10/2013,121154,15885,17.53.00,1,Collision with vehicle,5,Thursday,121,RIGHT THROUGH                        ,1,Day,2,2,0,1,0,1,1,Not at intersection,3,Other Injury,50,B,SE,Bicycle,SE,1,1,H,F,2,3,No control,9999,ELIZABETH,STREET,LEWIS,COURT,48,E,264954,N,YARRA,YARRA,-37.81185,144.99926,3121
189899,T20130022015,24/10/2013,121154,15885,09.00.00,1,Collision with vehicle,5,Thursday,130,REAR END(VEHICLES IN SAME LANE)               ,1,Day,2,2,0,1,0,1,2,Cross intersection,3,Other Injury,50,B,E ,Bicycle,E ,1,1,H,F,2,1,Unknown,9999,BERKELEY,STREET,QUEENSBERRY,STREET,0,N,31046,I,MELBOURNE,MELBOURNE,-37.80414,144.95949,3053
189888,T20130022003,25/10/2013,121154,15885,08.30.00,1,Collision with vehicle,6,Friday,121,RIGHT THROUGH                        ,1,Day,2,2,0,1,0,1,1,Cross intersection,3,Other Injury,60,B,E ,Bicycle,E ,1,1,H,F,2,1,Stop-go lights,9999,LEICESTER,STREET,QUEENSBERRY,STREET,0,N,65471,I,MELBOURNE,MELBOURNE,-37.80423,144.9603,3053
190033,T20130022179,27/10/2013,121154,15885,09.30.00,1,Collision with vehicle,1,Sunday,163,VEHICLE STRIKES DOOR OF PARKED/STATIONARY VEHICLE      ,1,Day,2,3,0,1,0,2,1,Not at intersection,3,Other Injury,60,B,S ,Bicycle,S ,1,1,H,F,0,6,No control,9999,SWANSTON,STREET,MONASH,ROAD,92,S,265551,N,MELBOURNE,MELBOURNE,-37.79935,144.96417,3053
190170,T20130022334,29/10/2013,121154,15885,17.50.00,1,Collision with vehicle,3,Tuesday,137,LEFT TURN SIDESWIPE                     ,1,Day,2,2,0,1,0,1,1,Not at intersection,3,Other Injury,60,B,N ,Bicycle,N ,1,1,H,F,0,3,No control,9999,RATHDOWNE,STREET,PINKYS,LANE,27,N,264516,N,MELBOURNE,MELBOURNE,-37.79774,144.97043,3053
190175,T20130022341,29/10/2013,121154,15885,18.35.00,1,Collision with vehicle,3,Tuesday,143,ENTERING PARKING                      ,1,Day,2,3,0,2,0,1,1,T intersection,3,Other Injury,40,B,S ,Bicycle,S ,1,1,H,F,2,1,No control,5490,CHAPEL,STREET,DALY,STREET,0,N,37721,I,STONNINGTON,STONNINGTON,-37.83818,144.99589,3141
190232,T20130022402,30/10/2013,121154,15885,14.55.00,1,Collision with vehicle,4,Wednesday,143,ENTERING PARKING                      ,1,Day,3,2,0,1,0,1,1,Not at intersection,3,Other Injury,60,B,NW,Bicycle,NW,1,1,H,1,2,2,No control,5882,ST KILDA,ROAD,SLATER,STREET,93,N,265054,N,PORT PHILLIP,PORT PHILLIP,-37.83832,144.97611,3004
190240,T20130022407,30/10/2013,121154,15885,16.30.00,1,Collision with vehicle,4,Wednesday,163,VEHICLE STRIKES DOOR OF PARKED/STATIONARY VEHICLE      ,1,Day,2,3,0,1,0,2,1,Not at intersection,3,Other Injury,40,A,NW,Bicycle,NW,1,1,H,F,0,1,No control,9999,SWANSTON,STREET,FLINDERS,STREET,65,S,1385,N,MELBOURNE,MELBOURNE,-37.818,144.96769,3000
190288,T20130022449,31/10/2013,121154,15885,09.32.00,1,Collision with vehicle,5,Thursday,135,LANE CHANGE LEFT (NOT OVERTAKING)              ,1,Day,2,2,0,1,0,1,1,Not at intersection,3,Other Injury,40,B,SW,Bicycle,SW,1,1,H,F,2,1,Other,9999,LONSDALE,STREET,SWANSTON,STREET,20,W,126063,N,MELBOURNE,MELBOURNE,-37.81162,144.96452,3000
190440,T20130022615,2/11/2013,121154,15885,08.23.00,1,Collision with vehicle,7,Saturday,137,LEFT TURN SIDESWIPE                     ,1,Day,2,2,0,1,0,1,2,Cross intersection,3,Other Injury,60,A,S ,Bicycle,S ,1,1,H,1,2,1,No control,5066,DRYBURGH,STREET,MACAULAY,ROAD,0,S,29373,I,MELBOURNE,MELBOURNE,-37.8003,144.94398,3051
190461,T20130022630,2/11/2013,121154,15885,15.50.00,1,Collision with vehicle,7,Saturday,163,VEHICLE STRIKES DOOR OF PARKED/STATIONARY VEHICLE      ,1,Day,2,2,0,1,0,1,1,T intersection,3,Other Injury,60,B,SE,Bicycle,SE,1,1,H,F,2,6,No control,5127,TOORAK,ROAD,ST KILDA,ROAD,23,E,263870,I,MELBOURNE,MELBOURNE,-37.83699,144.97607,3004
190644,T20130022847,4/11/2013,121154,15885,16.30.00,1,Collision with vehicle,2,Monday,163,VEHICLE STRIKES DOOR OF PARKED/STATIONARY VEHICLE      ,1,Day,3,3,0,1,0,2,2,T intersection,3,Other Injury,40,B,SW,Bicycle,SW,1,1,H,F,0,6,No control,9999,ELIZABETH,STREET,FLINDERS,STREET,0,N,233,I,MELBOURNE,MELBOURNE,-37.81817,144.96497,3000
190645,T20130022847,4/11/2013,121154,15885,16.30.00,1,Collision with vehicle,2,Monday,163,VEHICLE STRIKES DOOR OF PARKED/STATIONARY VEHICLE      ,1,Day,3,3,0,1,0,2,2,T intersection,3,Other Injury,40,B,SW,Bicycle,SW,1,1,H,F,0,6,No control,9999,ELIZABETH,STREET,FLINDERS,STREET,0,N,233,I,MELBOURNE,MELBOURNE,-37.81817,144.96497,3000
191578,T20130023851,6/11/2013,121154,15885,18.15.00,1,Collision with vehicle,4,Wednesday,110,CROSS TRAFFIC(INTERSECTIONS ONLY)              ,1,Day,2,2,0,1,0,1,2,Cross intersection,3,Other Injury,50,B,NE,Bicycle,NE,1,1,H,5,2,1,Roundabout,9999,CECIL,STREET,YORK,STREET,0,S,37505,I,PORT PHILLIP,PORT PHILLIP,-37.8315,144.95708,3205
190926,T20130023161,8/11/2013,121154,15885,09.00.00,1,Collision with vehicle,6,Friday,163,VEHICLE STRIKES DOOR OF PARKED/STATIONARY VEHICLE      ,1,Day,2,2,0,1,0,1,2,Cross intersection,3,Other Injury,50,B,E ,Bicycle,E ,1,1,H,F,2,1,No control,9999,GERTRUDE,STREET,LITTLE GEORGE,STREET,0,W,65547,I,YARRA,YARRA,-37.80605,144.98006,3065
190951,T20130023191,10/11/2013,121154,15885,02.40.00,1,Collision with vehicle,1,Sunday,110,CROSS TRAFFIC(INTERSECTIONS ONLY)              ,3,Dark Street lights on,2,6,1,0,0,5,1,Cross intersection,2,Hospitilisation,60,A,S ,Bicycle,S ,1,1,H,5,2,5,Stop-go lights,9999,ELGIN,STREET,LYGON,STREET,0,W,109,I,MELBOURNE,MELBOURNE,-37.79716,144.96756,3053
191016,T20130023271,11/11/2013,121154,15885,11.04.00,1,Collision with vehicle,2,Monday,130,REAR END(VEHICLES IN SAME LANE)               ,1,Day,2,3,0,1,0,2,1,Cross intersection,3,Other Injury,60,A,SE,Bicycle,SE,1,1,H,R,2,3,No control,5318,CLARENDON,STREET,NORMANBY,ROAD,0,N,54453,I,MELBOURNE,MELBOURNE,-37.82519,144.95697,3006
191078,T20130023343,11/11/2013,121154,15885,08.30.00,1,Collision with vehicle,2,Monday,135,LANE CHANGE LEFT (NOT OVERTAKING)              ,1,Day,2,2,0,1,0,1,2,T intersection,3,Other Injury,60,B,N ,Bicycle,N ,1,1,H,F,2,5,No control,5499,CHURCH,STREET,BERRY,STREET,0,N,37198,I,YARRA,YARRA,-37.81934,144.99904,3121
191293,T20130023561,14/11/2013,121154,15885,08.22.00,1,Collision with vehicle,5,Thursday,137,LEFT TURN SIDESWIPE                     ,1,Day,2,2,0,1,0,1,2,T intersection,3,Other Injury,60,A,W ,Bicycle,W ,1,18,H,N,9,1,Stop-go lights,5597,LORIMER,STREET,SALMON,STREET,0,E,38819,I,MELBOURNE,MELBOURNE,-37.82081,144.92062,3207
191315,T20130023574,14/11/2013,121154,15885,17.25.00,1,Collision with vehicle,5,Thursday,137,LEFT TURN SIDESWIPE                     ,1,Day,3,3,1,1,0,1,1,Not at intersection,2,Hospitilisation,50,B,E ,Bicycle,E ,1,1,H,F,2,5,No control,9999,ALBERT,STREET,GOTCH,LANE,40,W,264754,N,MELBOURNE,MELBOURNE,-37.81058,144.98507,3002
191361,T20130023624,15/11/2013,121154,15885,07.45.00,1,Collision with vehicle,6,Friday,163,VEHICLE STRIKES DOOR OF PARKED/STATIONARY VEHICLE      ,2,Dusk/Dawn,2,3,0,1,0,2,2,Not at intersection,3,Other Injury,50,B,SW,Bicycle,SW,1,1,H,F,2,1,No control,9999,COLLINS,STREET,EXHIBITION,STREET,45,W,265390,N,MELBOURNE,MELBOURNE,-37.81419,144.971,3000
206397,T20140012124,17/11/2013,121154,15885,16.30.00,1,Collision with vehicle,1,Sunday,163,VEHICLE STRIKES DOOR OF PARKED/STATIONARY VEHICLE      ,9,Unknown,2,2,0,1,0,1,2,Not at intersection,3,Other Injury,60,A,N ,Bicycle,NK,1,1,H,F,2,9,Unknown,9999,ST KILDA,ROAD,ALEXANDRA,AVENUE,58,S,271768,N,MELBOURNE,MELBOURNE,-37.82123,144.96901,3006
191643,T20130023905,19/11/2013,121154,15885,15.32.00,1,Collision with vehicle,3,Tuesday,148,VEHICLE OFF FOOTPATH STRIKES VEH ON CARRIAGEWAY,1,Day,2,2,0,1,0,1,2,Cross intersection,3,Other Injury,60,B,SE,Bicycle,SE,1,1,H,F,2,6,Stop-go lights,2120,FOOTSCRAY ROAD -WURUNDJERI,WAY,DOCKLANDS,DRIVE,0,E,36794,I,MELBOURNE,MELBOURNE,-37.81284,144.94288,3008
191695,T20130023970,20/11/2013,121154,15885,09.15.00,1,Collision with vehicle,4,Wednesday,137,LEFT TURN SIDESWIPE                     ,1,Day,2,4,0,1,0,3,1,T intersection,3,Other Injury,60,B,SW,Bicycle,SW,1,1,H,F,2,5,No control,9999,LA TROBE,STREET,PARK,STREET,0,W,265474,I,MELBOURNE,MELBOURNE,-37.81218,144.95495,3003
191696,T20130023970,20/11/2013,121154,15885,09.15.00,1,Collision with vehicle,4,Wednesday,137,LEFT TURN SIDESWIPE                     ,1,Day,2,4,0,1,0,3,1,T intersection,3,Other Injury,60,B,SW,Bicycle,SW,1,1,H,F,2,5,No control,9999,LA TROBE,STREET,PARK,STREET,0,W,265474,I,MELBOURNE,MELBOURNE,-37.81218,144.95495,3003
191792,T20130024081,21/11/2013,121154,15885,18.25.00,1,Collision with vehicle,5,Thursday,121,RIGHT THROUGH                        ,1,Day,2,3,0,1,0,2,1,Cross intersection,3,Other Injury,50,B,N ,Bicycle,N ,1,1,H,F,0,5,Stop-go lights,9999,CANNING,STREET,ELGIN,STREET,0,S,36399,I,MELBOURNE,MELBOURNE,-37.79774,144.97289,3053
192086,T20130024403,22/11/2013,121154,15885,21.00.00,4,Collision with a fixed object,6,Friday,171,LEFT OFF CARRIAGEWAY INTO OBJECT/PARKED VEHICLE       ,2,Dusk/Dawn,2,1,1,0,0,0,2,T intersection,2,Hospitilisation,60,A,S ,Bicycle,S ,6,6,H,5,1,1,No control,9999,CARDIGAN,TERRACE,SWANSTON,STREET,0,W,264858,I,MELBOURNE,MELBOURNE,-37.80585,144.96303,3053
192534,T20130024844,26/11/2013,121154,15885,17.30.00,1,Collision with vehicle,3,Tuesday,121,RIGHT THROUGH                        ,9,Unknown,2,2,0,1,0,1,2,Cross intersection,3,Other Injury,40,B,N ,Bicycle,N ,1,1,H,1,2,1,No control,9999,BRUNSWICK,STREET,KERR,STREET,0,N,36495,I,YARRA,YARRA,-37.79675,144.97874,3065
192520,T20130024831,27/11/2013,121154,15885,22.30.00,1,Collision with vehicle,4,Wednesday,148,VEHICLE OFF FOOTPATH STRIKES VEH ON CARRIAGEWAY,9,Unknown,2,2,0,1,0,1,2,Cross intersection,3,Other Injury,50,B,SE,Bicycle,SE,99,99,H,8,2,1,Unknown,5041,KING,STREET,LA TROBE,STREET,0,S,65831,I,MELBOURNE,MELBOURNE,-37.81247,144.95392,3003
192521,T20130024831,27/11/2013,121154,15885,22.30.00,1,Collision with vehicle,4,Wednesday,148,VEHICLE OFF FOOTPATH STRIKES VEH ON CARRIAGEWAY,9,Unknown,2,2,0,1,0,1,2,Cross intersection,3,Other Injury,50,B,SE,Bicycle,SE,99,99,H,8,2,1,Unknown,5041,KING,STREET,LA TROBE,STREET,0,S,65831,I,MELBOURNE,MELBOURNE,-37.81247,144.95392,3003
192239,T20130024538,28/11/2013,121154,15885,13.01.00,1,Collision with vehicle,5,Thursday,131,LEFT REAR                          ,1,Day,2,2,0,1,0,1,1,Cross intersection,3,Other Injury,40,A,NE,Bicycle,NE,1,1,H,F,2,1,Other,9999,BRUNSWICK,STREET,MOOR,STREET,0,N,35332,I,YARRA,YARRA,-37.8016,144.9779,3065
192511,T20130024826,29/11/2013,121154,15885,07.45.00,1,Collision with vehicle,6,Friday,137,LEFT TURN SIDESWIPE                     ,2,Dusk/Dawn,2,2,1,0,0,1,2,Cross intersection,2,Hospitilisation,60,A,E ,Bicycle,E ,1,1,H,1,2,6,Stop-go lights,5065,PEEL,STREET,VICTORIA,STREET,0,S,29385,I,MELBOURNE,MELBOURNE,-37.80588,144.95599,3051
192589,T20130024885,30/11/2013,121154,15885,12.30.00,1,Collision with vehicle,7,Saturday,163,VEHICLE STRIKES DOOR OF PARKED/STATIONARY VEHICLE      ,1,Day,2,2,1,0,0,1,2,Cross intersection,2,Hospitilisation,40,B,N ,Bicycle,N ,1,18,H,F,2,3,Stop-go lights,5490,CHAPEL,STREET,TOORAK,ROAD,0,N,37719,I,STONNINGTON,STONNINGTON,-37.8395,144.99562,3141
192506,T20130024820,2/12/2013,121154,15885,08.55.00,1,Collision with vehicle,2,Monday,119,OTHER ADJACENT (INTERSECTIONS ONLY)             ,1,Day,2,2,1,0,0,1,1,Cross intersection,2,Hospitilisation,40,A,S ,Bicycle,S ,1,1,H,F,0,9,No control,9999,PERRY,STREET,WELLINGTON,STREET,0,E,36629,I,YARRA,YARRA,-37.80016,144.98719,3066
192712,T20130024991,3/12/2013,121154,15885,18.10.00,1,Collision with vehicle,3,Tuesday,163,VEHICLE STRIKES DOOR OF PARKED/STATIONARY VEHICLE      ,1,Day,2,2,1,0,0,1,2,Cross intersection,2,Hospitilisation,999,B,S ,Bicycle,S ,1,1,H,F,2,3,No control,5287,SWAN,STREET,CHURCH,STREET,0,W,35383,I,YARRA,YARRA,-37.82569,144.99793,3121
200481,T20140006200,7/12/2013,121154,15885,11.45.00,8,No collision and no object struck,7,Saturday,174,OUT OF CONTROL ON CARRIAGEWAY (ON STRAIGHT)         ,1,Day,1,1,0,1,0,0,2,Not at intersection,3,Other Injury,999,A,W ,Bicycle,W ,6,18,H,F,9,1,No control,9999,GERTRUDE,STREET,NAPIER,STREET,15,W,269893,N,YARRA,YARRA,-37.80597,144.97928,3065
193030,T20130025301,8/12/2013,121154,15885,11.50.00,1,Collision with vehicle,1,Sunday,121,RIGHT THROUGH                        ,1,Day,2,2,0,1,0,1,1,Cross intersection,3,Other Injury,60,A,NW,Bicycle,NE,2,2,H,1,2,2,Stop-go lights,5130,FERRARS,STREET,DORCAS,STREET,0,N,37492,I,PORT PHILLIP,PORT PHILLIP,-37.83443,144.95562,3205
193219,T20130025499,10/12/2013,121154,15885,18.02.00,1,Collision with vehicle,3,Tuesday,136,RIGHT TURN SIDESWIPE                    ,1,Day,2,2,1,0,0,1,1,Cross intersection,2,Hospitilisation,40,B,NE,Bicycle,NE,99,99,H,F,9,1,Stop-go lights,9999,ABECKETT,STREET,ELIZABETH,STREET,0,E,36882,I,MELBOURNE,MELBOURNE,-37.80925,144.96087,3000
193343,T20130025611,12/12/2013,121154,15885,08.26.00,1,Collision with vehicle,5,Thursday,121,RIGHT THROUGH                        ,1,Day,2,2,0,1,0,1,1,T intersection,3,Other Injury,40,B,N ,Bicycle,N ,1,1,H,F,2,1,Other,9999,LANGRIDGE,STREET,NICHOLSON,STREET,0,W,36720,I,YARRA,YARRA,-37.80762,144.99636,3067
193420,T20130025697,12/12/2013,121154,15885,17.00.00,1,Collision with vehicle,5,Thursday,121,RIGHT THROUGH                        ,1,Day,2,2,0,1,0,1,2,Cross intersection,3,Other Injury,40,B,N ,Bicycle,N ,1,1,H,F,1,3,No control,9999,KEELE,STREET,WELLINGTON,STREET,0,W,36622,I,YARRA,YARRA,-37.79719,144.98769,3066
194100,T20130026387,12/12/2013,121154,15885,17.05.00,1,Collision with vehicle,5,Thursday,137,LEFT TURN SIDESWIPE                     ,1,Day,2,2,0,1,0,1,2,T intersection,3,Other Injury,50,B,E ,Bicycle,E ,1,1,H,F,9,2,No control,9999,DAVID,STREET,ELGIN,STREET,0,S,36398,I,MELBOURNE,MELBOURNE,-37.79762,144.97181,3053
193774,T20130026050,15/12/2013,121154,15885,07.10.00,1,Collision with vehicle,1,Sunday,163,VEHICLE STRIKES DOOR OF PARKED/STATIONARY VEHICLE      ,1,Day,2,2,0,1,0,1,2,Not at intersection,3,Other Injury,40,A,SE,Bicycle,SE,1,1,H,F,0,1,No control,9999,HARBOUR,ESPLANADE,RON CASEY,LANE,3,N,270240,N,MELBOURNE,MELBOURNE,-37.81559,144.94527,3008
193617,T20130025882,16/12/2013,121154,15885,09.40.00,1,Collision with vehicle,2,Monday,163,VEHICLE STRIKES DOOR OF PARKED/STATIONARY VEHICLE      ,1,Day,2,2,0,2,0,0,1,Not at intersection,3,Other Injury,60,B,SE,Bicycle,SE,1,1,H,F,2,1,No control,5044,FLEMINGTON,ROAD,GRATTAN,STREET,130,NW,266162,N,MELBOURNE,MELBOURNE,-37.79882,144.95399,3052
193649,T20130025915,16/12/2013,121154,15885,15.45.00,1,Collision with vehicle,2,Monday,121,RIGHT THROUGH                        ,1,Day,2,2,0,1,0,1,1,Cross intersection,3,Other Injury,50,B,E ,Bicycle,E ,1,1,H,F,2,6,Other,9999,ISLINGTON,STREET,LANGRIDGE,STREET,0,N,36658,I,YARRA,YARRA,-37.80707,144.99087,3066
196365,T20140001984,16/12/2013,121154,15885,11.00.00,6,Vehicle overturned (no collision),2,Monday,174,OUT OF CONTROL ON CARRIAGEWAY (ON STRAIGHT)         ,9,Unknown,2,2,1,0,0,1,2,Cross intersection,2,Hospitilisation,999,A,N ,Bicycle,N ,1,1,H,N,2,6,Unknown,9999,DRYBURGH,STREET,IRELAND,STREET,0,N,36089,I,MELBOURNE,MELBOURNE,-37.80658,144.94285,3003
193746,T20130026008,17/12/2013,121154,15885,17.32.00,1,Collision with vehicle,3,Tuesday,137,LEFT TURN SIDESWIPE                     ,1,Day,2,2,0,1,0,1,1,Cross intersection,3,Other Injury,50,B,E ,Bicycle,E ,1,1,H,F,2,2,Stop-go lights,9999,ALBERT,STREET,POWLETT,STREET,0,E,37026,I,MELBOURNE,MELBOURNE,-37.8107,144.98616,3002
195445,T20140001027,17/12/2013,121154,15885,16.40.00,1,Collision with vehicle,3,Tuesday,121,RIGHT THROUGH                        ,1,Day,2,2,0,1,0,1,2,T intersection,3,Other Injury,50,B,E ,Bicycle,S ,2,2,H,F,2,1,Giveway sign,9999,GIPPS,STREET,VICTORIA,CRESCENT,0,W,36742,I,YARRA,YARRA,-37.80551,144.99802,3067
193758,T20130026029,18/12/2013,121154,15885,08.03.00,1,Collision with vehicle,4,Wednesday,135,LANE CHANGE LEFT (NOT OVERTAKING)              ,1,Day,2,3,0,1,0,2,1,Not at intersection,3,Other Injury,60,B,SE,Bicycle,SE,1,1,H,F,2,9,Stop-go lights,5044,FLEMINGTON,ROAD,HARCOURT,STREET,27,NW,266200,N,MELBOURNE,MELBOURNE,-37.79779,144.9527,3052
193949,T20130026221,19/12/2013,121154,15885,22.45.00,1,Collision with vehicle,4,Thursday,133,LANE SIDE SWIPE (VEHICLES IN PARALLEL LANES)        ,6,Dark Street lights unknown,2,2,0,1,0,1,2,T intersection,3,Other Injury,50,B,N ,Bicycle,N ,1,1,H,1,2,6,No control,9999,LYGON,STREET,WATERLOO,STREET,0,N,36336,I,MELBOURNE,MELBOURNE,-37.79532,144.96787,3053
193971,T20130026241,20/12/2013,121154,15885,12.00.00,1,Collision with vehicle,5,Friday,137,LEFT TURN SIDESWIPE                     ,9,Unknown,2,2,0,1,0,1,2,T intersection,3,Other Injury,60,B,S ,Bicycle,S ,1,1,H,F,2,1,No control,9999,FRANKLIN,STREET,PEEL,STREET,0,E,36832,I,MELBOURNE,MELBOURNE,-37.80905,144.95547,3003
194022,T20130026297,21/12/2013,121154,15885,09.00.00,1,Collision with vehicle,7,Saturday,121,RIGHT THROUGH                        ,1,Day,2,2,1,0,0,1,1,T intersection,2,Hospitilisation,60,B,SW,Bicycle,SW,1,1,H,F,2,2,No control,5499,CHURCH,STREET,AMSTERDAM,STREET,0,N,37712,I,YARRA,YARRA,-37.83103,144.99697,3121
194445,T20130026826,29/12/2013,121154,15885,20.40.00,1,Collision with vehicle,1,Sunday,121,RIGHT THROUGH                        ,2,Dusk/Dawn,2,2,0,1,0,1,1,Cross intersection,3,Other Injury,50,B,E ,Bicycle,S ,2,2,H,5,2,1,Stop-go lights,9999,GIPPS,STREET,NICHOLSON,STREET,0,W,36715,I,YARRA,YARRA,-37.80543,144.99671,3067
194624,T20140000103,30/12/2013,121154,15885,14.30.00,1,Collision with vehicle,2,Monday,163,VEHICLE STRIKES DOOR OF PARKED/STATIONARY VEHICLE      ,1,Day,2,2,0,1,0,1,2,Not at intersection,3,Other Injury,40,B,N ,Bicycle,N ,1,1,H,F,2,1,No control,5499,CHURCH,STREET,BRIDGE,ROAD,74,N,213890,N,YARRA,YARRA,-37.81792,144.99929,3121
194638,T20140000116,2/01/2014,131321,21808,18.40.00,3,Struck animal,5,Thursday,167,STRUCK ANIMAL                        ,1,Day,1,1,1,0,0,0,1,Cross intersection,2,Hospitilisation,70,A,N ,Bicycle,N ,1,1,H,8,2,1,Stop-go lights,2080,HODDLE,STREET,GIPPS,STREET,0,S,169,I,YARRA,YARRA,-37.80499,144.99213,3067
194982,T20140000522,2/01/2014,131321,21808,19.10.00,8,No collision and no object struck,5,Thursday,170,OFF CARRIAGEWAY TO LEFT                   ,1,Day,2,2,0,1,0,1,2,Cross intersection,3,Other Injury,60,A,SE,Bicycle,SE,3,1,H,N,2,9,Unknown,5061,SPENCER,STREET,LA TROBE,STREET,0,S,65851,I,MELBOURNE,MELBOURNE,-37.81317,144.95144,3008
194983,T20140000522,2/01/2014,131321,21808,19.10.00,8,No collision and no object struck,5,Thursday,170,OFF CARRIAGEWAY TO LEFT                   ,1,Day,2,2,0,1,0,1,2,Cross intersection,3,Other Injury,60,A,SE,Bicycle,SE,3,1,H,N,2,9,Unknown,5061,SPENCER,STREET,LA TROBE,STREET,0,S,65851,I,MELBOURNE,MELBOURNE,-37.81317,144.95144,3008
194824,T20140000349,6/01/2014,131321,21808,08.35.00,1,Collision with vehicle,2,Monday,121,RIGHT THROUGH                        ,1,Day,2,2,0,1,0,1,2,T intersection,3,Other Injury,40,B,SE,Bicycle,SE,1,17,H,1,9,1,No control,5061,SPENCER,STREET,LITTLE LONSDALE,STREET,0,S,35347,I,MELBOURNE,MELBOURNE,-37.81416,144.95189,3008