,ACCIDENT_NO,ACCIDENTDATE,CYCLISTS,CYCLISTS_COUNT_LS,ACCIDENTTIME,ACCIDENT_TYPE,ACCIDENT_TYPE_DESC,DAY_OF_WEEK,DAY_WEEK_DESC,DCA_CODE,DCA Description,LIGHT_CONDITION,LIGHT_CONDITION_DEC,NO_OF_VEHICLES,NO_PERSONS,NO_PERSONS_INJ_2,NO_PERSONS_INJ_3,NO_PERSONS_KILLED,NO_PERSONS_NOT_INJ,POLICE_ATTEND,ROAD_GEOMETRY_DESC,SEVERITY,SEVERITY_DESC,SPEED_ZONE,VEHICLE_ID,INITIAL_DIRECTION,Vehicle Type Desc,FINAL_DIRECTION,DRIVER_INTENT,VEHICLE_MOVEMENT,TRAILER_TYPE,INITIAL_IMPACT,LAMPS,LEVEL_OF_DAMAGE,TRAFFIC_CONTROL_DESC,ROAD_ROUTE_1,ROAD_NAME,ROAD_TYPE,ROAD_NAME_INT,ROAD_TYPE_INT,DISTANCE_LOCATION,DIRECTION_LOCATION,NODE_ID,NODE_TYPE,LGA_NAME,Lga Name All,Lat,Long,Postcode No
194825,T20140000349,6/01/2014,131321,21808,08.35.00,1,Collision with vehicle,2,Monday,121,RIGHT THROUGH                        ,1,Day,2,2,0,1,0,1,2,T intersection,3,Other Injury,40,B,SE,Bicycle,SE,1,17,H,1,9,1,No control,5061,SPENCER,STREET,LITTLE LONSDALE,STREET,0,S,35347,I,MELBOURNE,MELBOURNE,-37.81416,144.95189,3008
194878,T20140000417,7/01/2014,131321,21808,17.30.00,1,Collision with vehicle,3,Tuesday,121,RIGHT THROUGH                        ,9,Unknown,2,2,0,1,0,1,2,T intersection,3,Other Injury,40,A,N ,Bicycle,N ,1,1,H,F,2,1,No control,9999,BELL,STREET,BRUNSWICK,STREET,0,E,36505,I,YARRA,YARRA,-37.80036,144.97812,3065
194887,T20140000427,7/01/2014,131321,21808,15.00.00,8,No collision and no object struck,3,Tuesday,174,OUT OF CONTROL ON CARRIAGEWAY (ON STRAIGHT)         ,1,Day,2,2,1,0,0,1,2,Not at intersection,2,Hospitilisation,60,A,S ,Bicycle,S ,1,1,H,N,2,1,No control,5736,NICHOLSON,STREET,ARGYLE,STREET,45,S,121939,N,MELBOURNE,"MELBOURNE,YARRA",-37.79756,144.97495,3065
201373,T20140007083,8/01/2014,131321,21808,08.00.00,1,Collision with vehicle,4,Wednesday,121,RIGHT THROUGH                        ,1,Day,2,2,0,1,0,1,2,Cross intersection,3,Other Injury,40,A,NW,Bicycle,NE,2,2,H,F,2,1,Stop-go lights,5061,SPENCER,STREET,LA TROBE,STREET,0,S,65851,I,MELBOURNE,MELBOURNE,-37.81317,144.95144,3008
201374,T20140007083,8/01/2014,131321,21808,08.00.00,1,Collision with vehicle,4,Wednesday,121,RIGHT THROUGH                        ,1,Day,2,2,0,1,0,1,2,Cross intersection,3,Other Injury,40,A,NW,Bicycle,NE,2,2,H,F,2,1,Stop-go lights,5061,SPENCER,STREET,LA TROBE,STREET,0,S,65851,I,MELBOURNE,MELBOURNE,-37.81317,144.95144,3008
195005,T20140000544,9/01/2014,131321,21808,16.17.00,1,Collision with vehicle,5,Thursday,160,VEHICLE COLLIDES WITH VEHICLE PARKED ON LEFT OF ROAD    ,1,Day,3,2,0,1,0,1,1,Cross intersection,3,Other Injury,40,A,SW,Bicycle,SW,1,1,H,4,2,5,Stop-go lights,9999,LITTLE COLLINS,STREET,QUEEN,STREET,0,W,36888,I,MELBOURNE,MELBOURNE,-37.81594,144.96113,3000
195119,T20140000674,10/01/2014,131321,21808,10.45.00,1,Collision with vehicle,6,Friday,143,ENTERING PARKING                      ,1,Day,2,2,0,1,0,1,2,Cross intersection,3,Other Injury,40,A,S ,Bicycle,S ,1,1,H,1,2,2,No control,9999,ARGYLE,STREET,BRUNSWICK,STREET,0,E,36496,I,YARRA,YARRA,-37.79754,144.9786,3065
195282,T20140000840,14/01/2014,131321,21808,08.10.00,1,Collision with vehicle,3,Tuesday,120,HEAD ON (NOT OVERTAKING)                  ,1,Day,2,2,1,0,0,1,1,Not at intersection,2,Hospitilisation,40,A,SE,Bicycle,SE,1,18,H,5,2,6,No control,9999,SWANSTON,STREET,LONSDALE,STREET,50,S,141938,N,MELBOURNE,MELBOURNE,-37.81198,144.96493,3000
195369,T20140000947,14/01/2014,131321,21808,17.45.00,1,Collision with vehicle,3,Tuesday,163,VEHICLE STRIKES DOOR OF PARKED/STATIONARY VEHICLE      ,1,Day,2,2,0,1,0,1,2,Not at intersection,3,Other Injury,40,A,NE,Bicycle,NE,1,1,H,5,2,6,No control,9999,COLLINS,STREET,SPENCER,STREET,97,E,266760,N,MELBOURNE,MELBOURNE,-37.81877,144.95518,3000
195359,T20140000930,15/01/2014,131321,21808,08.15.00,8,No collision and no object struck,4,Wednesday,174,OUT OF CONTROL ON CARRIAGEWAY (ON STRAIGHT)         ,1,Day,2,2,0,1,0,1,2,Not at intersection,3,Other Injury,40,B,NE,Bicycle,NE,1,18,H,N,2,9,Other,9999,LA TROBE,STREET,SUTHERLAND,STREET,28,W,266772,N,MELBOURNE,MELBOURNE,-37.81064,144.96026,3000
195360,T20140000930,15/01/2014,131321,21808,08.15.00,8,No collision and no object struck,4,Wednesday,174,OUT OF CONTROL ON CARRIAGEWAY (ON STRAIGHT)         ,1,Day,2,2,0,1,0,1,2,Not at intersection,3,Other Injury,40,B,NE,Bicycle,NE,1,18,H,N,2,9,Other,9999,LA TROBE,STREET,SUTHERLAND,STREET,28,W,266772,N,MELBOURNE,MELBOURNE,-37.81064,144.96026,3000
195412,T20140000992,15/01/2014,131321,21808,18.00.00,1,Collision with vehicle,4,Wednesday,121,RIGHT THROUGH                        ,1,Day,2,2,0,1,0,1,2,T intersection,3,Other Injury,50,B,SW,Bicycle,SW,1,1,H,F,0,1,Unknown,9999,LA TROBE,STREET,HARBOUR,ESPLANADE,81,E,267595,N,MELBOURNE,MELBOURNE,-37.81475,144.94587,3008
195723,T20140001333,15/01/2014,131321,21808,09.04.00,1,Collision with vehicle,4,Wednesday,116,LEFT NEAR (INTERSECTIONS ONLY)               ,1,Day,2,2,0,1,0,1,1,T intersection,3,Other Injury,40,B,SW,Bicycle,SW,1,1,H,8,2,1,No control,9999,MACARTHUR,STREET,ST ANDREWS,PLACE,0,SW,36997,I,MELBOURNE,MELBOURNE,-37.81179,144.97483,3002
195426,T20140001010,16/01/2014,131321,21808,15.10.00,1,Collision with vehicle,5,Thursday,163,VEHICLE STRIKES DOOR OF PARKED/STATIONARY VEHICLE      ,1,Day,2,3,0,1,0,2,1,Not at intersection,3,Other Injury,40,B,SW,Bicycle,SW,1,1,H,F,2,6,Stop-go lights,9999,LONSDALE,STREET,ELIZABETH,STREET,80,E,266793,N,MELBOURNE,MELBOURNE,-37.81203,144.96311,3000
196252,T20140001876,18/01/2014,131321,21808,09.40.00,1,Collision with vehicle,7,Saturday,163,VEHICLE STRIKES DOOR OF PARKED/STATIONARY VEHICLE      ,1,Day,2,2,0,1,0,1,2,Not at intersection,3,Other Injury,50,A,S ,Bicycle,S ,1,1,H,F,2,2,No control,9999,BRUNSWICK,STREET,KERR,STREET,36,N,266817,N,YARRA,YARRA,-37.79642,144.97879,3065
195617,T20140001219,19/01/2014,131321,21808,23.03.00,1,Collision with vehicle,1,Sunday,148,VEHICLE OFF FOOTPATH STRIKES VEH ON CARRIAGEWAY,3,Dark Street lights on,2,4,1,0,0,3,1,Cross intersection,2,Hospitilisation,60,B,S ,Bicycle,S ,1,1,H,F,2,1,Stop-go lights,5082,VICTORIA,STREET,SWANSTON,STREET,0,W,36264,I,MELBOURNE,MELBOURNE,-37.80666,144.9629,3053
195639,T20140001244,20/01/2014,131321,21808,12.07.00,1,Collision with vehicle,2,Monday,121,RIGHT THROUGH                        ,1,Day,2,2,0,1,0,1,1,T intersection,3,Other Injury,60,B,N ,Bicycle,N ,1,1,H,F,2,1,No control,5499,CHURCH,STREET,HILL,STREET,0,N,54545,I,YARRA,YARRA,-37.82814,144.99749,3121
195671,T20140001276,20/01/2014,131321,21808,19.26.00,1,Collision with vehicle,2,Monday,148,VEHICLE OFF FOOTPATH STRIKES VEH ON CARRIAGEWAY,2,Dusk/Dawn,2,2,0,1,0,1,1,Cross intersection,3,Other Injury,60,B,S ,Bicycle,S ,1,1,H,F,2,5,Stop-go lights,2080,PUNT,ROAD,ALEXANDRA,AVENUE,0,S,263,I,MELBOURNE,"STONNINGTON,MELBOURNE",-37.83063,144.98785,3141
201621,T20140007324,20/01/2014,131321,21808,08.48.00,1,Collision with vehicle,2,Monday,163,VEHICLE STRIKES DOOR OF PARKED/STATIONARY VEHICLE      ,1,Day,2,3,1,0,0,2,2,Cross intersection,2,Hospitilisation,40,A,SE,Bicycle,SE,1,1,H,F,2,2,Stop-go lights,5041,KING,STREET,LITTLE BOURKE,STREET,0,S,36834,I,MELBOURNE,MELBOURNE,-37.8154,144.95528,3000
195703,T20140001310,21/01/2014,131321,21808,07.18.00,1,Collision with vehicle,3,Tuesday,151,OUT OF CONTROL (OVERTAKING)                 ,1,Day,2,1,0,1,0,0,1,Cross intersection,3,Other Injury,50,B,SE,Bicycle,SE,7,7,H,F,2,6,Other,9999,FLINDERS,LANE,SWANSTON,STREET,0,E,35364,I,MELBOURNE,MELBOURNE,-37.81649,144.96699,3000
195741,T20140001357,21/01/2014,131321,21808,21.00.00,1,Collision with vehicle,3,Tuesday,121,RIGHT THROUGH                        ,2,Dusk/Dawn,2,2,1,0,0,1,1,Cross intersection,2,Hospitilisation,60,B,W ,Bicycle,W ,1,1,H,F,1,5,Stop-go lights,5046,ELIZABETH,STREET,ROYAL,PARADE,0,S,36210,I,MELBOURNE,MELBOURNE,-37.79972,144.95756,3052
196197,T20140001822,21/01/2014,131321,21808,17.15.00,1,Collision with vehicle,3,Tuesday,163,VEHICLE STRIKES DOOR OF PARKED/STATIONARY VEHICLE      ,1,Day,2,2,1,0,0,1,2,Not at intersection,2,Hospitilisation,50,A,N ,Bicycle,N ,1,1,H,F,0,6,No control,9999,SWANSTON,STREET,PALMERSTON,PLACE,58,N,266089,N,MELBOURNE,MELBOURNE,-37.79511,144.96489,3053
195781,T20140001404,22/01/2014,131321,21808,12.50.00,1,Collision with vehicle,4,Wednesday,132,RIGHT REAR.                         ,1,Day,2,2,0,1,0,1,1,Cross intersection,3,Other Injury,50,B,S ,Bicycle,W ,2,2,H,R,2,5,Other,5736,NICHOLSON,STREET,JOHNSTON,STREET,0,S,36430,I,MELBOURNE,"YARRA,MELBOURNE",-37.79795,144.97488,3065
195794,T20140001420,22/01/2014,131321,21808,17.15.00,1,Collision with vehicle,3,Wednesday,137,LEFT TURN SIDESWIPE                     ,1,Day,2,2,0,1,0,1,1,Not at intersection,3,Other Injury,40,B,NE,Bicycle,NE,1,1,H,1,2,6,No control,9999,LA TROBE,STREET,SUTHERLAND,STREET,22,E,266861,N,MELBOURNE,MELBOURNE,-37.81048,144.96079,3000
195795,T20140001420,22/01/2014,131321,21808,17.15.00,1,Collision with vehicle,3,Wednesday,137,LEFT TURN SIDESWIPE                     ,1,Day,2,2,0,1,0,1,1,Not at intersection,3,Other Injury,40,B,NE,Bicycle,NE,1,1,H,1,2,6,No control,9999,LA TROBE,STREET,SUTHERLAND,STREET,22,E,266861,N,MELBOURNE,MELBOURNE,-37.81048,144.96079,3000
195820,T20140001440,23/01/2014,131321,21808,07.25.00,1,Collision with vehicle,5,Thursday,121,RIGHT THROUGH                        ,1,Day,2,2,1,0,0,1,1,T intersection,2,Hospitilisation,60,B,W ,Bicycle,W ,1,17,H,1,9,1,No control,9999,LANGFORD,STREET,MACAULAY,ROAD,0,S,36063,I,MELBOURNE,MELBOURNE,-37.79518,144.93662,3051
195824,T20140001448,23/01/2014,131321,21808,10.10.00,1,Collision with vehicle,5,Thursday,137,LEFT TURN SIDESWIPE                     ,1,Day,2,2,0,1,0,1,1,Cross intersection,3,Other Injury,60,A,NW,Bicycle,SW,3,3,H,8,2,1,Giveway sign,2510,KINGS,WAY,ALBERT,ROAD,0,NW,370,I,PORT PHILLIP,PORT PHILLIP,-37.83507,144.97113,3205
195898,T20140001501,23/01/2014,131321,21808,17.50.00,1,Collision with vehicle,4,Thursday,133,LANE SIDE SWIPE (VEHICLES IN PARALLEL LANES)        ,1,Day,2,2,0,1,0,1,1,Not at intersection,3,Other Injury,60,B,SE,Bicycle,SE,1,1,H,1,2,2,No control,2510,QUEENS,ROAD,ARTHUR,STREET,136,N,266875,N,PORT PHILLIP,PORT PHILLIP,-37.83839,144.97393,3004
196105,T20140001726,26/01/2014,131321,21808,18.30.00,1,Collision with vehicle,1,Sunday,148,VEHICLE OFF FOOTPATH STRIKES VEH ON CARRIAGEWAY,1,Day,2,2,0,1,0,1,2,Not at intersection,3,Other Injury,999,B,SE,Bicycle,SE,1,1,H,F,9,9,Unknown,9999,CENTRAL PIER,,HARBOUR,ESPLANADE,20,SW,269933,N,MELBOURNE,MELBOURNE,-37.81592,144.94518,3008
196249,T20140001873,28/01/2014,131321,21808,15.15.00,1,Collision with vehicle,3,Tuesday,110,CROSS TRAFFIC(INTERSECTIONS ONLY)              ,1,Day,2,2,0,1,0,1,2,Cross intersection,3,Other Injury,50,A,SE,Bicycle,SE,1,1,H,F,2,2,Stop-go lights,9999,ELIZABETH,STREET,LITTLE LONSDALE,STREET,0,N,29422,I,MELBOURNE,MELBOURNE,-37.8113,144.96181,3000
196312,T20140001931,29/01/2014,131321,21808,18.32.00,1,Collision with vehicle,4,Wednesday,121,RIGHT THROUGH                        ,1,Day,2,2,1,0,0,1,1,Cross intersection,2,Hospitilisation,60,B,S ,Bicycle,S ,1,1,H,F,2,6,Stop-go lights,5736,NICHOLSON,STREET,JOHNSTON,STREET,0,S,36430,I,MELBOURNE,"YARRA,MELBOURNE",-37.79795,144.97488,3065
196609,T20140002219,29/01/2014,131321,21808,14.30.00,1,Collision with vehicle,4,Wednesday,163,VEHICLE STRIKES DOOR OF PARKED/STATIONARY VEHICLE      ,1,Day,2,2,0,1,0,1,2,Not at intersection,3,Other Injury,40,A,NE,Bicycle,NE,1,1,H,5,2,9,No control,9999,BOURKE,STREET,ELIZABETH,STREET,20,W,136843,N,MELBOURNE,MELBOURNE,-37.81431,144.96294,3000
196402,T20140002019,31/01/2014,131321,21808,05.13.00,1,Collision with vehicle,6,Friday,148,VEHICLE OFF FOOTPATH STRIKES VEH ON CARRIAGEWAY,3,Dark Street lights on,2,2,1,0,0,1,1,T intersection,2,Hospitilisation,60,A,NE,Bicycle,NE,1,1,H,1,2,5,Stop-go lights,2510,PRINCES HIGHWAY,EAST,KINGS,WAY,42,SE,37585,I,PORT PHILLIP,PORT PHILLIP,-37.83635,144.97321,3004
196456,T20140002076,31/01/2014,131321,21808,18.00.00,1,Collision with vehicle,6,Friday,137,LEFT TURN SIDESWIPE                     ,1,Day,2,2,0,2,0,0,2,Cross intersection,3,Other Injury,50,B,E ,Bicycle,E ,1,1,H,1,2,1,Stop-go lights,9999,DRUMMOND,STREET,FARADAY,STREET,0,N,35321,I,MELBOURNE,MELBOURNE,-37.79884,144.96876,3053
196612,T20140002220,3/02/2014,131321,21808,08.55.00,1,Collision with vehicle,2,Monday,137,LEFT TURN SIDESWIPE                     ,1,Day,2,2,0,1,0,1,1,Cross intersection,3,Other Injury,50,B,E ,Bicycle,E ,1,1,H,8,2,1,Stop-go lights,5065,PEEL,STREET,QUEENSBERRY,STREET,0,S,36214,I,MELBOURNE,MELBOURNE,-37.8038,144.95636,3051
196876,T20140002472,5/02/2014,131321,21808,17.30.00,1,Collision with vehicle,3,Wednesday,137,LEFT TURN SIDESWIPE                     ,1,Day,2,2,1,0,0,1,2,Cross intersection,2,Hospitilisation,60,B,E ,Bicycle,E ,1,1,H,1,2,1,No control,9999,BERKELEY,STREET,QUEENSBERRY,STREET,0,N,31046,I,MELBOURNE,MELBOURNE,-37.80414,144.95949,3053
197005,T20140002611,8/02/2014,131321,21808,01.40.00,4,Collision with a fixed object,7,Saturday,171,LEFT OFF CARRIAGEWAY INTO OBJECT/PARKED VEHICLE       ,3,Dark Street lights on,1,1,1,0,0,0,1,Cross intersection,2,Hospitilisation,40,A,SE,Bicycle,SW,2,18,H,5,1,1,Stop-go lights,9999,FLINDERS,STREET,RUSSELL EX,STREET,0,W,240,I,MELBOURNE,MELBOURNE,-37.81674,144.9699,3000
197006,T20140002611,8/02/2014,131321,21808,01.40.00,4,Collision with a fixed object,7,Saturday,171,LEFT OFF CARRIAGEWAY INTO OBJECT/PARKED VEHICLE       ,3,Dark Street lights on,1,1,1,0,0,0,1,Cross intersection,2,Hospitilisation,40,A,SE,Bicycle,SW,2,18,H,5,1,1,Stop-go lights,9999,FLINDERS,STREET,RUSSELL EX,STREET,0,W,240,I,MELBOURNE,MELBOURNE,-37.81674,144.9699,3000
197040,T20140002647,8/02/2014,131321,21808,00.40.00,6,Vehicle overturned (no collision),7,Saturday,174,OUT OF CONTROL ON CARRIAGEWAY (ON STRAIGHT)         ,3,Dark Street lights on,1,1,0,1,0,0,2,Cross intersection,3,Other Injury,40,A,NE,Bicycle,NE,1,1,H,F,1,1,Stop-go lights,9999,COLLINS,STREET,SWANSTON,STREET,0,E,29427,I,MELBOURNE,MELBOURNE,-37.81549,144.96654,3000
198749,T20140004391,10/02/2014,131321,21808,16.50.00,2,Struck Pedestrian,2,Monday,108,PED STRUCK WALKING TO/FROM OR BOARDING/ALIGHTING VEHICLE.  ,1,Day,1,2,1,1,0,0,2,Not at intersection,2,Hospitilisation,999,A,S ,Bicycle,S ,1,1,H,F,9,9,Ped. crossing,9999,SWANSTON,STREET,CARDIGAN,TERRACE,13,S,274310,N,MELBOURNE,MELBOURNE,-37.80597,144.96301,3053
197266,T20140002844,11/02/2014,131321,21808,05.50.00,1,Collision with vehicle,3,Tuesday,133,LANE SIDE SWIPE (VEHICLES IN PARALLEL LANES)        ,2,Dusk/Dawn,2,2,1,0,0,1,1,Cross intersection,2,Hospitilisation,40,B,N ,Bicycle,NK,2,18,H,5,1,1,No control,5318,CLARENDON,STREET,MARKET,STREET,0,N,36880,I,PORT PHILLIP,PORT PHILLIP,-37.82968,144.95904,3205
198616,T20140004267,12/02/2014,131321,21808,06.10.00,1,Collision with vehicle,4,Wednesday,148,VEHICLE OFF FOOTPATH STRIKES VEH ON CARRIAGEWAY,2,Dusk/Dawn,2,2,0,1,0,1,2,T intersection,3,Other Injury,30,B,SE,Bicycle,SE,1,1,H,R,0,6,No control,9999,CENTRAL PIER,,HARBOUR,ESPLANADE,0,SW,267446,I,MELBOURNE,MELBOURNE,-37.81584,144.94538,3008
198958,T20140004613,12/02/2014,131321,21808,08.15.00,1,Collision with vehicle,4,Wednesday,137,LEFT TURN SIDESWIPE                     ,1,Day,2,2,0,1,0,1,2,Cross intersection,3,Other Injury,40,A,S ,Bicycle,S ,1,1,H,9,2,6,No control,9999,ABBOTSFORD,STREET,NICHOLSON,STREET,0,W,36344,I,YARRA,YARRA,-37.80165,144.9974,3067
201255,T20140006975,12/02/2014,131321,21808,11.30.00,1,Collision with vehicle,4,Wednesday,137,LEFT TURN SIDESWIPE                     ,1,Day,2,2,0,1,0,1,2,T intersection,3,Other Injury,60,B,S ,Bicycle,S ,1,1,H,F,9,6,No control,9999,GENETICS,LANE,MEDICAL,ROAD,98,W,48951,I,MELBOURNE,MELBOURNE,-37.79795,144.95795,3052
197497,T20140003052,14/02/2014,131321,21808,12.35.00,1,Collision with vehicle,6,Friday,163,VEHICLE STRIKES DOOR OF PARKED/STATIONARY VEHICLE      ,1,Day,2,2,0,1,0,1,1,Not at intersection,3,Other Injury,40,B,W ,Bicycle,W ,1,1,H,5,2,1,No control,5898,TOORAK,ROAD,TIVOLI,ROAD,13,E,271623,N,STONNINGTON,STONNINGTON,-37.83982,144.99825,3141
197537,T20140003098,14/02/2014,131321,21808,17.30.00,1,Collision with vehicle,6,Friday,163,VEHICLE STRIKES DOOR OF PARKED/STATIONARY VEHICLE      ,1,Day,2,2,1,0,0,1,2,Not at intersection,2,Hospitilisation,999,B,NE,Bicycle,NE,1,1,H,5,2,1,No control,9999,COLLINS,STREET,REGENT,PLACE,27,E,266642,N,MELBOURNE,MELBOURNE,-37.81518,144.9676,3000
197570,T20140003130,14/02/2014,131321,21808,13.00.00,1,Collision with vehicle,6,Friday,163,VEHICLE STRIKES DOOR OF PARKED/STATIONARY VEHICLE      ,1,Day,2,2,0,1,0,1,2,T intersection,3,Other Injury,50,A,E ,Bicycle,E ,1,1,H,F,2,3,No control,5287,SWAN,STREET,DANDO,STREET,0,W,37142,I,YARRA,YARRA,-37.82536,144.99506,3121
197744,T20140003317,17/02/2014,131321,21808,17.50.00,1,Collision with vehicle,2,Monday,121,RIGHT THROUGH                        ,1,Day,2,2,0,1,0,1,1,Cross intersection,3,Other Injury,60,B,N ,Bicycle,N ,1,1,H,F,2,6,Stop-go lights,9999,ELGIN,STREET,RATHDOWNE,STREET,0,W,36370,I,MELBOURNE,MELBOURNE,-37.79748,144.97049,3053
197788,T20140003374,17/02/2014,131321,21808,09.20.00,2,Struck Pedestrian,2,Monday,103,PED PLAYING/LYING/WORKING/STANDING ON CARRIAGEWAY.,1,Day,2,2,0,2,0,0,2,Not at intersection,3,Other Injury,40,A,SE,Bicycle,SE,1,1,H,F,2,6,No control,9999,ELIZABETH,STREET,BOURKE,STREET,40,S,267526,N,MELBOURNE,MELBOURNE,-37.81459,144.96332,3000
197823,T20140003413,18/02/2014,131321,21808,17.40.00,1,Collision with vehicle,3,Tuesday,116,LEFT NEAR (INTERSECTIONS ONLY)               ,1,Day,2,2,1,0,0,1,1,T intersection,2,Hospitilisation,50,B,SW,Bicycle,SW,1,15,H,N,0,6,Giveway sign,9999,MACARTHUR,STREET,ST ANDREWS,PLACE,0,SW,36997,I,MELBOURNE,MELBOURNE,-37.81179,144.97483,3002
197888,T20140003488,19/02/2014,131321,21808,18.00.00,1,Collision with vehicle,4,Wednesday,121,RIGHT THROUGH                        ,2,Dusk/Dawn,2,2,0,2,0,0,2,T intersection,3,Other Injury,60,B,N ,Bicycle,N ,1,1,H,1,2,3,No control,5499,CHURCH,STREET,WALTHAM,PLACE,0,N,35382,I,YARRA,YARRA,-37.8205,144.99884,3121
198472,T20140004111,19/02/2014,131321,21808,17.00.00,8,No collision and no object struck,4,Wednesday,174,OUT OF CONTROL ON CARRIAGEWAY (ON STRAIGHT)         ,1,Day,1,1,1,0,0,0,2,Not at intersection,2,Hospitilisation,50,A,NK,Bicycle,NK,6,18,H,F,9,9,Unknown,9999,GERTRUDE,STREET,YOUNG,STREET,49,W,267295,N,YARRA,YARRA,-37.80581,144.97779,3065
199306,T20140004952,20/02/2014,131321,21808,17.45.00,1,Collision with vehicle,5,Thursday,121,RIGHT THROUGH                        ,1,Day,2,2,0,1,0,1,2,Cross intersection,3,Other Injury,60,A,S ,Bicycle,S ,1,1,H,F,2,5,No control,9999,FARADAY,STREET,RATHDOWNE,STREET,0,W,116,I,MELBOURNE,MELBOURNE,-37.799,144.97023,3053
198020,T20140003627,21/02/2014,131321,21808,11.53.00,1,Collision with vehicle,6,Friday,121,RIGHT THROUGH                        ,1,Day,2,2,0,2,0,0,1,T intersection,3,Other Injury,60,B,E ,Bicycle,E ,1,1,H,F,1,1,No control,5898,TOORAK,ROAD,MURPHY,STREET,0,W,37648,I,STONNINGTON,STONNINGTON,-37.8388,144.99018,3141
227362,T20150006798,23/02/2014,131321,21808,15.00.00,1,Collision with vehicle,1,Sunday,148,VEHICLE OFF FOOTPATH STRIKES VEH ON CARRIAGEWAY,9,Unknown,2,2,0,1,0,1,2,Cross intersection,3,Other Injury,60,A,W ,Bicycle,W ,1,1,H,F,2,1,Ped. crossing,2080,PUNT,ROAD,OLYMPIC,BOULEVARD,0,S,260,I,MELBOURNE,"MELBOURNE,YARRA",-37.82463,144.98884,3121
198523,T20140004154,24/02/2014,131321,21808,22.00.00,8,No collision and no object struck,2,Monday,174,OUT OF CONTROL ON CARRIAGEWAY (ON STRAIGHT)         ,9,Unknown,1,1,1,0,0,0,2,T intersection,2,Hospitilisation,30,A,NW,Bicycle,NW,99,18,H,9,9,9,No control,9999,SWANSTON,STREET,LITTLE COLLINS,STREET,43,S,267147,I,MELBOURNE,MELBOURNE,-37.81487,144.96625,3000
198580,T20140004230,28/02/2014,131321,21808,17.15.00,1,Collision with vehicle,6,Friday,148,VEHICLE OFF FOOTPATH STRIKES VEH ON CARRIAGEWAY,1,Day,2,2,1,0,0,1,2,T intersection,2,Hospitilisation,60,B,S ,Bicycle,S ,1,1,H,F,2,6,Unknown,9999,LEVESON,STREET,RAGLAN,STREET,0,N,267545,I,MELBOURNE,MELBOURNE,-37.80444,144.95088,3051
198698,T20140004362,2/03/2014,131321,21808,15.45.00,1,Collision with vehicle,1,Sunday,163,VEHICLE STRIKES DOOR OF PARKED/STATIONARY VEHICLE      ,1,Day,2,2,1,0,0,1,1,Not at intersection,2,Hospitilisation,40,A,SE,Bicycle,SE,1,1,H,F,2,1,No control,9999,ELIZABETH,STREET,BOURKE,STREET,25,S,270046,N,MELBOURNE,MELBOURNE,-37.81446,144.96326,3000
198778,T20140004420,3/03/2014,131321,21808,08.32.00,1,Collision with vehicle,2,Monday,121,RIGHT THROUGH                        ,1,Day,2,2,0,1,0,1,1,Cross intersection,3,Other Injury,60,B,SE,Bicycle,SE,1,1,H,F,2,2,No control,5061,SPENCER,STREET,ROSSLYN,STREET,0,SE,36815,I,MELBOURNE,MELBOURNE,-37.80928,144.94939,3003
198876,T20140004526,3/03/2014,131321,21808,17.00.00,1,Collision with vehicle,1,Monday,133,LANE SIDE SWIPE (VEHICLES IN PARALLEL LANES)        ,2,Dusk/Dawn,2,2,0,1,0,1,1,T intersection,3,Other Injury,50,B,N ,Bicycle,N ,1,1,H,4,2,5,No control,9999,GIPPS,STREET,WELLINGTON,STREET,0,W,36601,I,YARRA,YARRA,-37.80443,144.98644,3066
201062,T20140006791,6/03/2014,131321,21808,08.15.00,1,Collision with vehicle,5,Thursday,116,LEFT NEAR (INTERSECTIONS ONLY)               ,1,Day,2,2,1,0,0,1,2,Cross intersection,2,Hospitilisation,60,A,E ,Bicycle,E ,1,1,H,F,2,2,No control,2997,BATMAN,AVENUE,OLYMPIC,BOULEVARD,0,NW,249,I,MELBOURNE,MELBOURNE,-37.82333,144.97853,3004
199134,T20140004786,7/03/2014,131321,21808,08.00.00,1,Collision with vehicle,6,Friday,121,RIGHT THROUGH                        ,1,Day,2,2,1,0,0,1,2,Cross intersection,2,Hospitilisation,999,B,S ,Bicycle,S ,1,1,H,9,2,1,Stop-go lights,5082,VICTORIA,STREET,RATHDOWNE,STREET,0,W,29397,I,MELBOURNE,MELBOURNE,-37.80729,144.96885,3053
199201,T20140004834,8/03/2014,131321,21808,11.58.00,1,Collision with vehicle,7,Saturday,137,LEFT TURN SIDESWIPE                     ,1,Day,2,2,1,0,0,1,1,Not at intersection,2,Hospitilisation,40,B,NE,Bicycle,NE,1,1,H,N,0,5,No control,9999,LA TROBE,STREET,SUTHERLAND,STREET,22,W,267392,N,MELBOURNE,MELBOURNE,-37.81062,144.96032,3000
199202,T20140004834,8/03/2014,131321,21808,11.58.00,1,Collision with vehicle,7,Saturday,137,LEFT TURN SIDESWIPE                     ,1,Day,2,2,1,0,0,1,1,Not at intersection,2,Hospitilisation,40,B,NE,Bicycle,NE,1,1,H,N,0,5,No control,9999,LA TROBE,STREET,SUTHERLAND,STREET,22,W,267392,N,MELBOURNE,MELBOURNE,-37.81062,144.96032,3000