,ACCIDENT_NO,ACCIDENTDATE,CYCLISTS,CYCLISTS_COUNT_LS,ACCIDENTTIME,ACCIDENT_TYPE,ACCIDENT_TYPE_DESC,DAY_OF_WEEK,DAY_WEEK_DESC,DCA_CODE,DCA Description,LIGHT_CONDITION,LIGHT_CONDITION_DEC,NO_OF_VEHICLES,NO_PERSONS,NO_PERSONS_INJ_2,NO_PERSONS_INJ_3,NO_PERSONS_KILLED,NO_PERSONS_NOT_INJ,POLICE_ATTEND,ROAD_GEOMETRY_DESC,SEVERITY,SEVERITY_DESC,SPEED_ZONE,VEHICLE_ID,INITIAL_DIRECTION,Vehicle Type Desc,FINAL_DIRECTION,DRIVER_INTENT,VEHICLE_MOVEMENT,TRAILER_TYPE,INITIAL_IMPACT,LAMPS,LEVEL_OF_DAMAGE,TRAFFIC_CONTROL_DESC,ROAD_ROUTE_1,ROAD_NAME,ROAD_TYPE,ROAD_NAME_INT,ROAD_TYPE_INT,DISTANCE_LOCATION,DIRECTION_LOCATION,NODE_ID,NODE_TYPE,LGA_NAME,Lga Name All,Lat,Long,Postcode No
199229,T20140004868,8/03/2014,131321,21808,18.45.00,1,Collision with vehicle,7,Saturday,121,RIGHT THROUGH                        ,2,Dusk/Dawn,2,2,0,1,0,1,2,Cross intersection,3,Other Injury,60,B,NE,Bicycle,NE,1,1,H,4,1,5,Stop-go lights,5130,FERRARS,STREET,PARK,STREET,0,N,35397,I,PORT PHILLIP,PORT PHILLIP,-37.83665,144.95664,3205
199313,T20140004959,10/03/2014,131321,21808,07.30.00,1,Collision with vehicle,2,Monday,112,LEFT FAR (INTERSECTIONS ONLY)                ,2,Dusk/Dawn,2,2,1,0,0,1,1,T intersection,2,Hospitilisation,60,B,W ,Bicycle,W ,1,17,H,5,2,3,No control,2120,FOOTSCRAY,ROAD,CITYLINK IN-FOOTSCRAY OF,RAMP,0,W,57823,I,MELBOURNE,MELBOURNE,-37.80973,144.9368,3008
199376,T20140005032,11/03/2014,131321,21808,07.20.00,1,Collision with vehicle,3,Tuesday,111,RIGHT FAR (INTERSECTIONS ONLY)               ,2,Dusk/Dawn,2,2,1,0,0,1,1,T intersection,2,Hospitilisation,60,B,E ,Bicycle,E ,1,1,H,F,2,3,Giveway sign,5838,WILLIAMSTOWN,ROAD,HOWE,PARADE,0,E,270161,I,PORT PHILLIP,PORT PHILLIP,-37.83583,144.92061,3207
199415,T20140005070,11/03/2014,131321,21808,17.56.00,1,Collision with vehicle,3,Tuesday,121,RIGHT THROUGH                        ,2,Dusk/Dawn,2,3,0,1,0,2,1,Cross intersection,3,Other Injury,60,B,W ,Bicycle,W ,1,1,H,1,0,1,No control,9999,ARDEN,STREET,LOTHIAN,STREET,0,W,36096,I,MELBOURNE,MELBOURNE,-37.80042,144.94494,3051
199565,T20140005234,11/03/2014,131321,21808,17.30.00,1,Collision with vehicle,3,Tuesday,163,VEHICLE STRIKES DOOR OF PARKED/STATIONARY VEHICLE      ,2,Dusk/Dawn,2,2,0,1,0,1,2,T intersection,3,Other Injury,60,A,N ,Bicycle,N ,1,1,H,F,9,6,No control,9999,OTTER,STREET,SMITH,STREET,0,W,36561,I,YARRA,YARRA,-37.8007,144.98397,3066
202171,T20140007896,14/03/2014,131321,21808,07.45.00,1,Collision with vehicle,6,Friday,137,LEFT TURN SIDESWIPE                     ,2,Dusk/Dawn,2,2,0,1,0,1,2,T intersection,3,Other Injury,40,B,SW,Bicycle,SW,1,1,H,1,2,6,No control,9999,LA TROBE,STREET,SUTHERLAND,STREET,36,E,65767,I,MELBOURNE,MELBOURNE,-37.81044,144.96094,3000
202172,T20140007896,14/03/2014,131321,21808,07.45.00,1,Collision with vehicle,6,Friday,137,LEFT TURN SIDESWIPE                     ,2,Dusk/Dawn,2,2,0,1,0,1,2,T intersection,3,Other Injury,40,B,SW,Bicycle,SW,1,1,H,1,2,6,No control,9999,LA TROBE,STREET,SUTHERLAND,STREET,36,E,65767,I,MELBOURNE,MELBOURNE,-37.81044,144.96094,3000
199727,T20140005398,15/03/2014,131321,21808,17.10.00,1,Collision with vehicle,7,Saturday,163,VEHICLE STRIKES DOOR OF PARKED/STATIONARY VEHICLE      ,2,Dusk/Dawn,2,2,0,1,0,1,1,T intersection,3,Other Injury,50,A,E ,Bicycle,E ,1,1,H,F,0,1,No control,9999,GERTRUDE,STREET,LITTLE NAPIER,STREET,0,W,36512,I,YARRA,YARRA,-37.80592,144.97884,3065
200117,T20140005809,17/03/2014,131321,21808,08.40.00,1,Collision with vehicle,2,Monday,163,VEHICLE STRIKES DOOR OF PARKED/STATIONARY VEHICLE      ,1,Day,2,2,0,1,0,1,2,T intersection,3,Other Injury,60,B,S ,Bicycle,S ,1,1,H,F,2,3,No control,9999,PINKYS,LANE,RATHDOWNE,STREET,0,W,270316,I,MELBOURNE,MELBOURNE,-37.79798,144.97039,3053
199875,T20140005558,18/03/2014,131321,21808,07.25.00,1,Collision with vehicle,3,Tuesday,143,ENTERING PARKING                      ,2,Dusk/Dawn,2,2,0,1,0,1,1,Not at intersection,3,Other Injury,40,B,SE,Bicycle,SE,1,1,H,F,2,1,No control,9999,EXHIBITION,STREET,SARGOOD,LANE,14,S,270375,N,MELBOURNE,MELBOURNE,-37.81549,144.97214,3000
201619,T20140007321,18/03/2014,131321,21808,09.30.00,1,Collision with vehicle,3,Tuesday,143,ENTERING PARKING                      ,1,Day,2,2,0,1,0,1,2,Not at intersection,3,Other Injury,40,B,NE,Bicycle,NE,1,1,H,F,2,6,No control,9999,COLLINS,STREET,COLLINS,PLACE,20,W,34279,N,MELBOURNE,MELBOURNE,-37.81363,144.97289,3000
213342,T20140019363,18/03/2014,131321,21808,06.40.00,1,Collision with vehicle,3,Tuesday,163,VEHICLE STRIKES DOOR OF PARKED/STATIONARY VEHICLE      ,2,Dusk/Dawn,2,2,1,0,0,1,2,Not at intersection,2,Hospitilisation,40,A,W ,Bicycle,W ,1,1,H,F,2,1,No control,9999,LA TROBE,STREET,HARBOUR,ESPLANADE,23,E,277010,N,MELBOURNE,MELBOURNE,-37.81492,144.94525,3008
199990,T20140005680,19/03/2014,131321,21808,09.15.00,2,Struck Pedestrian,4,Wednesday,100,PED NEAR SIDE. PED HIT BY VEHICLE FROM THE RIGHT.      ,1,Day,1,2,0,1,0,1,2,Cross intersection,3,Other Injury,50,A,NW,Bicycle,NW,1,1,H,F,9,1,Ped. crossing,9999,COLLINS,STREET,ELIZABETH,STREET,0,E,35360,I,MELBOURNE,MELBOURNE,-37.81622,144.96407,3000
200021,T20140005714,19/03/2014,131321,21808,19.00.00,1,Collision with vehicle,4,Wednesday,163,VEHICLE STRIKES DOOR OF PARKED/STATIONARY VEHICLE      ,1,Day,2,2,0,1,0,1,2,Not at intersection,3,Other Injury,60,B,SE,Bicycle,SE,1,1,H,F,2,6,No control,9999,INGLES,STREET,LITTLE INGLES,STREET,47,SE,272471,N,PORT PHILLIP,PORT PHILLIP,-37.83521,144.94826,3207
200032,T20140005720,19/03/2014,131321,21808,14.45.00,1,Collision with vehicle,4,Wednesday,137,LEFT TURN SIDESWIPE                     ,1,Day,2,2,0,1,0,1,2,T intersection,3,Other Injury,40,B,SW,Bicycle,SW,1,1,H,F,2,6,Other,9999,EAGLE,ALLEY,LA TROBE,STREET,0,N,270441,I,MELBOURNE,MELBOURNE,-37.81237,144.95428,3003
200033,T20140005720,19/03/2014,131321,21808,14.45.00,1,Collision with vehicle,4,Wednesday,137,LEFT TURN SIDESWIPE                     ,1,Day,2,2,0,1,0,1,2,T intersection,3,Other Injury,40,B,SW,Bicycle,SW,1,1,H,F,2,6,Other,9999,EAGLE,ALLEY,LA TROBE,STREET,0,N,270441,I,MELBOURNE,MELBOURNE,-37.81237,144.95428,3003
200195,T20140005898,19/03/2014,131321,21808,17.45.00,1,Collision with vehicle,4,Wednesday,110,CROSS TRAFFIC(INTERSECTIONS ONLY)              ,2,Dusk/Dawn,2,2,0,1,0,1,2,Cross intersection,3,Other Injury,60,B,N ,Bicycle,N ,1,1,H,F,2,1,Unknown,9999,HOTHAM,STREET,WELLINGTON,STREET,0,W,29406,I,YARRA,YARRA,-37.79651,144.98781,3066
200075,T20140005768,20/03/2014,131321,21808,19.30.00,1,Collision with vehicle,5,Thursday,163,VEHICLE STRIKES DOOR OF PARKED/STATIONARY VEHICLE      ,2,Dusk/Dawn,2,3,0,1,0,2,1,Not at intersection,3,Other Injury,40,B,S ,Bicycle,S ,1,1,H,F,1,6,No control,5490,CHAPEL,STREET,TOORAK,ROAD,34,N,270341,N,STONNINGTON,STONNINGTON,-37.8392,144.99568,3141
200398,T20140006102,20/03/2014,131321,21808,06.25.00,1,Collision with vehicle,5,Thursday,121,RIGHT THROUGH                        ,2,Dusk/Dawn,2,2,0,1,0,1,2,Cross intersection,3,Other Injury,50,B,S ,Bicycle,S ,1,1,H,F,1,1,Stop-go lights,9999,SACKVILLE,STREET,WELLINGTON,STREET,0,W,36627,I,YARRA,YARRA,-37.79857,144.98746,3066
201850,T20140007548,20/03/2014,131321,21808,09.20.00,8,No collision and no object struck,5,Thursday,174,OUT OF CONTROL ON CARRIAGEWAY (ON STRAIGHT)         ,1,Day,2,2,1,0,0,1,2,Cross intersection,2,Hospitilisation,40,A,SW,Bicycle,SW,99,99,H,N,2,9,Unknown,9999,HARDWARE,STREET,HARDWARE,LANE,0,N,36884,I,MELBOURNE,MELBOURNE,-37.8127,144.96081,3000
200189,T20140005890,22/03/2014,131321,21808,02.13.00,1,Collision with vehicle,7,Saturday,160,VEHICLE COLLIDES WITH VEHICLE PARKED ON LEFT OF ROAD    ,3,Dark Street lights on,2,2,0,1,0,1,1,Cross intersection,3,Other Injury,40,B,SE,Bicycle,SE,1,18,H,F,1,9,No control,9999,FLINDERS,STREET,SWANSTON,STREET,0,W,238,I,MELBOURNE,MELBOURNE,-37.81745,144.96744,3000
200190,T20140005890,22/03/2014,131321,21808,02.13.00,1,Collision with vehicle,7,Saturday,160,VEHICLE COLLIDES WITH VEHICLE PARKED ON LEFT OF ROAD    ,3,Dark Street lights on,2,2,0,1,0,1,1,Cross intersection,3,Other Injury,40,B,SE,Bicycle,SE,1,18,H,F,1,9,No control,9999,FLINDERS,STREET,SWANSTON,STREET,0,W,238,I,MELBOURNE,MELBOURNE,-37.81745,144.96744,3000
200204,T20140005904,22/03/2014,131321,21808,09.50.00,1,Collision with vehicle,7,Saturday,111,RIGHT FAR (INTERSECTIONS ONLY)               ,1,Day,2,2,0,1,0,1,1,Cross intersection,3,Other Injury,60,B,N ,Bicycle,NE,2,2,H,F,2,1,Giveway sign,9999,JOHNSON,STREET,MUNRO,STREET,0,N,36804,I,PORT PHILLIP,PORT PHILLIP,-37.82948,144.9461,3205
200218,T20140005920,22/03/2014,131321,21808,09.30.00,1,Collision with vehicle,7,Saturday,121,RIGHT THROUGH                        ,1,Day,2,2,0,1,0,1,1,T intersection,3,Other Injury,40,B,N ,Bicycle,N ,1,1,H,F,2,1,Stop-go lights,5490,CHAPEL,STREET,DALY,STREET,0,N,37721,I,STONNINGTON,STONNINGTON,-37.83818,144.99589,3141
200234,T20140005937,22/03/2014,131321,21808,17.05.00,1,Collision with vehicle,7,Saturday,153,CUTTING IN (OVERTAKING)                   ,2,Dusk/Dawn,2,2,0,1,0,1,1,Cross intersection,3,Other Injury,40,B,SW,Bicycle,SW,1,1,H,1,0,6,No control,9999,FLINDERS,LANE,THROSSELL,LANE,0,E,259919,I,MELBOURNE,MELBOURNE,-37.81447,144.97383,3000
200477,T20140006194,22/03/2014,131321,21808,12.30.00,1,Collision with vehicle,7,Saturday,163,VEHICLE STRIKES DOOR OF PARKED/STATIONARY VEHICLE      ,1,Day,2,2,0,1,0,1,2,Not at intersection,3,Other Injury,40,A,S ,Bicycle,S ,1,1,H,F,2,9,No control,9999,BRUNSWICK,STREET,KERR,STREET,22,N,133399,N,YARRA,YARRA,-37.79655,144.97877,3065
203110,T20140008914,23/03/2014,131321,21808,03.25.00,1,Collision with vehicle,1,Sunday,160,VEHICLE COLLIDES WITH VEHICLE PARKED ON LEFT OF ROAD    ,3,Dark Street lights on,2,1,0,1,0,0,1,Not at intersection,3,Other Injury,40,A,N ,Bicycle,N ,1,1,H,5,2,6,No control,5490,CHAPEL,STREET,MALCOLM,STREET,20,N,81044,N,STONNINGTON,STONNINGTON,-37.83665,144.9962,3141
200314,T20140006026,24/03/2014,131321,21808,07.00.00,1,Collision with vehicle,2,Monday,121,RIGHT THROUGH                        ,2,Dusk/Dawn,2,2,0,1,0,1,1,Cross intersection,3,Other Injury,30,B,S ,Bicycle,S ,1,1,H,F,1,3,Stop-go lights,9999,LONSDALE,STREET,SWANSTON,STREET,0,E,35363,I,MELBOURNE,MELBOURNE,-37.81156,144.96473,3000
200412,T20140006124,25/03/2014,131321,21808,09.15.00,8,No collision and no object struck,3,Tuesday,174,OUT OF CONTROL ON CARRIAGEWAY (ON STRAIGHT)         ,1,Day,1,1,0,1,0,0,2,Not at intersection,3,Other Injury,60,A,S ,Bicycle,SE,1,17,H,F,2,1,Unknown,5046,ELIZABETH,STREET,VICTORIA,STREET,29,N,270576,N,MELBOURNE,MELBOURNE,-37.80611,144.95954,3000
200556,T20140006258,26/03/2014,131321,21808,10.15.00,1,Collision with vehicle,4,Wednesday,137,LEFT TURN SIDESWIPE                     ,1,Day,2,2,0,1,0,1,2,Not at intersection,3,Other Injury,40,B,SW,Bicycle,SW,1,1,H,F,2,2,No control,9999,LA TROBE,STREET,ELIZABETH,STREET,77,E,270588,N,MELBOURNE,MELBOURNE,-37.81008,144.96218,3000
200557,T20140006258,26/03/2014,131321,21808,10.15.00,1,Collision with vehicle,4,Wednesday,137,LEFT TURN SIDESWIPE                     ,1,Day,2,2,0,1,0,1,2,Not at intersection,3,Other Injury,40,B,SW,Bicycle,SW,1,1,H,F,2,2,No control,9999,LA TROBE,STREET,ELIZABETH,STREET,77,E,270588,N,MELBOURNE,MELBOURNE,-37.81008,144.96218,3000
202236,T20140007990,26/03/2014,131321,21808,16.50.00,1,Collision with vehicle,4,Wednesday,142,LEAVING PARKING                       ,1,Day,2,3,0,1,0,2,2,Not at intersection,3,Other Injury,40,B,SW,Bicycle,SW,1,1,H,F,2,3,No control,9999,FLINDERS,LANE,ACDC,LANE,19,E,270646,N,MELBOURNE,MELBOURNE,-37.8153,144.97099,3000
200647,T20140006363,27/03/2014,131321,21808,22.54.00,1,Collision with vehicle,5,Thursday,163,VEHICLE STRIKES DOOR OF PARKED/STATIONARY VEHICLE      ,3,Dark Street lights on,3,3,0,1,0,2,1,Not at intersection,3,Other Injury,40,B,N ,Bicycle,N ,1,1,H,F,2,1,No control,9999,BRUNSWICK,STREET,GERTRUDE,STREET,40,N,270459,N,YARRA,YARRA,-37.8054,144.97727,3065
202270,T20140008027,27/03/2014,131321,21808,17.00.00,1,Collision with vehicle,4,Thursday,133,LANE SIDE SWIPE (VEHICLES IN PARALLEL LANES)        ,2,Dusk/Dawn,2,2,0,1,0,1,1,Cross intersection,3,Other Injury,50,B,N ,Bicycle,NK,1,3,H,1,2,3,Stop-go lights,9999,CARDIGAN,STREET,QUEENSBERRY,STREET,0,S,36317,I,MELBOURNE,MELBOURNE,-37.80473,144.96473,3053
200739,T20140006440,28/03/2014,131321,21808,20.35.00,1,Collision with vehicle,6,Friday,163,VEHICLE STRIKES DOOR OF PARKED/STATIONARY VEHICLE      ,2,Dusk/Dawn,2,3,0,1,0,2,2,Not at intersection,3,Other Injury,60,B,S ,Bicycle,S ,1,1,H,F,2,2,No control,5882,ST KILDA,ROAD,BROMBY,STREET,47,SE,270491,N,MELBOURNE,MELBOURNE,-37.83493,144.97507,3004
209021,T20140014874,30/03/2014,131321,21808,13.30.00,1,Collision with vehicle,1,Sunday,139,OTHER SAME DIRECTION-MANOUEVRES NOT INCLUDED IN DCAs 130-137,1,Day,3,3,1,0,0,2,2,Not at intersection,2,Hospitilisation,60,A,N ,Bicycle,NK,1,1,H,F,2,6,Ped. crossing,9999,INGLES,STREET,EVANS,STREET,34,SE,273234,N,PORT PHILLIP,PORT PHILLIP,-37.832,144.94518,3207
209022,T20140014874,30/03/2014,131321,21808,13.30.00,1,Collision with vehicle,1,Sunday,139,OTHER SAME DIRECTION-MANOUEVRES NOT INCLUDED IN DCAs 130-137,1,Day,3,3,1,0,0,2,2,Not at intersection,2,Hospitilisation,60,B,N ,Bicycle,NK,15,15,H,R,2,6,Ped. crossing,9999,INGLES,STREET,EVANS,STREET,34,SE,273234,N,PORT PHILLIP,PORT PHILLIP,-37.832,144.94518,3207
200934,T20140006656,31/03/2014,131321,21808,17.20.00,1,Collision with vehicle,2,Monday,110,CROSS TRAFFIC(INTERSECTIONS ONLY)              ,2,Dusk/Dawn,2,3,1,0,0,2,1,Cross intersection,2,Hospitilisation,60,B,E ,Bicycle,E ,1,13,H,F,2,3,No control,9999,CAMBRIDGE,STREET,LANGRIDGE,STREET,0,S,36603,I,YARRA,YARRA,-37.80656,144.9852,3066
201118,T20140006845,31/03/2014,131321,21808,16.30.00,1,Collision with vehicle,2,Monday,136,RIGHT TURN SIDESWIPE                    ,1,Day,2,2,0,1,0,1,2,T intersection,3,Other Injury,60,A,S ,Bicycle,NK,99,1,H,8,2,2,No control,9999,ANDERSON,STREET,DOMAIN,ROAD,0,S,37606,I,MELBOURNE,MELBOURNE,-37.8343,144.98368,3141
201578,T20140007280,31/03/2014,131321,21808,07.34.00,1,Collision with vehicle,1,Monday,137,LEFT TURN SIDESWIPE                     ,2,Dusk/Dawn,2,2,0,1,0,1,2,T intersection,3,Other Injury,999,A,S ,Bicycle,S ,1,1,H,F,1,2,No control,9999,TIN,ALLEY,PROFESSORS,ROAD,220,W,57442,I,MELBOURNE,MELBOURNE,-37.79598,144.9582,3052
201286,T20140007010,4/04/2014,131321,21808,20.35.00,2,Struck Pedestrian,6,Friday,100,PED NEAR SIDE. PED HIT BY VEHICLE FROM THE RIGHT.      ,2,Dusk/Dawn,1,2,0,1,0,1,2,Cross intersection,3,Other Injury,40,A,W ,Bicycle,W ,1,1,H,F,0,2,Stop-go lights,9999,ELIZABETH,STREET,LA TROBE,STREET,0,N,65743,I,MELBOURNE,MELBOURNE,-37.81032,144.96136,3000
201287,T20140007010,4/04/2014,131321,21808,20.35.00,2,Struck Pedestrian,6,Friday,100,PED NEAR SIDE. PED HIT BY VEHICLE FROM THE RIGHT.      ,2,Dusk/Dawn,1,2,0,1,0,1,2,Cross intersection,3,Other Injury,40,A,W ,Bicycle,W ,1,1,H,F,0,2,Stop-go lights,9999,ELIZABETH,STREET,LA TROBE,STREET,0,N,65743,I,MELBOURNE,MELBOURNE,-37.81032,144.96136,3000
201570,T20140007275,8/04/2014,131321,21808,17.15.00,1,Collision with vehicle,3,Tuesday,121,RIGHT THROUGH                        ,2,Dusk/Dawn,2,2,0,1,0,1,2,Cross intersection,3,Other Injury,40,A,W ,Bicycle,W ,1,1,H,1,2,1,Stop-go lights,2080,HODDLE,STREET,GIPPS,STREET,0,S,169,I,YARRA,YARRA,-37.80499,144.99213,3067
201870,T20140007576,11/04/2014,131321,21808,18.30.00,1,Collision with vehicle,6,Friday,121,RIGHT THROUGH                        ,2,Dusk/Dawn,2,2,0,1,0,1,1,Cross intersection,3,Other Injury,40,B,W ,Bicycle,W ,1,1,H,F,1,1,No control,9999,BRUNSWICK,STREET,VICTORIA,STREET,0,N,36499,I,YARRA,YARRA,-37.79906,144.97834,3065
202039,T20140007766,14/04/2014,131321,21808,14.55.00,1,Collision with vehicle,2,Monday,147,VEHICLE STRIKES ANOTHER VEH WHILE EMERGING FROM DRIVEWAY,1,Day,2,2,0,1,0,1,1,Cross intersection,3,Other Injury,50,B,N ,Bicycle,N ,1,1,H,F,2,1,No control,9999,SWANSTON,STREET,TIN,ALLEY,19,S,270797,N,MELBOURNE,MELBOURNE,-37.79701,144.96459,3053
202066,T20140007785,14/04/2014,131321,21808,15.20.00,1,Collision with vehicle,2,Monday,134,LANE CHANGE RIGHT (NOT OVERTAKING)             ,1,Day,2,2,1,0,0,1,1,T intersection,2,Hospitilisation,40,B,W ,Bicycle,W ,1,1,H,F,0,1,No control,5898,TOORAK,ROAD,OSBORNE,STREET,0,W,66818,I,STONNINGTON,STONNINGTON,-37.839,144.99165,3141
209395,T20140015264,14/04/2014,131321,21808,17.20.00,1,Collision with vehicle,2,Monday,130,REAR END(VEHICLES IN SAME LANE)               ,2,Dusk/Dawn,2,2,0,1,0,1,2,Cross intersection,3,Other Injury,50,B,NE,Bicycle,NE,1,1,H,R,9,2,Stop-go lights,5041,KING,STREET,COLLINS,STREET,0,S,206,I,MELBOURNE,MELBOURNE,-37.81836,144.95663,3000
202097,T20140007830,15/04/2014,131321,21808,13.29.00,1,Collision with vehicle,3,Tuesday,130,REAR END(VEHICLES IN SAME LANE)               ,1,Day,2,2,1,0,0,1,1,Cross intersection,2,Hospitilisation,50,B,W ,Bicycle,W ,1,1,H,F,2,6,Roundabout,9999,LEVESON,STREET,QUEENSBERRY,STREET,0,N,36122,I,MELBOURNE,MELBOURNE,-37.80322,144.9511,3051
202154,T20140007882,16/04/2014,131321,21808,11.40.00,1,Collision with vehicle,4,Wednesday,143,ENTERING PARKING                      ,1,Day,2,2,0,1,0,1,1,Not at intersection,3,Other Injury,40,B,SW,Bicycle,SW,1,1,H,1,2,6,No control,9999,COLLINS,STREET,REGENT,PLACE,27,E,266642,N,MELBOURNE,MELBOURNE,-37.81518,144.9676,3000
202392,T20140008178,20/04/2014,131321,21808,15.57.00,1,Collision with vehicle,1,Sunday,111,RIGHT FAR (INTERSECTIONS ONLY)               ,1,Day,2,3,0,1,0,2,1,T intersection,3,Other Injury,50,B,E ,Bicycle,SE,2,2,H,F,2,1,Roundabout,5065,PEEL,STREET,DUDLEY,STREET,21,N,29383,N,MELBOURNE,MELBOURNE,-37.80828,144.95559,3003
202436,T20140008236,21/04/2014,131321,21808,18.30.00,1,Collision with vehicle,2,Monday,163,VEHICLE STRIKES DOOR OF PARKED/STATIONARY VEHICLE      ,2,Dusk/Dawn,2,3,0,1,0,2,1,Cross intersection,3,Other Injury,40,B,E ,Bicycle,E ,1,1,H,F,1,6,No control,5287,SWAN,STREET,BYRON,STREET,0,W,37140,I,YARRA,YARRA,-37.8253,144.99451,3121
202627,T20140008433,24/04/2014,131321,21808,09.10.00,1,Collision with vehicle,5,Thursday,121,RIGHT THROUGH                        ,1,Day,2,2,1,0,0,1,1,Not at intersection,2,Hospitilisation,40,B,S ,Bicycle,S ,1,1,H,1,2,1,No control,9999,RATHDOWNE,STREET,QUEENSBERRY,STREET,40,N,270438,N,MELBOURNE,MELBOURNE,-37.80488,144.96926,3053
202676,T20140008479,24/04/2014,131321,21808,18.04.00,1,Collision with vehicle,5,Thursday,140,U TURN                           ,2,Dusk/Dawn,2,2,0,1,0,1,1,Cross intersection,3,Other Injury,40,B,E ,Bicycle,E ,1,1,H,F,2,2,No control,9999,LANGRIDGE,STREET,LITTLE OXFORD,STREET,0,W,48791,I,YARRA,YARRA,-37.80646,144.98381,3066
202860,T20140008686,28/04/2014,131321,21808,13.55.00,1,Collision with vehicle,2,Monday,163,VEHICLE STRIKES DOOR OF PARKED/STATIONARY VEHICLE      ,1,Day,2,2,1,0,0,1,1,Not at intersection,2,Hospitilisation,40,B,S ,Bicycle,S ,1,1,H,F,2,2,No control,9999,ELIZABETH,STREET,FRANKLIN,STREET,50,N,146684,N,MELBOURNE,MELBOURNE,-37.80776,144.96018,3000
202898,T20140008726,28/04/2014,131321,21808,15.25.00,1,Collision with vehicle,2,Monday,143,ENTERING PARKING                      ,1,Day,2,2,0,1,0,1,2,Not at intersection,3,Other Injury,60,A,N ,Bicycle,NK,1,1,H,1,2,1,Stop-go lights,9999,RATHDOWNE,STREET,ELGIN,STREET,37,N,271693,N,MELBOURNE,MELBOURNE,-37.79715,144.97056,3053
205093,T20140010868,29/04/2014,131321,21808,08.25.00,1,Collision with vehicle,3,Tuesday,147,VEHICLE STRIKES ANOTHER VEH WHILE EMERGING FROM DRIVEWAY,1,Day,2,2,0,1,0,1,2,T intersection,3,Other Injury,40,A,SW,Bicycle,SW,1,1,H,F,2,6,Unknown,9999,LA TROBE,STREET,PARK,STREET,0,W,265474,I,MELBOURNE,MELBOURNE,-37.81218,144.95495,3003
205094,T20140010868,29/04/2014,131321,21808,08.25.00,1,Collision with vehicle,3,Tuesday,147,VEHICLE STRIKES ANOTHER VEH WHILE EMERGING FROM DRIVEWAY,1,Day,2,2,0,1,0,1,2,T intersection,3,Other Injury,40,A,SW,Bicycle,SW,1,1,H,F,2,6,Unknown,9999,LA TROBE,STREET,PARK,STREET,0,W,265474,I,MELBOURNE,MELBOURNE,-37.81218,144.95495,3003
203006,T20140008834,30/04/2014,131321,21808,08.00.00,1,Collision with vehicle,3,Wednesday,121,RIGHT THROUGH                        ,1,Day,2,2,0,1,0,1,1,Cross intersection,3,Other Injury,60,C,E ,Bicycle,E ,1,1,H,1,2,1,No control,9999,OXFORD,STREET,WRECKYN,STREET,0,NW,36190,I,MELBOURNE,MELBOURNE,-37.80034,144.95416,3051
203081,T20140008893,30/04/2014,131321,21808,08.45.00,1,Collision with vehicle,4,Wednesday,113,RIGHT NEAR (INTERSECTIONS ONLY)               ,1,Day,2,2,0,1,0,1,2,T intersection,3,Other Injury,999,B,NK,Bicycle,NK,1,1,H,8,0,6,Giveway sign,9999,BOUNDARY,STREET,ROGERS,STREET,0,NW,271042,I,MELBOURNE,MELBOURNE,-37.82367,144.93771,3207
203216,T20140009013,30/04/2014,131321,21808,22.12.00,8,No collision and no object struck,4,Wednesday,179,OTHER ACCIDENTS-OFF STRAIGHT NOT INCLUDED IN DCAs 170-175  ,3,Dark Street lights on,1,1,0,1,0,0,1,T intersection,3,Other Injury,60,A,N ,Bicycle,N ,1,18,H,N,9,1,No control,5736,NICHOLSON,STREET,OWEN,STREET,0,S,65288,I,MELBOURNE,"MELBOURNE,YARRA",-37.80068,144.97442,3065
203122,T20140008924,1/05/2014,131321,21808,06.15.00,1,Collision with vehicle,5,Thursday,137,LEFT TURN SIDESWIPE                     ,2,Dusk/Dawn,2,2,1,0,0,1,1,Multiple intersection,2,Hospitilisation,60,B,W ,Bicycle,S ,3,3,H,1,1,1,Stop-go lights,5065,PEEL,STREET,BEDFORD,STREET,0,S,10610,I,MELBOURNE,MELBOURNE,-37.80168,144.95672,3051
203150,T20140008950,1/05/2014,131321,21808,13.50.00,1,Collision with vehicle,4,Thursday,122,LEFT THROUGH                        ,1,Day,2,2,1,0,0,1,1,T intersection,2,Hospitilisation,60,B,E ,Bicycle,E ,1,1,H,F,2,1,No control,9999,PALMYRA,WAY,HARBOUR,ESPLANADE,0,NE,278588,I,MELBOURNE,MELBOURNE,-37.81329,144.94371,3008
203256,T20140009041,1/05/2014,131321,21808,22.00.00,1,Collision with vehicle,5,Thursday,120,HEAD ON (NOT OVERTAKING)                  ,6,Dark Street lights unknown,2,2,0,1,0,1,2,T intersection,3,Other Injury,50,B,E ,Bicycle,NK,1,1,H,R,1,1,Stop sign,9999,LITTLE CHARLES,STREET,NAPIER,STREET,0,W,271559,I,YARRA,YARRA,-37.80343,144.97988,3065