,ACCIDENT_NO,ACCIDENTDATE,CYCLISTS,CYCLISTS_COUNT_LS,ACCIDENTTIME,ACCIDENT_TYPE,ACCIDENT_TYPE_DESC,DAY_OF_WEEK,DAY_WEEK_DESC,DCA_CODE,DCA Description,LIGHT_CONDITION,LIGHT_CONDITION_DEC,NO_OF_VEHICLES,NO_PERSONS,NO_PERSONS_INJ_2,NO_PERSONS_INJ_3,NO_PERSONS_KILLED,NO_PERSONS_NOT_INJ,POLICE_ATTEND,ROAD_GEOMETRY_DESC,SEVERITY,SEVERITY_DESC,SPEED_ZONE,VEHICLE_ID,INITIAL_DIRECTION,Vehicle Type Desc,FINAL_DIRECTION,DRIVER_INTENT,VEHICLE_MOVEMENT,TRAILER_TYPE,INITIAL_IMPACT,LAMPS,LEVEL_OF_DAMAGE,TRAFFIC_CONTROL_DESC,ROAD_ROUTE_1,ROAD_NAME,ROAD_TYPE,ROAD_NAME_INT,ROAD_TYPE_INT,DISTANCE_LOCATION,DIRECTION_LOCATION,NODE_ID,NODE_TYPE,LGA_NAME,Lga Name All,Lat,Long,Postcode No
203258,T20140009042,2/05/2014,131321,21808,12.15.00,1,Collision with vehicle,6,Friday,163,VEHICLE STRIKES DOOR OF PARKED/STATIONARY VEHICLE      ,1,Day,2,2,0,1,0,1,1,Not at intersection,3,Other Injury,40,B,SW,Bicycle,SW,1,1,H,F,9,2,No control,9999,COLLINS,STREET,EXHIBITION,STREET,41,E,271582,N,MELBOURNE,MELBOURNE,-37.81392,144.97191,3000
203894,T20140009667,3/05/2014,131321,21808,12.15.00,1,Collision with vehicle,6,Saturday,163,VEHICLE STRIKES DOOR OF PARKED/STATIONARY VEHICLE      ,1,Day,2,5,0,1,0,4,2,T intersection,3,Other Injury,999,A,E ,Bicycle,E ,1,1,H,F,2,1,No control,5853,JOHNSTON,STREET,HUNTER,STREET,0,W,36732,I,YARRA,YARRA,-37.80038,144.99844,3067
203493,T20140009276,5/05/2014,131321,21808,17.40.00,1,Collision with vehicle,2,Monday,139,OTHER SAME DIRECTION-MANOUEVRES NOT INCLUDED IN DCAs 130-137,3,Dark Street lights on,2,3,0,1,0,2,1,T intersection,3,Other Injury,40,B,E ,Bicycle,E ,1,1,H,9,1,6,Stop-go lights,9999,FLINDERS,COURT,FLINDERS,STREET,0,N,271477,I,MELBOURNE,MELBOURNE,-37.81828,144.96458,3000
203494,T20140009276,5/05/2014,131321,21808,17.40.00,1,Collision with vehicle,2,Monday,139,OTHER SAME DIRECTION-MANOUEVRES NOT INCLUDED IN DCAs 130-137,3,Dark Street lights on,2,3,0,1,0,2,1,T intersection,3,Other Injury,40,B,E ,Bicycle,E ,1,1,H,9,1,6,Stop-go lights,9999,FLINDERS,COURT,FLINDERS,STREET,0,N,271477,I,MELBOURNE,MELBOURNE,-37.81828,144.96458,3000
203681,T20140009442,7/05/2014,131321,21808,16.54.00,1,Collision with vehicle,4,Wednesday,122,LEFT THROUGH                        ,2,Dusk/Dawn,2,2,0,1,0,1,1,Cross intersection,3,Other Injury,60,B,SE,Bicycle,SE,1,1,H,F,2,1,Stop-go lights,2120,FOOTSCRAY ROAD -WURUNDJERI,WAY,DOCKLANDS,DRIVE,0,E,36794,I,MELBOURNE,MELBOURNE,-37.81284,144.94288,3008
205047,T20140010833,7/05/2014,131321,21808,08.33.00,1,Collision with vehicle,4,Wednesday,121,RIGHT THROUGH                        ,1,Day,2,2,0,1,0,1,1,Cross intersection,3,Other Injury,50,B,E ,Bicycle,E ,1,6,H,1,0,5,Stop-go lights,9999,LEICESTER,STREET,QUEENSBERRY,STREET,0,N,65471,I,MELBOURNE,MELBOURNE,-37.80423,144.9603,3053
203724,T20140009481,8/05/2014,131321,21808,12.30.00,1,Collision with vehicle,5,Thursday,121,RIGHT THROUGH                        ,1,Day,2,2,0,1,0,1,1,T intersection,3,Other Injury,40,B,S ,Bicycle,S ,1,1,H,F,0,1,No control,9999,DERBY,STREET,SMITH,STREET,0,E,65578,I,YARRA,YARRA,-37.80677,144.98292,3066
203813,T20140009579,9/05/2014,131321,21808,12.10.00,1,Collision with vehicle,6,Friday,163,VEHICLE STRIKES DOOR OF PARKED/STATIONARY VEHICLE      ,9,Unknown,2,2,0,1,0,1,2,T intersection,3,Other Injury,999,B,S ,Bicycle,S ,1,1,H,5,2,1,Unknown,9999,SMITH,STREET,GREEVES,STREET,0,S,65271,I,YARRA,YARRA,-37.80044,144.98402,3066
203976,T20140009753,12/05/2014,131321,21808,07.57.00,1,Collision with vehicle,2,Monday,121,RIGHT THROUGH                        ,2,Dusk/Dawn,2,2,0,1,0,1,1,Cross intersection,3,Other Injury,999,B,S ,Bicycle,S ,1,1,H,F,9,4,Stop-go lights,5103,WELLINGTON,PARADE,CLARENDON,STREET,0,W,36414,I,MELBOURNE,MELBOURNE,-37.8161,144.98261,3002
204020,T20140009802,12/05/2014,131321,21808,16.50.00,1,Collision with vehicle,2,Monday,163,VEHICLE STRIKES DOOR OF PARKED/STATIONARY VEHICLE      ,1,Day,2,3,0,1,0,2,1,T intersection,3,Other Injury,50,B,S ,Bicycle,S ,1,1,H,F,2,3,No control,9999,ERROL,PLACE,ERROL,STREET,0,W,56939,I,MELBOURNE,MELBOURNE,-37.80461,144.94935,3051
204649,T20140010423,12/05/2014,131321,21808,15.00.00,1,Collision with vehicle,2,Monday,121,RIGHT THROUGH                        ,1,Day,2,2,1,0,0,1,2,Not at intersection,2,Hospitilisation,40,B,SW,Bicycle,SW,1,1,H,F,0,4,No control,9999,LA TROBE,STREET,ELIZABETH,STREET,67,E,274442,N,MELBOURNE,MELBOURNE,-37.81011,144.96207,3000
204650,T20140010423,12/05/2014,131321,21808,15.00.00,1,Collision with vehicle,2,Monday,121,RIGHT THROUGH                        ,1,Day,2,2,1,0,0,1,2,Not at intersection,2,Hospitilisation,40,B,SW,Bicycle,SW,1,1,H,F,0,4,No control,9999,LA TROBE,STREET,ELIZABETH,STREET,67,E,274442,N,MELBOURNE,MELBOURNE,-37.81011,144.96207,3000
204310,T20140010066,13/05/2014,131321,21808,06.30.00,1,Collision with vehicle,3,Tuesday,110,CROSS TRAFFIC(INTERSECTIONS ONLY)              ,2,Dusk/Dawn,2,2,0,1,0,1,2,Cross intersection,3,Other Injury,50,B,E ,Bicycle,E ,1,1,H,5,2,1,Giveway sign,9999,HOWARD,STREET,QUEENSBERRY,STREET,0,N,36193,I,MELBOURNE,MELBOURNE,-37.80355,144.95406,3051
204414,T20140010179,15/05/2014,131321,21808,17.45.00,1,Collision with vehicle,5,Thursday,134,LANE CHANGE RIGHT (NOT OVERTAKING)             ,3,Dark Street lights on,2,2,1,0,0,1,1,Not at intersection,2,Hospitilisation,40,A,E ,Bicycle,E ,6,6,H,4,1,5,No control,5285,BRIDGE,ROAD,UNION,STREET,0,W,37091,I,YARRA,YARRA,-37.81794,144.99343,3121
204465,T20140010244,16/05/2014,131321,21808,18.00.00,1,Collision with vehicle,6,Friday,121,RIGHT THROUGH                        ,3,Dark Street lights on,2,2,1,0,0,1,2,T intersection,2,Hospitilisation,40,B,SE,Bicycle,SE,1,1,H,4,2,9,Stop-go lights,5061,SPENCER,STREET,LONSDALE,STREET,0,S,36828,I,MELBOURNE,MELBOURNE,-37.81514,144.95234,3008
204466,T20140010244,16/05/2014,131321,21808,18.00.00,1,Collision with vehicle,6,Friday,121,RIGHT THROUGH                        ,3,Dark Street lights on,2,2,1,0,0,1,2,T intersection,2,Hospitilisation,40,B,SE,Bicycle,SE,1,1,H,4,2,9,Stop-go lights,5061,SPENCER,STREET,LONSDALE,STREET,0,S,36828,I,MELBOURNE,MELBOURNE,-37.81514,144.95234,3008
205263,T20140011041,16/05/2014,131321,21808,18.30.00,1,Collision with vehicle,6,Friday,163,VEHICLE STRIKES DOOR OF PARKED/STATIONARY VEHICLE      ,2,Dusk/Dawn,2,2,0,1,0,1,2,T intersection,3,Other Injury,999,B,E ,Bicycle,E ,1,1,H,5,1,9,No control,9999,ERSKINE,LANE,GRATTAN,STREET,0,N,272863,I,MELBOURNE,MELBOURNE,-37.80098,144.96918,3053
204591,T20140010357,18/05/2014,131321,21808,16.30.00,1,Collision with vehicle,1,Sunday,121,RIGHT THROUGH                        ,2,Dusk/Dawn,2,2,1,0,0,1,2,T intersection,2,Hospitilisation,40,A,E ,Bicycle,E ,1,1,H,1,1,2,No control,5898,TOORAK,ROAD,AVOCA,STREET,0,W,37646,I,STONNINGTON,STONNINGTON,-37.83866,144.98907,3141
204745,T20140010522,19/05/2014,131321,21808,18.00.00,8,No collision and no object struck,2,Monday,174,OUT OF CONTROL ON CARRIAGEWAY (ON STRAIGHT)         ,2,Dusk/Dawn,1,1,1,0,0,0,2,Not at intersection,2,Hospitilisation,40,A,N ,Bicycle,N ,1,1,H,F,2,1,No control,9999,ST KILDA,ROAD,ALEXANDRA,AVENUE,27,S,189463,N,MELBOURNE,MELBOURNE,-37.82095,144.96904,3006
205056,T20140010841,20/05/2014,131321,21808,14.20.00,1,Collision with vehicle,3,Tuesday,131,LEFT REAR                          ,9,Unknown,2,2,0,1,0,1,2,Not at intersection,3,Other Injury,60,A,E ,Bicycle,E ,1,1,H,F,2,1,No control,5083,VICTORIA,PARADE,POWLETT,STREET,38,E,271905,N,YARRA,YARRA,-37.80916,144.98687,3066
204836,T20140010609,22/05/2014,131321,21808,09.00.00,1,Collision with vehicle,5,Thursday,163,VEHICLE STRIKES DOOR OF PARKED/STATIONARY VEHICLE      ,1,Day,2,2,0,1,0,1,2,Not at intersection,3,Other Injury,40,B,W ,Bicycle,W ,1,1,H,F,2,1,No control,9999,COLLINS,STREET,ELIZABETH,STREET,34,E,271933,N,MELBOURNE,MELBOURNE,-37.81611,144.96443,3000
205164,T20140010948,27/05/2014,131321,21808,12.55.00,8,No collision and no object struck,3,Tuesday,174,OUT OF CONTROL ON CARRIAGEWAY (ON STRAIGHT)         ,1,Day,2,2,0,1,0,1,1,Not at intersection,3,Other Injury,50,B,SE,Bicycle,SE,1,1,H,F,2,1,No control,5882,ST KILDA,ROAD,TOORAK,ROAD,89,N,272061,N,MELBOURNE,MELBOURNE,-37.8354,144.97538,3004
205816,T20140011571,27/05/2014,131321,21808,18.07.00,1,Collision with vehicle,3,Tuesday,130,REAR END(VEHICLES IN SAME LANE)               ,9,Unknown,3,3,0,1,0,2,2,Not at intersection,3,Other Injury,999,B,SE,Bicycle,SE,17,1,H,F,0,1,Unknown,9999,SWANSTON,STREET,ST KILDA,ROAD,42,N,1372,N,MELBOURNE,MELBOURNE,-37.81837,144.96786,3000
206675,T20140012423,27/05/2014,131321,21808,07.05.00,8,No collision and no object struck,3,Tuesday,174,OUT OF CONTROL ON CARRIAGEWAY (ON STRAIGHT)         ,2,Dusk/Dawn,2,2,1,0,0,1,2,Not at intersection,2,Hospitilisation,50,A,SE,Bicycle,SE,1,18,H,F,1,6,No control,9999,SWANSTON,STREET,FLINDERS,LANE,46,S,271899,N,MELBOURNE,MELBOURNE,-37.81688,144.96717,3000
205315,T20140011091,29/05/2014,131321,21808,09.28.00,1,Collision with vehicle,5,Thursday,130,REAR END(VEHICLES IN SAME LANE)               ,1,Day,2,2,0,1,0,1,1,Cross intersection,3,Other Injury,40,B,S ,Bicycle,S ,1,1,H,F,0,9,No control,5082,VICTORIA,STREET,RATHDOWNE,STREET,0,W,29397,I,MELBOURNE,MELBOURNE,-37.80729,144.96885,3053
205328,T20140011104,29/05/2014,131321,21808,08.40.00,1,Collision with vehicle,5,Thursday,163,VEHICLE STRIKES DOOR OF PARKED/STATIONARY VEHICLE      ,1,Day,2,2,0,1,0,1,1,Not at intersection,3,Other Injury,60,B,SE,Bicycle,SE,1,1,H,F,2,1,No control,5046,ELIZABETH,STREET,PELHAM,STREET,86,S,282627,N,MELBOURNE,MELBOURNE,-37.80256,144.95779,3000
205449,T20140011206,30/05/2014,131321,21808,15.30.00,1,Collision with vehicle,6,Friday,148,VEHICLE OFF FOOTPATH STRIKES VEH ON CARRIAGEWAY,1,Day,2,2,1,0,0,1,1,T intersection,2,Hospitilisation,60,A,W ,Bicycle,W ,1,1,H,5,0,6,Ped. crossing,5979,ROYAL,PARADE,MORRAH,STREET,0,S,36207,I,MELBOURNE,MELBOURNE,-37.79582,144.95804,3052
205463,T20140011215,30/05/2014,131321,21808,23.20.00,1,Collision with vehicle,6,Friday,163,VEHICLE STRIKES DOOR OF PARKED/STATIONARY VEHICLE      ,3,Dark Street lights on,2,5,0,1,0,4,1,Cross intersection,3,Other Injury,40,B,E ,Bicycle,E ,1,1,H,F,1,1,Stop-go lights,9999,LA TROBE,STREET,RUSSELL,STREET,0,W,65670,I,MELBOURNE,MELBOURNE,-37.80888,144.9663,3000
205464,T20140011215,30/05/2014,131321,21808,23.20.00,1,Collision with vehicle,6,Friday,163,VEHICLE STRIKES DOOR OF PARKED/STATIONARY VEHICLE      ,3,Dark Street lights on,2,5,0,1,0,4,1,Cross intersection,3,Other Injury,40,B,E ,Bicycle,E ,1,1,H,F,1,1,Stop-go lights,9999,LA TROBE,STREET,RUSSELL,STREET,0,W,65670,I,MELBOURNE,MELBOURNE,-37.80888,144.9663,3000
205466,T20140011225,30/05/2014,131321,21808,15.50.00,1,Collision with vehicle,6,Friday,135,LANE CHANGE LEFT (NOT OVERTAKING)              ,1,Day,2,2,0,1,0,1,1,Cross intersection,3,Other Injury,60,B,N ,Bicycle,N ,1,1,H,1,2,1,Stop-go lights,9999,ELGIN,STREET,RATHDOWNE,STREET,0,W,36370,I,MELBOURNE,MELBOURNE,-37.79748,144.97049,3053
206180,T20140011930,30/05/2014,131321,21808,06.40.00,1,Collision with vehicle,6,Friday,110,CROSS TRAFFIC(INTERSECTIONS ONLY)              ,3,Dark Street lights on,2,2,0,1,0,1,2,Cross intersection,3,Other Injury,50,B,NW,Bicycle,NW,1,1,H,5,1,5,Giveway sign,9999,BOUNDARY,STREET,MUNRO,STREET,0,NW,36800,I,PORT PHILLIP,PORT PHILLIP,-37.83006,144.94511,3207
206687,T20140012438,30/05/2014,131321,21808,19.35.00,8,No collision and no object struck,6,Friday,179,OTHER ACCIDENTS-OFF STRAIGHT NOT INCLUDED IN DCAs 170-175  ,3,Dark Street lights on,2,2,0,1,0,1,1,T intersection,3,Other Injury,60,A,SW,Bicycle,SW,1,17,H,N,1,6,Giveway sign,9999,MORRIS,STREET,YORK,STREET,0,S,272073,I,PORT PHILLIP,PORT PHILLIP,-37.83258,144.9533,3205
205605,T20140011361,2/06/2014,131321,21808,06.50.00,1,Collision with vehicle,2,Monday,110,CROSS TRAFFIC(INTERSECTIONS ONLY)              ,2,Dusk/Dawn,2,2,1,0,0,1,1,Cross intersection,2,Hospitilisation,50,B,NW,Bicycle,NW,1,1,H,5,1,3,Roundabout,9999,DORCAS,STREET,MORAY,STREET,0,W,37556,I,PORT PHILLIP,PORT PHILLIP,-37.83229,144.96305,3205
205903,T20140011654,5/06/2014,131321,21808,17.58.00,1,Collision with vehicle,5,Thursday,137,LEFT TURN SIDESWIPE                     ,3,Dark Street lights on,2,4,1,0,0,3,1,Cross intersection,2,Hospitilisation,40,B,NW,Bicycle,NW,1,1,H,F,1,3,Stop-go lights,9999,HARBOUR,ESPLANADE,COLLINS,STREET,0,N,278453,I,MELBOURNE,MELBOURNE,-37.82102,144.94742,3008
205939,T20140011688,6/06/2014,131321,21808,07.30.00,1,Collision with vehicle,6,Friday,143,ENTERING PARKING                      ,2,Dusk/Dawn,2,2,0,1,0,1,1,Not at intersection,3,Other Injury,40,A,SE,Bicycle,SE,6,6,H,F,2,1,No control,9999,EXHIBITION,STREET,LONSDALE,STREET,20,S,135641,N,MELBOURNE,MELBOURNE,-37.81029,144.96973,3000
206025,T20140011752,6/06/2014,131321,21808,19.15.00,8,No collision and no object struck,6,Friday,174,OUT OF CONTROL ON CARRIAGEWAY (ON STRAIGHT)         ,3,Dark Street lights on,2,2,0,1,0,1,1,Multiple intersection,3,Other Injury,50,B,W ,Bicycle,NK,1,1,H,N,1,6,Roundabout,9999,ARDEN,STREET,WRECKYN,STREET,0,NW,36152,I,MELBOURNE,MELBOURNE,-37.80113,144.95311,3051
206061,T20140011780,6/06/2014,131321,21808,18.30.00,1,Collision with vehicle,5,Friday,121,RIGHT THROUGH                        ,2,Dusk/Dawn,2,2,1,0,0,1,2,Cross intersection,2,Hospitilisation,999,B,E ,Bicycle,E ,1,1,H,F,1,9,Unknown,5082,VICTORIA,STREET,MACKENZIE,STREET,0,W,45835,I,MELBOURNE,MELBOURNE,-37.80713,144.96734,3053
206243,T20140011989,10/06/2014,131321,21808,17.50.00,8,No collision and no object struck,3,Tuesday,174,OUT OF CONTROL ON CARRIAGEWAY (ON STRAIGHT)         ,2,Dusk/Dawn,2,2,0,1,0,1,1,T intersection,3,Other Injury,50,A,S ,Bicycle,SW,1,18,H,N,9,6,No control,9999,CATHEDRAL,PLACE,MACARTHUR,STREET,0,W,35368,I,MELBOURNE,MELBOURNE,-37.81071,144.97545,3002
206295,T20140012034,11/06/2014,131321,21808,08.45.00,1,Collision with vehicle,4,Wednesday,143,ENTERING PARKING                      ,2,Dusk/Dawn,2,2,0,1,0,1,2,Not at intersection,3,Other Injury,40,B,S ,Bicycle,S ,1,13,H,F,0,2,No control,9999,WILLIAM,STREET,ABECKETT,STREET,27,N,272347,N,MELBOURNE,MELBOURNE,-37.81045,144.95584,3003
206307,T20140012046,11/06/2014,131321,21808,06.55.00,1,Collision with vehicle,4,Wednesday,113,RIGHT NEAR (INTERSECTIONS ONLY)               ,2,Dusk/Dawn,2,2,0,1,0,1,1,Cross intersection,3,Other Injury,50,B,N ,Bicycle,N ,1,1,H,F,1,2,No control,9999,BRIDGE,STREET,NOTT,STREET,0,NW,336,I,PORT PHILLIP,PORT PHILLIP,-37.83623,144.94274,3207
206699,T20140012449,11/06/2014,131321,21808,06.45.00,1,Collision with vehicle,4,Wednesday,121,RIGHT THROUGH                        ,3,Dark Street lights on,2,2,1,0,0,1,2,Cross intersection,2,Hospitilisation,40,A,SE,Bicycle,SE,1,1,H,1,9,9,Other,5041,KING,STREET,LA TROBE,STREET,0,S,65831,I,MELBOURNE,MELBOURNE,-37.81247,144.95392,3003
206700,T20140012449,11/06/2014,131321,21808,06.45.00,1,Collision with vehicle,4,Wednesday,121,RIGHT THROUGH                        ,3,Dark Street lights on,2,2,1,0,0,1,2,Cross intersection,2,Hospitilisation,40,A,SE,Bicycle,SE,1,1,H,1,9,9,Other,5041,KING,STREET,LA TROBE,STREET,0,S,65831,I,MELBOURNE,MELBOURNE,-37.81247,144.95392,3003
206363,T20140012099,12/06/2014,131321,21808,07.13.00,1,Collision with vehicle,5,Thursday,140,U TURN                           ,3,Dark Street lights on,2,2,0,1,0,1,2,Cross intersection,3,Other Injury,999,A,S ,Bicycle,S ,1,1,H,F,9,1,No control,9999,LENNOX,STREET,RICHMOND,TERRACE,0,S,37130,I,YARRA,YARRA,-37.82199,144.99393,3121
206464,T20140012179,13/06/2014,131321,21808,08.50.00,8,No collision and no object struck,6,Friday,174,OUT OF CONTROL ON CARRIAGEWAY (ON STRAIGHT)         ,2,Dusk/Dawn,2,2,0,1,0,1,2,Not at intersection,3,Other Injury,60,B,N ,Bicycle,N ,1,18,H,N,2,1,No control,5882,ST KILDA,ROAD,TOORAK,ROAD,117,S,272154,N,PORT PHILLIP,PORT PHILLIP,-37.83727,144.97573,3004
207449,T20140013220,13/06/2014,131321,21808,14.30.00,1,Collision with vehicle,6,Friday,133,LANE SIDE SWIPE (VEHICLES IN PARALLEL LANES)        ,1,Day,2,2,0,1,0,1,1,Cross intersection,3,Other Injury,40,A,N ,Bicycle,N ,1,18,H,1,2,1,Stop-go lights,5853,JOHNSTON,STREET,WELLINGTON,STREET,0,W,36626,I,YARRA,YARRA,-37.79928,144.98734,3066
206732,T20140012474,17/06/2014,131321,21808,09.03.00,1,Collision with vehicle,3,Tuesday,110,CROSS TRAFFIC(INTERSECTIONS ONLY)              ,1,Day,2,2,1,0,0,1,1,Cross intersection,2,Hospitilisation,60,B,SW,Bicycle,SW,1,1,H,5,2,1,Stop-go lights,5325,CITY,ROAD,MORAY,STREET,0,SW,57475,I,MELBOURNE,MELBOURNE,-37.82598,144.96007,3006
207081,T20140012825,22/06/2014,131321,21808,11.30.00,1,Collision with vehicle,1,Sunday,163,VEHICLE STRIKES DOOR OF PARKED/STATIONARY VEHICLE      ,1,Day,2,2,0,1,0,1,2,Not at intersection,3,Other Injury,40,A,S ,Bicycle,S ,1,1,H,5,2,2,No control,9999,SMITH,STREET,KEELE,STREET,24,S,272674,N,YARRA,YARRA,-37.79709,144.98459,3066
207149,T20140012890,23/06/2014,131321,21808,10.20.00,1,Collision with vehicle,2,Monday,148,VEHICLE OFF FOOTPATH STRIKES VEH ON CARRIAGEWAY,1,Day,2,2,0,1,0,1,1,Cross intersection,3,Other Injury,999,B,NW,Bicycle,NW,1,1,H,1,9,2,Stop-go lights,5318,CLARENDON,STREET,WHITEMAN,STREET,0,N,36858,I,MELBOURNE,MELBOURNE,-37.82535,144.95705,3006
207167,T20140012919,23/06/2014,131321,21808,17.49.00,1,Collision with vehicle,2,Monday,163,VEHICLE STRIKES DOOR OF PARKED/STATIONARY VEHICLE      ,2,Dusk/Dawn,2,2,0,1,0,1,1,Not at intersection,3,Other Injury,40,A,S ,Bicycle,S ,1,1,H,8,1,1,No control,9999,QUEEN,STREET,FLINDERS,LANE,53,S,272876,N,MELBOURNE,MELBOURNE,-37.81836,144.96223,3000
207295,T20140013058,25/06/2014,131321,21808,09.30.00,1,Collision with vehicle,4,Wednesday,113,RIGHT NEAR (INTERSECTIONS ONLY)               ,1,Day,2,2,0,1,0,1,2,Cross intersection,3,Other Injury,60,B,S ,Bicycle,W ,2,2,H,F,1,1,Roundabout,9999,GIPPS,STREET,SIMPSON,STREET,0,E,37037,I,MELBOURNE,MELBOURNE,-37.8133,144.98837,3002
207567,T20140013324,28/06/2014,131321,21808,17.40.00,1,Collision with vehicle,7,Saturday,113,RIGHT NEAR (INTERSECTIONS ONLY)               ,3,Dark Street lights on,2,2,1,0,0,1,1,Cross intersection,2,Hospitilisation,40,B,W ,Bicycle,W ,1,1,H,5,2,1,No control,9999,HUNTER,STREET,YARRA,STREET,0,N,65393,I,YARRA,YARRA,-37.80238,144.99813,3067
207737,T20140013511,1/07/2014,131321,21808,12.45.00,1,Collision with vehicle,3,Tuesday,143,ENTERING PARKING                      ,1,Day,2,2,0,1,0,1,1,T intersection,3,Other Injury,40,B,W ,Bicycle,W ,1,1,H,1,2,1,No control,5287,SWAN,STREET,ST CRISPIN,STREET,0,W,66352,I,YARRA,YARRA,-37.82575,144.99847,3121
207846,T20140013616,2/07/2014,131321,21808,18.30.00,1,Collision with vehicle,4,Wednesday,113,RIGHT NEAR (INTERSECTIONS ONLY)               ,3,Dark Street lights on,2,2,0,1,0,1,1,Cross intersection,3,Other Injury,60,B,N ,Bicycle,N ,1,1,H,F,1,4,No control,5499,CHURCH,STREET,RULE,STREET,0,N,37193,I,YARRA,YARRA,-37.81539,144.99976,3121
207897,T20140013682,3/07/2014,131321,21808,14.38.00,1,Collision with vehicle,5,Thursday,163,VEHICLE STRIKES DOOR OF PARKED/STATIONARY VEHICLE      ,1,Day,2,2,0,1,0,1,1,Not at intersection,3,Other Injury,40,B,W ,Bicycle,W ,1,1,H,F,2,1,Stop-go lights,9999,COLLINS,STREET,MANCHESTER,LANE,57,W,272970,N,MELBOURNE,MELBOURNE,-37.8159,144.96515,3000
208117,T20140013903,3/07/2014,131321,21808,18.15.00,1,Collision with vehicle,5,Thursday,143,ENTERING PARKING                      ,2,Dusk/Dawn,2,2,1,0,0,1,2,Not at intersection,2,Hospitilisation,60,A,N ,Bicycle,N ,1,1,H,1,1,1,No control,5882,ST KILDA,ROAD,PARK,STREET,22,NW,272931,N,MELBOURNE,"PORT PHILLIP,MELBOURNE",-37.8321,144.97171,3004
208289,T20140014099,4/07/2014,131321,21808,08.30.00,1,Collision with vehicle,6,Friday,110,CROSS TRAFFIC(INTERSECTIONS ONLY)              ,2,Dusk/Dawn,2,2,0,1,0,1,2,Cross intersection,3,Other Injury,50,B,SW,Bicycle,SW,1,1,H,8,9,5,Stop-go lights,9999,LITTLE BOURKE,STREET,WILLIAM,STREET,0,E,36851,I,MELBOURNE,MELBOURNE,-37.8147,144.95776,3000
208203,T20140014007,7/07/2014,131321,21808,08.30.00,1,Collision with vehicle,2,Monday,121,RIGHT THROUGH                        ,2,Dusk/Dawn,2,2,0,1,0,1,2,Cross intersection,3,Other Injury,40,A,S ,Bicycle,S ,1,1,H,F,2,3,No control,9999,EASEY,STREET,WELLINGTON,STREET,0,W,36625,I,YARRA,YARRA,-37.79788,144.98758,3066
211974,T20140017885,10/07/2014,131321,21808,23.30.00,1,Collision with vehicle,5,Thursday,116,LEFT NEAR (INTERSECTIONS ONLY)               ,3,Dark Street lights on,2,2,0,1,0,1,2,T intersection,3,Other Injury,999,B,NW,Bicycle,NW,1,1,H,F,1,6,No control,5044,FLEMINGTON,ROAD,ERROL,STREET,0,SE,53266,I,MELBOURNE,MELBOURNE,-37.79628,144.9508,3052
208478,T20140014313,11/07/2014,131321,21808,08.50.00,1,Collision with vehicle,6,Friday,140,U TURN                           ,2,Dusk/Dawn,2,2,0,1,0,1,2,Not at intersection,3,Other Injury,40,A,S ,Bicycle,S ,1,1,H,F,2,1,No control,9999,STANLEY,STREET,GIPPS,STREET,53,S,273510,N,YARRA,YARRA,-37.82396,144.99475,3121
209032,T20140014886,12/07/2014,131321,21808,09.20.00,1,Collision with vehicle,7,Saturday,121,RIGHT THROUGH                        ,1,Day,2,2,0,1,0,1,2,Cross intersection,3,Other Injury,40,B,SE,Bicycle,SE,1,1,H,F,2,2,Stop-go lights,9999,COLLINS,STREET,QUEEN,STREET,0,E,36889,I,MELBOURNE,MELBOURNE,-37.81693,144.96158,3000
208803,T20140014662,16/07/2014,131321,21808,17.30.00,2,Struck Pedestrian,4,Wednesday,101,PED EMERGES FROM IN FRONT OF PARKED OR STATIONARY VEHICLE  ,2,Dusk/Dawn,1,2,0,1,0,1,2,Not at intersection,3,Other Injury,40,A,SW,Bicycle,SW,1,1,H,F,2,6,No control,9999,LA TROBE,STREET,ELIZABETH,STREET,89,E,273173,N,MELBOURNE,MELBOURNE,-37.81004,144.96231,3000
208804,T20140014662,16/07/2014,131321,21808,17.30.00,2,Struck Pedestrian,4,Wednesday,101,PED EMERGES FROM IN FRONT OF PARKED OR STATIONARY VEHICLE  ,2,Dusk/Dawn,1,2,0,1,0,1,2,Not at intersection,3,Other Injury,40,A,SW,Bicycle,SW,1,1,H,F,2,6,No control,9999,LA TROBE,STREET,ELIZABETH,STREET,89,E,273173,N,MELBOURNE,MELBOURNE,-37.81004,144.96231,3000
210941,T20140016865,16/07/2014,131321,21808,18.25.00,1,Collision with vehicle,4,Wednesday,163,VEHICLE STRIKES DOOR OF PARKED/STATIONARY VEHICLE      ,3,Dark Street lights on,2,2,0,1,0,1,1,Not at intersection,3,Other Injury,40,B,E ,Bicycle,E ,1,1,H,1,2,1,No control,9999,GERTRUDE,STREET,BRUNSWICK,STREET,24,E,274615,N,YARRA,YARRA,-37.80578,144.97748,3065