,ACCIDENT_NO,ACCIDENTDATE,CYCLISTS,CYCLISTS_COUNT_LS,ACCIDENTTIME,ACCIDENT_TYPE,ACCIDENT_TYPE_DESC,DAY_OF_WEEK,DAY_WEEK_DESC,DCA_CODE,DCA Description,LIGHT_CONDITION,LIGHT_CONDITION_DEC,NO_OF_VEHICLES,NO_PERSONS,NO_PERSONS_INJ_2,NO_PERSONS_INJ_3,NO_PERSONS_KILLED,NO_PERSONS_NOT_INJ,POLICE_ATTEND,ROAD_GEOMETRY_DESC,SEVERITY,SEVERITY_DESC,SPEED_ZONE,VEHICLE_ID,INITIAL_DIRECTION,Vehicle Type Desc,FINAL_DIRECTION,DRIVER_INTENT,VEHICLE_MOVEMENT,TRAILER_TYPE,INITIAL_IMPACT,LAMPS,LEVEL_OF_DAMAGE,TRAFFIC_CONTROL_DESC,ROAD_ROUTE_1,ROAD_NAME,ROAD_TYPE,ROAD_NAME_INT,ROAD_TYPE_INT,DISTANCE_LOCATION,DIRECTION_LOCATION,NODE_ID,NODE_TYPE,LGA_NAME,Lga Name All,Lat,Long,Postcode No
208925,T20140014756,17/07/2014,131321,21808,15.00.00,1,Collision with vehicle,5,Thursday,134,LANE CHANGE RIGHT (NOT OVERTAKING)             ,1,Day,2,2,0,1,0,1,1,Not at intersection,3,Other Injury,40,B,SW,Bicycle,SW,6,6,H,R,2,5,Stop-go lights,9999,COLLINS,STREET,SWANSTON,STREET,13,E,273518,N,MELBOURNE,MELBOURNE,-37.81545,144.96668,3000
209037,T20140014890,18/07/2014,131321,21808,17.15.00,1,Collision with vehicle,6,Friday,116,LEFT NEAR (INTERSECTIONS ONLY)               ,2,Dusk/Dawn,2,2,0,1,0,1,2,Cross intersection,3,Other Injury,50,A,N ,Bicycle,N ,1,1,H,8,1,1,Roundabout,9999,DRUMMOND,STREET,PELHAM,STREET,0,N,36353,I,MELBOURNE,MELBOURNE,-37.80298,144.96805,3053
209082,T20140014931,18/07/2014,131321,21808,11.00.00,1,Collision with vehicle,5,Friday,137,LEFT TURN SIDESWIPE                     ,1,Day,2,2,0,1,0,1,2,Cross intersection,3,Other Injury,50,A,NW,Bicycle,NW,6,1,H,1,2,1,Stop-go lights,9999,HARBOUR,ESPLANADE,COLLINS,STREET,0,N,278453,I,MELBOURNE,MELBOURNE,-37.82102,144.94742,3008
209009,T20140014863,19/07/2014,131321,21808,08.46.00,8,No collision and no object struck,7,Saturday,174,OUT OF CONTROL ON CARRIAGEWAY (ON STRAIGHT)         ,2,Dusk/Dawn,1,1,0,1,0,0,1,Not at intersection,3,Other Injury,40,A,S ,Bicycle,S ,1,18,H,F,2,6,No control,9999,SMITH,STREET,GREEVES,STREET,27,N,273528,N,YARRA,YARRA,-37.8002,144.98406,3066
209053,T20140014900,19/07/2014,131321,21808,19.30.00,1,Collision with vehicle,7,Saturday,163,VEHICLE STRIKES DOOR OF PARKED/STATIONARY VEHICLE      ,3,Dark Street lights on,2,2,0,1,0,1,1,Not at intersection,3,Other Injury,60,B,S ,Bicycle,S ,1,1,H,F,2,6,No control,5882,ST KILDA,ROAD,GOVERNMENT HOUSE,DRIVE,20,N,273682,N,MELBOURNE,MELBOURNE,-37.82573,144.97143,3004
209616,T20140015490,27/07/2014,131321,21808,17.43.00,1,Collision with vehicle,1,Sunday,148,VEHICLE OFF FOOTPATH STRIKES VEH ON CARRIAGEWAY,3,Dark Street lights on,2,2,0,1,0,1,1,Multiple intersection,3,Other Injury,60,B,SE,Bicycle,SE,1,1,H,F,2,1,Stop-go lights,5046,ELIZABETH,STREET,VICTORIA,STREET,0,S,36230,I,MELBOURNE,MELBOURNE,-37.80629,144.9595,3000
209696,T20140015567,28/07/2014,131321,21808,13.05.00,1,Collision with vehicle,2,Monday,113,RIGHT NEAR (INTERSECTIONS ONLY)               ,1,Day,2,2,0,1,0,1,1,Cross intersection,3,Other Injury,60,B,N ,Bicycle,N ,1,1,H,F,2,2,No control,5499,CHURCH,STREET,RULE,STREET,0,N,37193,I,YARRA,YARRA,-37.81539,144.99976,3121
209762,T20140015636,28/07/2014,131321,21808,16.50.00,1,Collision with vehicle,2,Monday,137,LEFT TURN SIDESWIPE                     ,2,Dusk/Dawn,2,2,0,1,0,1,1,Multiple intersection,3,Other Injury,60,A,S ,Bicycle,S ,1,1,H,1,9,1,Stop-go lights,2120,MONTAGUE,STREET,CONVENTION CENTRE,PLACE,0,N,240343,I,MELBOURNE,MELBOURNE,-37.82523,144.94835,3008
209847,T20140015731,29/07/2014,131321,21808,17.45.00,1,Collision with vehicle,3,Tuesday,121,RIGHT THROUGH                        ,3,Dark Street lights on,2,2,1,0,0,1,1,Not at intersection,2,Hospitilisation,60,A,SE,Bicycle,SE,1,1,H,F,1,1,No control,5597,LORIMER,STREET,HARTLEY,STREET,267,E,274475,N,MELBOURNE,MELBOURNE,-37.82482,144.94311,3008
212803,T20140018808,30/07/2014,131321,21808,08.45.00,1,Collision with vehicle,4,Wednesday,137,LEFT TURN SIDESWIPE                     ,2,Dusk/Dawn,2,2,0,1,0,1,2,Cross intersection,3,Other Injury,60,B,S ,Bicycle,S ,1,1,H,4,2,9,No control,9999,BRUNSWICK,STREET,KERR,STREET,0,N,36495,I,YARRA,YARRA,-37.79675,144.97874,3065
209966,T20140015857,1/08/2014,131321,21808,16.10.00,1,Collision with vehicle,6,Friday,137,LEFT TURN SIDESWIPE                     ,1,Day,2,2,0,1,0,1,1,T intersection,3,Other Injury,40,B,NE,Bicycle,NE,1,1,H,F,9,6,No control,9999,LA TROBE,STREET,SUTHERLAND,STREET,0,W,65752,I,MELBOURNE,MELBOURNE,-37.81055,144.96056,3000
209967,T20140015857,1/08/2014,131321,21808,16.10.00,1,Collision with vehicle,6,Friday,137,LEFT TURN SIDESWIPE                     ,1,Day,2,2,0,1,0,1,1,T intersection,3,Other Injury,40,B,NE,Bicycle,NE,1,1,H,F,9,6,No control,9999,LA TROBE,STREET,SUTHERLAND,STREET,0,W,65752,I,MELBOURNE,MELBOURNE,-37.81055,144.96056,3000
212643,T20140018628,1/08/2014,131321,21808,08.30.00,1,Collision with vehicle,6,Friday,137,LEFT TURN SIDESWIPE                     ,1,Day,2,2,0,1,0,1,2,Cross intersection,3,Other Injury,60,B,S ,Bicycle,S ,1,1,H,1,0,2,Stop-go lights,9999,GRATTAN,STREET,ELIZABETH,STREET,17,E,236994,I,MELBOURNE,MELBOURNE,-37.79974,144.95775,3052
210114,T20140016017,3/08/2014,131321,21808,14.00.00,1,Collision with vehicle,1,Sunday,113,RIGHT NEAR (INTERSECTIONS ONLY)               ,1,Day,2,2,0,1,0,1,2,Cross intersection,3,Other Injury,60,C,SE,Bicycle,SE,1,1,H,5,2,1,No control,5987,MONTAGUE,STREET,THISTLETHWAITE,STREET,0,NW,29382,I,PORT PHILLIP,PORT PHILLIP,-37.8318,144.95118,3205
210130,T20140016033,3/08/2014,131321,21808,12.46.00,1,Collision with vehicle,1,Sunday,163,VEHICLE STRIKES DOOR OF PARKED/STATIONARY VEHICLE      ,1,Day,3,4,2,0,0,2,1,Not at intersection,2,Hospitilisation,60,B,W ,Bicycle,W ,1,1,H,F,2,4,No control,9999,ELGIN,STREET,DAVID,STREET,23,E,274169,N,MELBOURNE,MELBOURNE,-37.79765,144.97207,3053
210131,T20140016033,3/08/2014,131321,21808,12.46.00,1,Collision with vehicle,1,Sunday,163,VEHICLE STRIKES DOOR OF PARKED/STATIONARY VEHICLE      ,1,Day,3,4,2,0,0,2,1,Not at intersection,2,Hospitilisation,60,C,W ,Bicycle,W ,1,1,H,F,0,2,No control,9999,ELGIN,STREET,DAVID,STREET,23,E,274169,N,MELBOURNE,MELBOURNE,-37.79765,144.97207,3053
210339,T20140016254,6/08/2014,131321,21808,18.30.00,1,Collision with vehicle,4,Wednesday,163,VEHICLE STRIKES DOOR OF PARKED/STATIONARY VEHICLE      ,3,Dark Street lights on,2,3,0,1,0,2,2,T intersection,3,Other Injury,40,B,N ,Bicycle,N ,1,1,H,1,2,2,Unknown,5490,CHAPEL,STREET,MALCOLM,STREET,0,N,37717,I,STONNINGTON,STONNINGTON,-37.83683,144.99616,3141
210438,T20140016323,7/08/2014,131321,21808,16.20.00,1,Collision with vehicle,5,Thursday,121,RIGHT THROUGH                        ,1,Day,2,2,0,2,0,0,1,Cross intersection,3,Other Injury,50,B,N ,Bicycle,N ,1,1,H,F,0,1,Stop-go lights,9999,CANNING,STREET,ELGIN,STREET,0,S,36399,I,MELBOURNE,MELBOURNE,-37.79774,144.97289,3053
210440,T20140016327,7/08/2014,131321,21808,18.50.00,1,Collision with vehicle,5,Thursday,116,LEFT NEAR (INTERSECTIONS ONLY)               ,3,Dark Street lights on,2,2,0,1,0,1,1,T intersection,3,Other Injury,60,B,N ,Bicycle,N ,1,1,H,5,1,6,No control,9999,WALSH,STREET,WILLIAM,STREET,0,W,65625,I,MELBOURNE,MELBOURNE,-37.80786,144.95464,3003
210479,T20140016373,8/08/2014,131321,21808,08.50.00,1,Collision with vehicle,6,Friday,113,RIGHT NEAR (INTERSECTIONS ONLY)               ,1,Day,2,2,0,2,0,0,2,Cross intersection,3,Other Injury,40,B,S ,Bicycle,S ,1,1,H,F,2,6,No control,9999,ARGYLE,STREET,BRUNSWICK,STREET,0,E,36496,I,YARRA,YARRA,-37.79754,144.9786,3065
210620,T20140016533,10/08/2014,131321,21808,16.15.00,1,Collision with vehicle,1,Sunday,163,VEHICLE STRIKES DOOR OF PARKED/STATIONARY VEHICLE      ,1,Day,2,2,0,2,0,0,2,T intersection,3,Other Injury,40,B,E ,Bicycle,E ,1,1,H,F,2,1,No control,5285,BRIDGE,ROAD,WALTHAM,STREET,0,W,37161,I,YARRA,YARRA,-37.81836,144.9971,3121
211089,T20140017021,10/08/2014,131321,21808,13.10.00,1,Collision with vehicle,1,Sunday,163,VEHICLE STRIKES DOOR OF PARKED/STATIONARY VEHICLE      ,1,Day,2,2,0,1,0,1,2,Cross intersection,3,Other Injury,40,B,SE,Bicycle,SE,1,1,H,F,2,1,No control,9999,COLLINS,STREET,ELIZABETH,STREET,0,E,35360,I,MELBOURNE,MELBOURNE,-37.81622,144.96407,3000
210752,T20140016658,12/08/2014,131321,21808,08.40.00,1,Collision with vehicle,3,Tuesday,137,LEFT TURN SIDESWIPE                     ,1,Day,2,2,0,1,0,1,1,T intersection,3,Other Injury,40,B,NE,Bicycle,NE,1,1,H,F,2,2,No control,9999,LA TROBE,STREET,SUTHERLAND,STREET,36,E,65767,I,MELBOURNE,MELBOURNE,-37.81044,144.96094,3000
210753,T20140016658,12/08/2014,131321,21808,08.40.00,1,Collision with vehicle,3,Tuesday,137,LEFT TURN SIDESWIPE                     ,1,Day,2,2,0,1,0,1,1,T intersection,3,Other Injury,40,B,NE,Bicycle,NE,1,1,H,F,2,2,No control,9999,LA TROBE,STREET,SUTHERLAND,STREET,36,E,65767,I,MELBOURNE,MELBOURNE,-37.81044,144.96094,3000
210850,T20140016758,12/08/2014,131321,21808,14.30.00,1,Collision with vehicle,3,Tuesday,163,VEHICLE STRIKES DOOR OF PARKED/STATIONARY VEHICLE      ,1,Day,2,2,0,1,0,1,2,Not at intersection,3,Other Injury,40,B,W ,Bicycle,W ,1,1,H,F,0,1,No control,5127,TOORAK,ROAD,PARK,STREET,20,W,200270,N,MELBOURNE,MELBOURNE,-37.83769,144.98155,3141
210898,T20140016811,13/08/2014,131321,21808,10.25.00,1,Collision with vehicle,4,Wednesday,143,ENTERING PARKING                      ,1,Day,2,2,0,1,0,1,2,Not at intersection,3,Other Injury,60,A,NW,Bicycle,NW,1,1,H,F,2,1,No control,5882,ST KILDA,ROAD,TOORAK,ROAD,149,S,274432,N,PORT PHILLIP,PORT PHILLIP,-37.83754,144.97583,3004
211123,T20140017055,15/08/2014,131321,21808,21.20.00,1,Collision with vehicle,5,Friday,137,LEFT TURN SIDESWIPE                     ,3,Dark Street lights on,2,2,0,1,0,1,2,Cross intersection,3,Other Injury,40,A,NE,Bicycle,NW,3,3,H,1,1,2,Stop-go lights,9999,ELIZABETH,STREET,LA TROBE,STREET,0,N,65743,I,MELBOURNE,MELBOURNE,-37.81032,144.96136,3000
211124,T20140017055,15/08/2014,131321,21808,21.20.00,1,Collision with vehicle,5,Friday,137,LEFT TURN SIDESWIPE                     ,3,Dark Street lights on,2,2,0,1,0,1,2,Cross intersection,3,Other Injury,40,A,NE,Bicycle,NW,3,3,H,1,1,2,Stop-go lights,9999,ELIZABETH,STREET,LA TROBE,STREET,0,N,65743,I,MELBOURNE,MELBOURNE,-37.81032,144.96136,3000
211276,T20140017203,15/08/2014,131321,21808,02.00.00,8,No collision and no object struck,6,Friday,174,OUT OF CONTROL ON CARRIAGEWAY (ON STRAIGHT)         ,3,Dark Street lights on,1,1,0,1,0,0,2,Not at intersection,3,Other Injury,40,A,SW,Bicycle,SW,1,18,H,N,1,6,No control,9999,LA TROBE,STREET,PARK,STREET,26,E,274584,N,MELBOURNE,MELBOURNE,-37.8121,144.95522,3003
211277,T20140017203,15/08/2014,131321,21808,02.00.00,8,No collision and no object struck,6,Friday,174,OUT OF CONTROL ON CARRIAGEWAY (ON STRAIGHT)         ,3,Dark Street lights on,1,1,0,1,0,0,2,Not at intersection,3,Other Injury,40,A,SW,Bicycle,SW,1,18,H,N,1,6,No control,9999,LA TROBE,STREET,PARK,STREET,26,E,274584,N,MELBOURNE,MELBOURNE,-37.8121,144.95522,3003
211026,T20140016963,16/08/2014,131321,21808,03.30.00,1,Collision with vehicle,7,Saturday,110,CROSS TRAFFIC(INTERSECTIONS ONLY)              ,3,Dark Street lights on,2,2,1,0,0,1,1,Cross intersection,2,Hospitilisation,60,B,E ,Bicycle,E ,1,1,H,R,2,1,Stop-go lights,2080,HODDLE,STREET,LANGRIDGE,STREET,0,S,36685,I,YARRA,YARRA,-37.80716,144.99177,3067
211436,T20140017363,20/08/2014,131321,21808,17.45.00,8,No collision and no object struck,4,Wednesday,174,OUT OF CONTROL ON CARRIAGEWAY (ON STRAIGHT)         ,2,Dusk/Dawn,2,2,0,1,0,1,2,Cross intersection,3,Other Injury,50,A,N ,Bicycle,N ,1,1,H,F,2,9,No control,9999,EASEY,STREET,WELLINGTON,STREET,0,W,36625,I,YARRA,YARRA,-37.79788,144.98758,3066
211633,T20140017571,25/08/2014,131321,21808,09.00.00,1,Collision with vehicle,1,Monday,133,LANE SIDE SWIPE (VEHICLES IN PARALLEL LANES)        ,1,Day,2,2,1,0,0,1,1,Not at intersection,2,Hospitilisation,40,B,NW,Bicycle,NW,1,1,H,4,2,6,No control,9999,EXHIBITION,STREET,LITTLE COLLINS,STREET,29,S,275133,N,MELBOURNE,MELBOURNE,-37.8133,144.97113,3000
211635,T20140017572,25/08/2014,131321,21808,08.35.00,1,Collision with vehicle,2,Monday,121,RIGHT THROUGH                        ,1,Day,2,2,0,1,0,1,1,Cross intersection,3,Other Injury,50,B,S ,Bicycle,S ,1,1,H,F,9,5,No control,9999,HOTHAM,STREET,WELLINGTON,STREET,0,W,29406,I,YARRA,YARRA,-37.79651,144.98781,3066
211654,T20140017589,25/08/2014,131321,21808,12.15.00,1,Collision with vehicle,2,Monday,163,VEHICLE STRIKES DOOR OF PARKED/STATIONARY VEHICLE      ,1,Day,2,2,1,0,0,1,1,Not at intersection,2,Hospitilisation,50,B,S ,Bicycle,S ,1,1,H,N,2,6,No control,9999,BRUNSWICK,STREET,JOHNSTON,STREET,33,N,274815,N,YARRA,YARRA,-37.79804,144.97852,3065
211865,T20140017780,27/08/2014,131321,21808,08.30.00,1,Collision with vehicle,4,Wednesday,131,LEFT REAR                          ,1,Day,2,2,0,1,0,1,2,T intersection,3,Other Injury,40,A,SE,Bicycle,SE,1,17,H,F,9,1,No control,5061,SPENCER,STREET,FLINDERS,LANE,0,S,36839,I,MELBOURNE,MELBOURNE,-37.8201,144.95462,3008
211866,T20140017780,27/08/2014,131321,21808,08.30.00,1,Collision with vehicle,4,Wednesday,131,LEFT REAR                          ,1,Day,2,2,0,1,0,1,2,T intersection,3,Other Injury,40,A,SE,Bicycle,SE,1,17,H,F,9,1,No control,5061,SPENCER,STREET,FLINDERS,LANE,0,S,36839,I,MELBOURNE,MELBOURNE,-37.8201,144.95462,3008
212300,T20140018254,28/08/2014,131321,21808,17.30.00,1,Collision with vehicle,5,Thursday,113,RIGHT NEAR (INTERSECTIONS ONLY)               ,2,Dusk/Dawn,2,2,0,1,0,1,2,Cross intersection,3,Other Injury,40,B,N ,Bicycle,N ,1,1,H,5,2,5,No control,9999,BRUNSWICK,STREET,VICTORIA,STREET,0,N,36499,I,YARRA,YARRA,-37.79906,144.97834,3065
212134,T20140018066,31/08/2014,131321,21808,12.00.00,1,Collision with vehicle,1,Sunday,163,VEHICLE STRIKES DOOR OF PARKED/STATIONARY VEHICLE      ,1,Day,2,2,1,0,0,1,2,Not at intersection,2,Hospitilisation,60,B,N ,Bicycle,N ,1,1,H,F,2,6,Unknown,5882,ST KILDA,ROAD,ANZAC,AVENUE,29,S,275014,N,MELBOURNE,MELBOURNE,-37.82772,144.97119,3006
212247,T20140018188,2/09/2014,131321,21808,09.15.00,1,Collision with vehicle,3,Tuesday,116,LEFT NEAR (INTERSECTIONS ONLY)               ,1,Day,2,2,0,1,0,1,2,Multiple intersection,3,Other Injury,999,B,E ,Bicycle,E ,1,1,H,5,2,1,No control,5066,DRYBURGH,STREET,MACAULAY,ROAD,0,S,29373,I,MELBOURNE,MELBOURNE,-37.8003,144.94398,3051
212294,T20140018251,3/09/2014,131321,21808,08.00.00,1,Collision with vehicle,4,Wednesday,121,RIGHT THROUGH                        ,1,Day,2,2,1,0,0,1,1,T intersection,2,Hospitilisation,40,B,NE,Bicycle,NE,1,1,H,F,2,1,No control,9999,LA TROBE,STREET,SUTHERLAND,STREET,0,W,65752,I,MELBOURNE,MELBOURNE,-37.81055,144.96056,3000
212295,T20140018251,3/09/2014,131321,21808,08.00.00,1,Collision with vehicle,4,Wednesday,121,RIGHT THROUGH                        ,1,Day,2,2,1,0,0,1,1,T intersection,2,Hospitilisation,40,B,NE,Bicycle,NE,1,1,H,F,2,1,No control,9999,LA TROBE,STREET,SUTHERLAND,STREET,0,W,65752,I,MELBOURNE,MELBOURNE,-37.81055,144.96056,3000
212307,T20140018264,3/09/2014,131321,21808,11.55.00,1,Collision with vehicle,4,Wednesday,121,RIGHT THROUGH                        ,1,Day,2,2,1,0,0,1,1,Cross intersection,2,Hospitilisation,50,B,E ,Bicycle,E ,1,1,H,F,1,6,No control,9999,CAMBRIDGE,STREET,LANGRIDGE,STREET,0,S,36603,I,YARRA,YARRA,-37.80656,144.9852,3066
212413,T20140018361,4/09/2014,131321,21808,15.15.00,1,Collision with vehicle,5,Thursday,110,CROSS TRAFFIC(INTERSECTIONS ONLY)              ,1,Day,2,2,0,1,0,1,1,Multiple intersection,3,Other Injury,50,B,S ,Bicycle,S ,1,1,H,F,2,2,Roundabout,9999,ARDEN,STREET,WRECKYN,STREET,0,NW,36152,I,MELBOURNE,MELBOURNE,-37.80113,144.95311,3051
212417,T20140018363,4/09/2014,131321,21808,17.45.00,1,Collision with vehicle,5,Thursday,121,RIGHT THROUGH                        ,2,Dusk/Dawn,2,2,1,0,0,1,1,T intersection,2,Hospitilisation,40,B,W ,Bicycle,W ,1,1,H,5,9,1,No control,5853,JOHNSTON,STREET,PARK,STREET,0,W,36696,I,YARRA,YARRA,-37.80008,144.99537,3067
212501,T20140018446,5/09/2014,131321,21808,18.52.00,1,Collision with vehicle,6,Friday,121,RIGHT THROUGH                        ,3,Dark Street lights on,2,2,0,1,0,1,1,Cross intersection,3,Other Injury,60,B,E ,Bicycle,E ,1,1,H,F,1,1,Stop-go lights,2080,HODDLE,STREET,GIPPS,STREET,0,S,169,I,YARRA,YARRA,-37.80499,144.99213,3067
212561,T20140018512,5/09/2014,131321,21808,22.30.00,1,Collision with vehicle,6,Friday,142,LEAVING PARKING                       ,6,Dark Street lights unknown,2,2,0,1,0,1,2,T intersection,3,Other Injury,60,B,N ,Bicycle,N ,1,1,H,F,9,1,No control,9999,CLARENDON,STREET,GREY,STREET,0,S,37020,I,MELBOURNE,MELBOURNE,-37.81159,144.98335,3002
212540,T20140018486,6/09/2014,131321,21808,12.00.00,8,No collision and no object struck,7,Saturday,174,OUT OF CONTROL ON CARRIAGEWAY (ON STRAIGHT)         ,1,Day,2,3,0,2,0,1,1,Cross intersection,3,Other Injury,50,B,N ,Bicycle,N ,1,1,H,N,2,2,Stop-go lights,5128,ALBERT,ROAD,CLARENDON,STREET,0,NE,35400,I,PORT PHILLIP,PORT PHILLIP,-37.83912,144.96339,3205
213937,T20140019995,8/09/2014,131321,21808,13.00.00,1,Collision with vehicle,2,Monday,163,VEHICLE STRIKES DOOR OF PARKED/STATIONARY VEHICLE      ,1,Day,2,2,0,1,0,1,2,T intersection,3,Other Injury,70,B,S ,Bicycle,S ,1,1,H,F,9,9,Unknown,2080,HODDLE,STREET,YARRA,STREET,0,S,36674,I,YARRA,YARRA,-37.80184,144.99265,3067
215142,T20140021343,8/09/2014,131321,21808,19.00.00,1,Collision with vehicle,2,Monday,163,VEHICLE STRIKES DOOR OF PARKED/STATIONARY VEHICLE      ,3,Dark Street lights on,2,2,1,0,0,1,2,Not at intersection,2,Hospitilisation,60,B,N ,Bicycle,N ,1,1,H,5,2,1,No control,5882,ST KILDA,ROAD,DORCAS,STREET,123,S,280634,N,PORT PHILLIP,PORT PHILLIP,-37.83102,144.97117,3004
212819,T20140018820,10/09/2014,131321,21808,14.17.00,1,Collision with vehicle,4,Wednesday,116,LEFT NEAR (INTERSECTIONS ONLY)               ,1,Day,2,2,0,1,0,1,1,T intersection,3,Other Injury,40,B,N ,Bicycle,N ,1,1,H,F,2,5,Giveway sign,9999,OTTER,STREET,WELLINGTON,STREET,0,W,36628,I,YARRA,YARRA,-37.80102,144.98703,3066
215434,T20140021658,10/09/2014,131321,21808,07.50.00,6,Vehicle overturned (no collision),4,Wednesday,174,OUT OF CONTROL ON CARRIAGEWAY (ON STRAIGHT)         ,2,Dusk/Dawn,2,2,0,1,0,1,2,Not at intersection,3,Other Injury,40,A,NW,Bicycle,NW,8,18,H,N,9,1,No control,9999,WILLIAM,STREET,WILLIAM,STREET,15,N,125359,N,MELBOURNE,MELBOURNE,-37.81949,144.95996,3000
219937,T20140026240,10/09/2014,131321,21808,08.40.00,1,Collision with vehicle,4,Wednesday,136,RIGHT TURN SIDESWIPE                    ,1,Day,2,2,0,1,0,1,2,Cross intersection,3,Other Injury,40,B,SE,Bicycle,SE,1,1,H,5,9,6,Stop-go lights,9999,ELIZABETH,STREET,FRANKLIN,STREET,0,N,36267,I,MELBOURNE,MELBOURNE,-37.80818,144.96038,3000
212937,T20140018936,12/09/2014,131321,21808,18.30.00,1,Collision with vehicle,6,Friday,110,CROSS TRAFFIC(INTERSECTIONS ONLY)              ,3,Dark Street lights on,2,2,0,1,0,1,1,Cross intersection,3,Other Injury,50,B,S ,Bicycle,S ,1,1,H,F,1,5,Stop sign,9999,DODDS,STREET,MILES,STREET,0,N,36962,I,MELBOURNE,MELBOURNE,-37.82857,144.96717,3006
212962,T20140018962,12/09/2014,131321,21808,21.00.00,1,Collision with vehicle,6,Friday,110,CROSS TRAFFIC(INTERSECTIONS ONLY)              ,3,Dark Street lights on,2,2,1,0,0,1,1,Cross intersection,2,Hospitilisation,40,B,SW,Bicycle,SW,1,1,H,F,1,2,Stop-go lights,9999,ELIZABETH,STREET,LITTLE BOURKE,STREET,0,N,29423,I,MELBOURNE,MELBOURNE,-37.81327,144.96271,3000
213916,T20140019978,13/09/2014,131321,21808,12.15.00,1,Collision with vehicle,7,Saturday,147,VEHICLE STRIKES ANOTHER VEH WHILE EMERGING FROM DRIVEWAY,1,Day,2,2,0,1,0,1,2,Not at intersection,3,Other Injury,60,B,N ,Bicycle,N ,1,1,H,F,2,1,No control,2080,HODDLE,STREET,TRURO,STREET,21,S,275503,N,YARRA,YARRA,-37.79812,144.99325,3067
213340,T20140019361,18/09/2014,131321,21808,15.45.00,1,Collision with vehicle,5,Thursday,163,VEHICLE STRIKES DOOR OF PARKED/STATIONARY VEHICLE      ,1,Day,2,2,1,0,0,1,1,Not at intersection,2,Hospitilisation,60,B,SW,Bicycle,SW,1,1,H,F,1,1,No control,9999,STURT,STREET,POWER,STREET,38,N,277323,N,MELBOURNE,MELBOURNE,-37.827,144.96629,3006
223142,T20150002570,18/09/2014,131321,21808,07.30.00,1,Collision with vehicle,5,Thursday,163,VEHICLE STRIKES DOOR OF PARKED/STATIONARY VEHICLE      ,9,Unknown,2,2,0,1,0,1,2,Not at intersection,3,Other Injury,999,A,SW,Bicycle,SW,1,1,H,5,2,1,No control,5495,PLUMMER,STREET,GRAHAM,STREET,271,W,287067,N,PORT PHILLIP,PORT PHILLIP,-37.8319,144.92911,3207
213559,T20140019623,22/09/2014,131321,21808,13.30.00,1,Collision with vehicle,1,Monday,113,RIGHT NEAR (INTERSECTIONS ONLY)               ,1,Day,2,2,1,0,0,1,2,T intersection,2,Hospitilisation,60,A,S ,Bicycle,S ,1,1,H,F,9,1,No control,5065,PEEL,STREET,PRINCESS,STREET,0,S,36215,I,MELBOURNE,MELBOURNE,-37.80493,144.95615,3051
213633,T20140019695,23/09/2014,131321,21808,16.00.00,1,Collision with vehicle,3,Tuesday,163,VEHICLE STRIKES DOOR OF PARKED/STATIONARY VEHICLE      ,1,Day,2,2,0,1,0,1,1,Not at intersection,3,Other Injury,60,B,SW,Bicycle,SW,1,13,H,F,2,1,No control,5325,CITY,ROAD,WOLSELEY,STREET,82,SW,275429,N,PORT PHILLIP,PORT PHILLIP,-37.83202,144.95295,3205
213773,T20140019822,23/09/2014,131321,21808,17.30.00,1,Collision with vehicle,3,Tuesday,143,ENTERING PARKING                      ,2,Dusk/Dawn,2,2,0,1,0,1,2,Cross intersection,3,Other Injury,50,A,E ,Bicycle,E ,1,1,H,1,1,2,No control,9999,GERTRUDE,STREET,LITTLE SMITH,STREET,0,W,274776,I,YARRA,YARRA,-37.80631,144.9824,3065
214561,T20140020726,29/09/2014,131321,21808,16.30.00,8,No collision and no object struck,2,Monday,174,OUT OF CONTROL ON CARRIAGEWAY (ON STRAIGHT)         ,1,Day,1,1,1,0,0,0,1,Cross intersection,2,Hospitilisation,60,A,E ,Bicycle,E ,1,1,H,F,0,1,Stop-go lights,9999,QUEENS BRIDGE,STREET,WHITEMAN,STREET,0,N,66274,I,MELBOURNE,MELBOURNE,-37.82335,144.96078,3006
214067,T20140020162,30/09/2014,131321,21808,09.00.00,1,Collision with vehicle,3,Tuesday,137,LEFT TURN SIDESWIPE                     ,1,Day,2,2,1,0,0,1,1,Multiple intersection,2,Hospitilisation,60,A,SE,Bicycle,SE,1,1,H,1,2,1,No control,5127,TOORAK,ROAD,KINGS,WAY,33,SE,275982,I,MELBOURNE,MELBOURNE,-37.83636,144.97586,3004