,ACCIDENT_NO,ACCIDENTDATE,CYCLISTS,CYCLISTS_COUNT_LS,ACCIDENTTIME,ACCIDENT_TYPE,ACCIDENT_TYPE_DESC,DAY_OF_WEEK,DAY_WEEK_DESC,DCA_CODE,DCA Description,LIGHT_CONDITION,LIGHT_CONDITION_DEC,NO_OF_VEHICLES,NO_PERSONS,NO_PERSONS_INJ_2,NO_PERSONS_INJ_3,NO_PERSONS_KILLED,NO_PERSONS_NOT_INJ,POLICE_ATTEND,ROAD_GEOMETRY_DESC,SEVERITY,SEVERITY_DESC,SPEED_ZONE,VEHICLE_ID,INITIAL_DIRECTION,Vehicle Type Desc,FINAL_DIRECTION,DRIVER_INTENT,VEHICLE_MOVEMENT,TRAILER_TYPE,INITIAL_IMPACT,LAMPS,LEVEL_OF_DAMAGE,TRAFFIC_CONTROL_DESC,ROAD_ROUTE_1,ROAD_NAME,ROAD_TYPE,ROAD_NAME_INT,ROAD_TYPE_INT,DISTANCE_LOCATION,DIRECTION_LOCATION,NODE_ID,NODE_TYPE,LGA_NAME,Lga Name All,Lat,Long,Postcode No
214130,T20140020228,1/10/2014,131321,21808,07.25.00,1,Collision with vehicle,4,Wednesday,163,VEHICLE STRIKES DOOR OF PARKED/STATIONARY VEHICLE      ,2,Dusk/Dawn,2,2,0,1,0,1,1,Not at intersection,3,Other Injury,40,B,SE,Bicycle,SE,1,1,H,F,2,6,No control,9999,EXHIBITION,STREET,COLLINS,STREET,18,N,275601,N,MELBOURNE,MELBOURNE,-37.81389,144.9714,3000
214145,T20140020240,1/10/2014,131321,21808,08.20.00,1,Collision with vehicle,4,Wednesday,121,RIGHT THROUGH                        ,1,Day,2,2,1,0,0,1,1,Cross intersection,2,Hospitilisation,40,B,SW,Bicycle,SW,1,1,H,F,9,2,Stop-go lights,5044,FLEMINGTON,ROAD,GRATTAN,STREET,0,SE,35304,I,MELBOURNE,MELBOURNE,-37.79965,144.95503,3051
214158,T20140020254,1/10/2014,131321,21808,08.35.00,1,Collision with vehicle,4,Wednesday,121,RIGHT THROUGH                        ,1,Day,2,2,1,0,0,1,1,Cross intersection,2,Hospitilisation,40,A,SE,Bicycle,SW,2,2,H,N,2,6,Stop-go lights,5318,CLARENDON,STREET,YORK,STREET,0,N,35302,I,PORT PHILLIP,PORT PHILLIP,-37.83079,144.95955,3205
214261,T20140020349,2/10/2014,131321,21808,15.00.00,1,Collision with vehicle,5,Thursday,147,VEHICLE STRIKES ANOTHER VEH WHILE EMERGING FROM DRIVEWAY,1,Day,2,3,0,1,0,2,2,Not at intersection,3,Other Injury,999,A,E ,Bicycle,E ,1,1,H,4,2,1,No control,9999,LA TROBE,STREET,HARBOUR,ESPLANADE,77,E,275730,N,MELBOURNE,MELBOURNE,-37.81476,144.94583,3008
214308,T20140020401,2/10/2014,131321,21808,16.45.00,1,Collision with vehicle,5,Thursday,139,OTHER SAME DIRECTION-MANOUEVRES NOT INCLUDED IN DCAs 130-137,1,Day,2,2,0,1,0,1,2,Multiple intersection,3,Other Injury,60,B,NE,Bicycle,NE,1,1,H,F,2,2,Roundabout,9999,ARDEN,STREET,WRECKYN,STREET,0,NW,36152,I,MELBOURNE,MELBOURNE,-37.80113,144.95311,3051
214311,T20140020406,2/10/2014,131321,21808,09.05.00,1,Collision with vehicle,4,Thursday,111,RIGHT FAR (INTERSECTIONS ONLY)               ,1,Day,2,2,0,1,0,1,2,Cross intersection,3,Other Injury,50,A,E ,Bicycle,S ,2,2,H,8,2,5,Roundabout,9999,BRIDGE,STREET,ESPLANADE,PLACE,39,SE,275850,I,PORT PHILLIP,PORT PHILLIP,-37.8377,144.94526,3207
216812,T20140023076,2/10/2014,131321,21808,13.00.00,1,Collision with vehicle,5,Thursday,135,LANE CHANGE LEFT (NOT OVERTAKING)              ,1,Day,2,2,0,1,0,1,2,Not at intersection,3,Other Injury,40,A,N ,Bicycle,N ,6,6,H,1,2,2,No control,5490,CHAPEL,STREET,ALEXANDRA,AVENUE,51,S,277979,N,STONNINGTON,STONNINGTON,-37.83529,144.99647,3141
214657,T20140020822,7/10/2014,131321,21808,14.00.00,1,Collision with vehicle,3,Tuesday,137,LEFT TURN SIDESWIPE                     ,1,Day,2,2,0,1,0,1,2,T intersection,3,Other Injury,40,A,S ,Bicycle,S ,1,1,H,F,2,6,No control,9999,PELHAM,STREET,SWANSTON,STREET,0,W,29391,I,MELBOURNE,MELBOURNE,-37.8025,144.96362,3053
214653,T20140020818,9/10/2014,131321,21808,08.55.00,1,Collision with vehicle,5,Thursday,110,CROSS TRAFFIC(INTERSECTIONS ONLY)              ,1,Day,2,2,1,0,0,1,1,Cross intersection,2,Hospitilisation,50,B,S ,Bicycle,S ,1,1,H,F,9,1,No control,9999,BRUNSWICK,STREET,KERR,STREET,0,N,36495,I,YARRA,YARRA,-37.79675,144.97874,3065
214672,T20140020837,9/10/2014,131321,21808,12.40.00,8,No collision and no object struck,5,Thursday,174,OUT OF CONTROL ON CARRIAGEWAY (ON STRAIGHT)         ,1,Day,2,2,0,1,0,1,1,Cross intersection,3,Other Injury,40,B,SW,Bicycle,SW,1,1,H,N,2,1,No control,9999,CALEDONIAN,LANE,LONSDALE,STREET,0,N,36912,I,MELBOURNE,MELBOURNE,-37.81169,144.9643,3000
214898,T20140021065,12/10/2014,131321,21808,13.30.00,1,Collision with vehicle,1,Sunday,137,LEFT TURN SIDESWIPE                     ,1,Day,2,2,0,1,0,1,2,T intersection,3,Other Injury,999,A,E ,Bicycle,E ,99,1,H,1,2,1,Stop-go lights,9999,THERRY,STREET,VICTORIA,STREET,10,S,278372,N,MELBOURNE,MELBOURNE,-37.80659,144.9614,3000
214974,T20140021149,13/10/2014,131321,21808,18.30.00,1,Collision with vehicle,2,Monday,143,ENTERING PARKING                      ,2,Dusk/Dawn,2,2,0,1,0,1,1,Not at intersection,3,Other Injury,50,B,SE,Bicycle,SE,1,1,H,F,1,1,No control,5046,ELIZABETH,STREET,QUEENSBERRY,STREET,52,S,275875,N,MELBOURNE,MELBOURNE,-37.80444,144.95888,3000
214977,T20140021154,13/10/2014,131321,21808,11.40.00,2,Struck Pedestrian,1,Monday,106,VEH STRIKES PED ON FOOTPATH/MEDIAN/TRAFFIC ISLAND.,1,Day,1,2,1,0,0,1,1,Unknown,2,Hospitilisation,999,B,NK,Bicycle,NK,1,1,H,F,2,9,No control,9999,HARBOUR,ESPLANADE,COLLINS,STREET,38,S,278141,N,MELBOURNE,MELBOURNE,-37.82136,144.9475,3008
215028,T20140021225,14/10/2014,131321,21808,17.48.00,1,Collision with vehicle,3,Tuesday,147,VEHICLE STRIKES ANOTHER VEH WHILE EMERGING FROM DRIVEWAY,2,Dusk/Dawn,2,2,0,1,0,1,1,Not at intersection,3,Other Injury,40,B,NW,Bicycle,NW,1,1,H,5,2,1,Unknown,9999,RUSSELL,STREET,BULLENS,LANE,12,N,275885,N,MELBOURNE,MELBOURNE,-37.81238,144.96791,3000
215097,T20140021295,15/10/2014,131321,21808,11.00.00,1,Collision with vehicle,4,Wednesday,163,VEHICLE STRIKES DOOR OF PARKED/STATIONARY VEHICLE      ,9,Unknown,2,2,0,1,0,1,2,Not at intersection,3,Other Injury,40,B,N ,Bicycle,N ,1,1,H,F,9,9,No control,9999,SMITH,STREET,PERRY,STREET,38,N,275962,N,YARRA,YARRA,-37.79949,144.98418,3066
215204,T20140021421,17/10/2014,131321,21808,08.04.00,1,Collision with vehicle,6,Friday,143,ENTERING PARKING                      ,1,Day,2,2,0,1,0,1,1,Not at intersection,3,Other Injury,40,A,W ,Bicycle,W ,1,1,H,1,2,6,No control,9999,COLLINS,STREET,RUSSELL,STREET,63,W,275989,N,MELBOURNE,MELBOURNE,-37.81497,144.96833,3000
218984,T20140025273,17/10/2014,131321,21808,05.50.00,1,Collision with vehicle,6,Friday,163,VEHICLE STRIKES DOOR OF PARKED/STATIONARY VEHICLE      ,3,Dark Street lights on,2,2,0,1,0,1,2,Not at intersection,3,Other Injury,50,A,NW,Bicycle,NW,1,1,H,F,1,6,No control,9999,ELIZABETH,STREET,FRANKLIN,STREET,21,N,186766,N,MELBOURNE,MELBOURNE,-37.80801,144.9603,3000
215404,T20140021634,20/10/2014,131321,21808,09.00.00,1,Collision with vehicle,2,Monday,163,VEHICLE STRIKES DOOR OF PARKED/STATIONARY VEHICLE      ,1,Day,2,2,1,0,0,1,1,Not at intersection,2,Hospitilisation,60,B,N ,Bicycle,N ,1,1,H,F,2,1,No control,5882,ST KILDA,ROAD,WADEY,STREET,25,S,277748,N,MELBOURNE,MELBOURNE,-37.82637,144.97114,3006
215410,T20140021641,20/10/2014,131321,21808,08.30.00,1,Collision with vehicle,1,Monday,142,LEAVING PARKING                       ,1,Day,2,2,0,1,0,1,2,Not at intersection,3,Other Injury,40,B,SW,Bicycle,SW,1,1,H,5,9,1,Stop-go lights,9999,COLLINS,STREET,SWANSTON,STREET,14,E,214045,N,MELBOURNE,MELBOURNE,-37.81545,144.96669,3000
215450,T20140021670,20/10/2014,131321,21808,14.32.00,1,Collision with vehicle,2,Monday,121,RIGHT THROUGH                        ,1,Day,2,2,0,1,0,1,1,Cross intersection,3,Other Injury,50,B,N ,Bicycle,N ,1,1,H,F,2,1,No control,9999,MATER,STREET,WELLINGTON,STREET,0,W,36619,I,YARRA,YARRA,-37.79566,144.98795,3066
215495,T20140021717,21/10/2014,131321,21808,08.40.00,8,No collision and no object struck,3,Tuesday,151,OUT OF CONTROL (OVERTAKING)                 ,1,Day,2,2,0,1,0,1,2,Not at intersection,3,Other Injury,999,A,S ,Bicycle,S ,7,7,H,N,0,6,Stop-go lights,9999,SWANSTON,STREET,FLINDERS,STREET,21,N,193891,N,MELBOURNE,MELBOURNE,-37.81728,144.96736,3000
215517,T20140021737,21/10/2014,131321,21808,08.50.00,1,Collision with vehicle,3,Tuesday,143,ENTERING PARKING                      ,1,Day,2,3,0,2,0,1,2,Cross intersection,3,Other Injury,999,B,S ,Bicycle,S ,99,99,H,F,0,9,No control,9999,CARDIGAN,STREET,QUEENSBERRY,STREET,0,S,36317,I,MELBOURNE,MELBOURNE,-37.80473,144.96473,3053
215954,T20140022171,23/10/2014,131321,21808,13.20.00,1,Collision with vehicle,4,Thursday,163,VEHICLE STRIKES DOOR OF PARKED/STATIONARY VEHICLE      ,1,Day,2,2,0,1,0,1,2,Not at intersection,3,Other Injury,40,B,N ,Bicycle,N ,1,1,H,F,2,1,Unknown,9999,SWANSTON,STREET,LITTLE COLLINS,STREET,53,S,279741,N,MELBOURNE,MELBOURNE,-37.81496,144.96629,3000
216150,T20140022366,28/10/2014,131321,21808,19.39.00,1,Collision with vehicle,3,Tuesday,163,VEHICLE STRIKES DOOR OF PARKED/STATIONARY VEHICLE      ,2,Dusk/Dawn,3,3,1,0,0,2,1,Not at intersection,2,Hospitilisation,40,A,NE,Bicycle,NE,1,1,H,5,2,6,No control,9999,COLLINS,STREET,CHURCH,LANE,17,E,277966,N,MELBOURNE,MELBOURNE,-37.81794,144.95808,3000
216159,T20140022376,28/10/2014,131321,21808,09.25.00,1,Collision with vehicle,2,Tuesday,121,RIGHT THROUGH                        ,1,Day,2,2,0,1,0,1,1,T intersection,3,Other Injury,50,B,S ,Bicycle,S ,1,1,H,F,2,9,No control,5499,CHURCH,STREET,CHARLOTTE,STREET,0,N,37208,I,YARRA,YARRA,-37.82503,144.99805,3121
219157,T20140025463,30/10/2014,131321,21808,10.30.00,9,Other accident,5,Thursday,198,OTHER ACCIDENTS NOT CLASSIFIABLE ELSEWHERE         ,1,Day,1,1,0,1,0,0,2,Cross intersection,3,Other Injury,60,A,S ,Bicycle,S ,1,1,H,R,2,3,Stop-go lights,9999,SWANSTON,STREET,TIN,ALLEY,0,S,29389,I,MELBOURNE,MELBOURNE,-37.79684,144.96462,3053
218837,T20140025115,3/11/2014,131321,21808,14.00.00,6,Vehicle overturned (no collision),2,Monday,174,OUT OF CONTROL ON CARRIAGEWAY (ON STRAIGHT)         ,1,Day,1,1,1,0,0,0,2,Not at intersection,2,Hospitilisation,40,A,N ,Bicycle,N ,1,18,H,N,2,1,No control,9999,SMITH,STREET,ROSE,STREET,13,S,258814,N,YARRA,YARRA,-37.79668,144.98466,3066
217650,T20140023901,4/11/2014,131321,21808,11.00.00,8,No collision and no object struck,3,Tuesday,174,OUT OF CONTROL ON CARRIAGEWAY (ON STRAIGHT)         ,1,Day,2,2,1,0,0,1,2,Cross intersection,2,Hospitilisation,60,A,NE,Bicycle,NE,1,18,H,N,2,1,No control,5325,CITY,ROAD,CLARKE,STREET,0,SW,36872,I,MELBOURNE,MELBOURNE,-37.82678,144.95911,3006
219672,T20140025990,4/11/2014,131321,21808,21.30.00,8,No collision and no object struck,2,Tuesday,174,OUT OF CONTROL ON CARRIAGEWAY (ON STRAIGHT)         ,3,Dark Street lights on,2,2,0,1,0,1,2,T intersection,3,Other Injury,40,B,W ,Bicycle,W ,1,1,H,N,1,1,No control,5853,JOHNSTON,STREET,BEDFORD,STREET,10,E,281974,N,YARRA,YARRA,-37.79905,144.98517,3066
216701,T20140022957,5/11/2014,131321,21808,08.45.00,1,Collision with vehicle,4,Wednesday,113,RIGHT NEAR (INTERSECTIONS ONLY)               ,1,Day,2,2,0,1,0,1,1,Cross intersection,3,Other Injury,40,B,S ,Bicycle,S ,1,1,H,F,2,1,No control,9999,NICHOLSON,STREET,STAFFORD,STREET,0,S,58027,I,YARRA,YARRA,-37.80098,144.99749,3067
216706,T20140022960,5/11/2014,131321,21808,12.40.00,1,Collision with vehicle,3,Wednesday,163,VEHICLE STRIKES DOOR OF PARKED/STATIONARY VEHICLE      ,1,Day,2,3,0,1,0,2,1,Not at intersection,3,Other Injury,50,B,N ,Bicycle,N ,1,1,H,F,2,2,No control,9999,ST KILDA,ROAD,SWANSTON,STREET,0,N,1412,N,MELBOURNE,MELBOURNE,-37.81872,144.96802,3000
232357,T20150011988,5/11/2014,131321,21808,19.10.00,1,Collision with vehicle,4,Wednesday,163,VEHICLE STRIKES DOOR OF PARKED/STATIONARY VEHICLE      ,2,Dusk/Dawn,2,2,0,1,0,1,2,Cross intersection,3,Other Injury,50,A,SE,Bicycle,SE,1,1,H,F,2,9,No control,5061,SPENCER,STREET,HAWKE,STREET,0,SE,36105,I,MELBOURNE,MELBOURNE,-37.80709,144.94697,3003
216728,T20140022989,6/11/2014,131321,21808,08.40.00,1,Collision with vehicle,4,Thursday,121,RIGHT THROUGH                        ,1,Day,2,2,0,1,0,1,1,T intersection,3,Other Injury,50,A,N ,Bicycle,N ,1,1,H,F,2,3,No control,5882,ST KILDA,ROAD,DORCAS,STREET,0,N,36983,I,MELBOURNE,"PORT PHILLIP,MELBOURNE",-37.8299,144.97132,3006
216892,T20140023170,6/11/2014,131321,21808,19.30.00,1,Collision with vehicle,4,Thursday,137,LEFT TURN SIDESWIPE                     ,2,Dusk/Dawn,2,2,0,1,0,1,2,Multiple intersection,3,Other Injury,60,A,NE,Bicycle,NE,1,1,H,1,9,1,Stop-go lights,5325,CITY,ROAD,MORAY,STREET,0,SW,57475,I,MELBOURNE,MELBOURNE,-37.82598,144.96007,3006
218346,T20140024587,6/11/2014,131321,21808,09.30.00,1,Collision with vehicle,5,Thursday,160,VEHICLE COLLIDES WITH VEHICLE PARKED ON LEFT OF ROAD    ,1,Day,2,2,1,0,0,1,1,Not at intersection,2,Hospitilisation,30,A,SE,Bicycle,SE,7,18,H,N,9,6,No control,9999,SWANSTON,STREET,LITTLE BOURKE,STREET,54,N,278733,N,MELBOURNE,MELBOURNE,-37.81209,144.96497,3000
216797,T20140023058,7/11/2014,131321,21808,08.46.00,1,Collision with vehicle,6,Friday,135,LANE CHANGE LEFT (NOT OVERTAKING)              ,1,Day,2,2,1,0,0,1,1,Cross intersection,2,Hospitilisation,60,A,N ,Bicycle,N ,1,1,H,1,2,5,Stop-go lights,5871,KINGS,WAY,TOORAK,ROAD,17,W,57933,I,PORT PHILLIP,PORT PHILLIP,-37.83626,144.97534,3004
217453,T20140023714,9/11/2014,131321,21808,13.10.00,1,Collision with vehicle,0,Sunday,121,RIGHT THROUGH                        ,1,Day,2,2,1,0,0,1,1,Cross intersection,2,Hospitilisation,50,B,E ,Bicycle,S ,2,2,H,F,2,3,No control,9999,MALCOLM,STREET,RIVER,STREET,0,W,37718,I,STONNINGTON,STONNINGTON,-37.83702,144.9977,3141
216998,T20140023282,10/11/2014,131321,21808,18.12.00,1,Collision with vehicle,2,Monday,116,LEFT NEAR (INTERSECTIONS ONLY)               ,1,Day,2,2,1,0,0,1,1,Cross intersection,2,Hospitilisation,50,B,N ,Bicycle,N ,1,1,H,8,2,1,Roundabout,9999,HEATHER,STREET,PARK,STREET,0,SE,37572,I,PORT PHILLIP,PORT PHILLIP,-37.83431,144.96472,3205
218562,T20140024806,10/11/2014,131321,21808,17.30.00,1,Collision with vehicle,2,Monday,121,RIGHT THROUGH                        ,9,Unknown,2,2,0,1,0,1,2,Not at intersection,3,Other Injury,999,B,SW,Bicycle,SW,1,1,H,F,2,2,Unknown,9999,LA TROBE,STREET,PARK,STREET,33,E,279051,N,MELBOURNE,MELBOURNE,-37.81208,144.95529,3003
218563,T20140024806,10/11/2014,131321,21808,17.30.00,1,Collision with vehicle,2,Monday,121,RIGHT THROUGH                        ,9,Unknown,2,2,0,1,0,1,2,Not at intersection,3,Other Injury,999,B,SW,Bicycle,SW,1,1,H,F,2,2,Unknown,9999,LA TROBE,STREET,PARK,STREET,33,E,279051,N,MELBOURNE,MELBOURNE,-37.81208,144.95529,3003
217069,T20140023355,11/11/2014,131321,21808,17.26.00,1,Collision with vehicle,2,Tuesday,121,RIGHT THROUGH                        ,1,Day,2,2,1,0,0,1,1,T intersection,2,Hospitilisation,40,B,E ,Bicycle,E ,1,1,H,F,2,2,No control,9999,GIPPS,STREET,STURT,STREET,0,W,36655,I,YARRA,YARRA,-37.80475,144.98969,3066
219572,T20140025897,11/11/2014,131321,21808,17.00.00,8,No collision and no object struck,3,Tuesday,174,OUT OF CONTROL ON CARRIAGEWAY (ON STRAIGHT)         ,1,Day,1,1,0,1,0,0,2,Not at intersection,3,Other Injury,999,A,S ,Bicycle,S ,1,6,H,9,2,9,Unknown,5065,PEEL,STREET,QUEENSBERRY,STREET,12,S,280000,N,MELBOURNE,MELBOURNE,-37.80391,144.95634,3051
217102,T20140023380,12/11/2014,131321,21808,01.00.00,1,Collision with vehicle,4,Wednesday,113,RIGHT NEAR (INTERSECTIONS ONLY)               ,3,Dark Street lights on,2,2,1,0,0,1,1,T intersection,2,Hospitilisation,60,B,S ,Bicycle,SW,2,2,H,1,1,5,Stop-go lights,5325,CITY,ROAD,WHITEMAN,STREET,0,SW,38834,I,PORT PHILLIP,PORT PHILLIP,-37.8305,144.95475,3006
218025,T20140024271,12/11/2014,131321,21808,17.00.00,1,Collision with vehicle,4,Wednesday,137,LEFT TURN SIDESWIPE                     ,9,Unknown,2,2,0,1,0,1,2,Not at intersection,3,Other Injury,50,B,NE,Bicycle,NE,1,1,H,F,9,1,Unknown,9999,LA TROBE,STREET,ELIZABETH,STREET,48,E,250821,N,MELBOURNE,MELBOURNE,-37.81017,144.96187,3000
218026,T20140024271,12/11/2014,131321,21808,17.00.00,1,Collision with vehicle,4,Wednesday,137,LEFT TURN SIDESWIPE                     ,9,Unknown,2,2,0,1,0,1,2,Not at intersection,3,Other Injury,50,B,NE,Bicycle,NE,1,1,H,F,9,1,Unknown,9999,LA TROBE,STREET,ELIZABETH,STREET,48,E,250821,N,MELBOURNE,MELBOURNE,-37.81017,144.96187,3000
217327,T20140023575,13/11/2014,131321,21808,15.30.00,1,Collision with vehicle,5,Thursday,163,VEHICLE STRIKES DOOR OF PARKED/STATIONARY VEHICLE      ,1,Day,2,2,1,0,0,1,2,Not at intersection,2,Hospitilisation,999,A,N ,Bicycle,N ,1,99,H,5,2,9,Unknown,5882,ST KILDA,ROAD,TOORAK,ROAD,149,S,274432,N,PORT PHILLIP,PORT PHILLIP,-37.83754,144.97583,3004
217501,T20140023752,16/11/2014,131321,21808,12.50.00,1,Collision with vehicle,1,Sunday,147,VEHICLE STRIKES ANOTHER VEH WHILE EMERGING FROM DRIVEWAY,1,Day,2,2,0,1,0,1,2,Not at intersection,3,Other Injury,40,B,E ,Bicycle,E ,1,1,H,F,0,9,No control,9999,OTTER,STREET,NAPOLEON,STREET,21,E,281973,N,YARRA,YARRA,-37.80085,144.98543,3066
217532,T20140023780,17/11/2014,131321,21808,09.00.00,1,Collision with vehicle,2,Monday,163,VEHICLE STRIKES DOOR OF PARKED/STATIONARY VEHICLE      ,9,Unknown,3,3,1,0,0,2,2,Not at intersection,2,Hospitilisation,40,A,W ,Bicycle,W ,1,1,H,F,2,9,No control,5287,SWAN,STREET,DICKMANN,STREET,17,E,281556,N,YARRA,YARRA,-37.82564,144.99752,3121
217712,T20140023961,19/11/2014,131321,21808,17.56.00,8,No collision and no object struck,4,Wednesday,174,OUT OF CONTROL ON CARRIAGEWAY (ON STRAIGHT)         ,1,Day,2,2,0,1,0,1,1,T intersection,3,Other Injury,40,B,N ,Bicycle,N ,1,1,H,N,2,6,No control,5499,CHURCH,STREET,HILL,STREET,0,N,54545,I,YARRA,YARRA,-37.82814,144.99749,3121
218207,T20140024450,20/11/2014,131321,21808,08.45.00,1,Collision with vehicle,5,Thursday,153,CUTTING IN (OVERTAKING)                   ,1,Day,2,2,1,0,0,1,2,T intersection,2,Hospitilisation,999,B,W ,Bicycle,W ,1,1,H,1,9,2,No control,9999,BOUVERIE,STREET,GRATTAN,STREET,0,N,36272,I,MELBOURNE,MELBOURNE,-37.80027,144.96251,3053
217872,T20140024127,21/11/2014,131321,21808,08.40.00,1,Collision with vehicle,6,Friday,121,RIGHT THROUGH                        ,1,Day,2,2,0,1,0,1,2,T intersection,3,Other Injury,60,B,N ,Bicycle,N ,1,1,H,F,2,1,Stop-go lights,5130,FERRARS,STREET,COVENTRY,STREET,0,N,35395,I,PORT PHILLIP,PORT PHILLIP,-37.83332,144.95511,3205
217941,T20140024181,22/11/2014,131321,21808,10.45.00,1,Collision with vehicle,7,Saturday,148,VEHICLE OFF FOOTPATH STRIKES VEH ON CARRIAGEWAY,1,Day,2,2,0,1,0,1,1,T intersection,3,Other Injury,60,B,W ,Bicycle,W ,1,1,H,5,2,6,Stop-go lights,2080,HODDLE,STREET,FREEMAN,STREET,0,S,37058,I,MELBOURNE,"YARRA,MELBOURNE",-37.81533,144.99037,3121
217993,T20140024227,22/11/2014,131321,21808,10.00.00,1,Collision with vehicle,6,Saturday,132,RIGHT REAR.                         ,1,Day,2,2,0,1,0,1,2,Cross intersection,3,Other Injury,999,B,NK,Bicycle,NK,2,2,H,R,2,2,Stop-go lights,5853,JOHNSTON,STREET,SMITH,STREET,0,W,36557,I,YARRA,YARRA,-37.79896,144.98427,3066
218237,T20140024483,26/11/2014,131321,21808,07.00.00,1,Collision with vehicle,4,Wednesday,137,LEFT TURN SIDESWIPE                     ,2,Dusk/Dawn,2,2,1,0,0,1,1,Not at intersection,2,Hospitilisation,40,B,NE,Bicycle,NE,1,6,H,F,2,9,No control,9999,LA TROBE,STREET,SUTHERLAND,STREET,15,W,278291,N,MELBOURNE,MELBOURNE,-37.8106,144.9604,3000
218238,T20140024483,26/11/2014,131321,21808,07.00.00,1,Collision with vehicle,4,Wednesday,137,LEFT TURN SIDESWIPE                     ,2,Dusk/Dawn,2,2,1,0,0,1,1,Not at intersection,2,Hospitilisation,40,B,NE,Bicycle,NE,1,6,H,F,2,9,No control,9999,LA TROBE,STREET,SUTHERLAND,STREET,15,W,278291,N,MELBOURNE,MELBOURNE,-37.8106,144.9604,3000
218313,T20140024552,26/11/2014,131321,21808,14.35.00,1,Collision with vehicle,4,Wednesday,110,CROSS TRAFFIC(INTERSECTIONS ONLY)              ,1,Day,2,2,1,0,0,1,1,Cross intersection,2,Hospitilisation,50,B,S ,Bicycle,S ,1,1,H,5,2,2,No control,9999,BRUNSWICK,STREET,VICTORIA,STREET,0,N,36499,I,YARRA,YARRA,-37.79906,144.97834,3065
219905,T20140026215,27/11/2014,131321,21808,18.00.00,1,Collision with vehicle,5,Thursday,137,LEFT TURN SIDESWIPE                     ,9,Unknown,2,2,0,1,0,1,2,Not at intersection,3,Other Injury,40,A,NE,Bicycle,NE,1,1,H,1,2,1,No control,9999,LONSDALE,STREET,JONES,LANE,30,W,280584,N,MELBOURNE,MELBOURNE,-37.81046,144.96853,3000
219068,T20140025362,29/11/2014,131321,21808,10.55.00,1,Collision with vehicle,7,Saturday,163,VEHICLE STRIKES DOOR OF PARKED/STATIONARY VEHICLE      ,1,Day,2,2,1,0,0,1,2,Not at intersection,2,Hospitilisation,40,B,W ,Bicycle,W ,1,1,H,F,0,1,No control,5853,JOHNSTON,STREET,BEDFORD,STREET,59,E,279699,N,YARRA,YARRA,-37.79911,144.98571,3066
218690,T20140024953,2/12/2014,131321,21808,12.00.00,1,Collision with vehicle,3,Tuesday,135,LANE CHANGE LEFT (NOT OVERTAKING)              ,1,Day,2,2,0,1,0,1,2,Not at intersection,3,Other Injury,60,B,E ,Bicycle,E ,1,1,H,1,2,1,No control,5083,VICTORIA,PARADE,CAMBRIDGE,STREET,20,E,280366,N,YARRA,YARRA,-37.80897,144.98501,3066
218720,T20140024986,2/12/2014,131321,21808,19.00.00,1,Collision with vehicle,3,Tuesday,121,RIGHT THROUGH                        ,2,Dusk/Dawn,2,2,1,0,0,1,1,T intersection,2,Hospitilisation,60,B,N ,Bicycle,N ,1,1,H,F,2,6,No control,5882,ST KILDA,ROAD,WADEY,STREET,0,N,36994,I,MELBOURNE,MELBOURNE,-37.82613,144.97128,3006
218846,T20140025129,4/12/2014,131321,21808,13.15.00,1,Collision with vehicle,5,Thursday,121,RIGHT THROUGH                        ,1,Day,2,2,1,0,0,1,1,T intersection,2,Hospitilisation,40,B,E ,Bicycle,E ,1,1,H,F,0,4,Unknown,5898,TOORAK,ROAD,AVOCA,STREET,0,W,37646,I,STONNINGTON,STONNINGTON,-37.83866,144.98907,3141
218884,T20140025156,4/12/2014,131321,21808,19.15.00,1,Collision with vehicle,5,Thursday,163,VEHICLE STRIKES DOOR OF PARKED/STATIONARY VEHICLE      ,2,Dusk/Dawn,2,2,0,1,0,1,2,T intersection,3,Other Injury,40,A,S ,Bicycle,S ,1,1,H,F,2,1,No control,9999,WILLIAM,STREET,LA TROBE,STREET,32,S,279668,I,MELBOURNE,MELBOURNE,-37.81203,144.95657,3000
218897,T20140025167,4/12/2014,131321,21808,15.20.00,1,Collision with vehicle,4,Thursday,110,CROSS TRAFFIC(INTERSECTIONS ONLY)              ,1,Day,2,2,0,1,0,1,1,Cross intersection,3,Other Injury,40,B,N ,Bicycle,N ,1,1,H,F,2,1,No control,9999,ARGYLE,STREET,BRUNSWICK,STREET,0,E,36496,I,YARRA,YARRA,-37.79754,144.9786,3065