,ACCIDENT_NO,ACCIDENTDATE,CYCLISTS,CYCLISTS_COUNT_LS,ACCIDENTTIME,ACCIDENT_TYPE,ACCIDENT_TYPE_DESC,DAY_OF_WEEK,DAY_WEEK_DESC,DCA_CODE,DCA Description,LIGHT_CONDITION,LIGHT_CONDITION_DEC,NO_OF_VEHICLES,NO_PERSONS,NO_PERSONS_INJ_2,NO_PERSONS_INJ_3,NO_PERSONS_KILLED,NO_PERSONS_NOT_INJ,POLICE_ATTEND,ROAD_GEOMETRY_DESC,SEVERITY,SEVERITY_DESC,SPEED_ZONE,VEHICLE_ID,INITIAL_DIRECTION,Vehicle Type Desc,FINAL_DIRECTION,DRIVER_INTENT,VEHICLE_MOVEMENT,TRAILER_TYPE,INITIAL_IMPACT,LAMPS,LEVEL_OF_DAMAGE,TRAFFIC_CONTROL_DESC,ROAD_ROUTE_1,ROAD_NAME,ROAD_TYPE,ROAD_NAME_INT,ROAD_TYPE_INT,DISTANCE_LOCATION,DIRECTION_LOCATION,NODE_ID,NODE_TYPE,LGA_NAME,Lga Name All,Lat,Long,Postcode No
219007,T20140025299,4/12/2014,131321,21808,07.55.00,1,Collision with vehicle,4,Thursday,110,CROSS TRAFFIC(INTERSECTIONS ONLY)              ,1,Day,2,2,1,0,0,1,2,Cross intersection,2,Hospitilisation,40,A,NW,Bicycle,NW,99,1,H,8,9,1,No control,9999,BANK,STREET,MONTAGUE,STREET,0,E,66731,I,PORT PHILLIP,PORT PHILLIP,-37.83625,144.95366,3205
218951,T20140025236,5/12/2014,131321,21808,08.50.00,1,Collision with vehicle,6,Friday,121,RIGHT THROUGH                        ,1,Day,2,2,0,1,0,1,2,T intersection,3,Other Injury,50,A,S ,Bicycle,S ,1,1,H,F,2,1,No control,5499,CHURCH,STREET,YARRA,STREET,0,N,37711,I,YARRA,YARRA,-37.83191,144.99681,3121
218975,T20140025266,5/12/2014,131321,21808,07.54.00,1,Collision with vehicle,6,Friday,148,VEHICLE OFF FOOTPATH STRIKES VEH ON CARRIAGEWAY,1,Day,2,2,1,0,0,1,2,Not at intersection,2,Hospitilisation,999,A,W ,Bicycle,W ,1,1,H,1,2,6,Ped. lights,9999,ST KILDA,ROAD,SWANSTON,STREET,0,N,1412,N,MELBOURNE,MELBOURNE,-37.81872,144.96802,3000
218962,T20140025252,6/12/2014,131321,21808,01.00.00,1,Collision with vehicle,7,Saturday,133,LANE SIDE SWIPE (VEHICLES IN PARALLEL LANES)        ,3,Dark Street lights on,2,5,0,1,0,4,1,Not at intersection,3,Other Injury,40,B,SW,Bicycle,SW,1,1,H,1,2,6,No control,9999,FLINDERS,LANE,SWANSTON,STREET,27,E,279510,N,MELBOURNE,MELBOURNE,-37.8164,144.96728,3000
219301,T20140025609,8/12/2014,131321,21808,14.30.00,8,No collision and no object struck,2,Monday,174,OUT OF CONTROL ON CARRIAGEWAY (ON STRAIGHT)         ,1,Day,2,2,0,1,0,1,2,Cross intersection,3,Other Injury,40,B,N ,Bicycle,N ,1,1,H,N,2,6,No control,9999,BRUNSWICK,STREET,GREEVES,STREET,0,N,36503,I,YARRA,YARRA,-37.79982,144.97821,3065
219286,T20140025591,10/12/2014,131321,21808,09.45.00,8,No collision and no object struck,4,Wednesday,174,OUT OF CONTROL ON CARRIAGEWAY (ON STRAIGHT)         ,1,Day,2,2,0,1,0,1,2,Not at intersection,3,Other Injury,50,B,S ,Bicycle,S ,2,2,H,N,9,2,No control,9999,LYGON,STREET,BEARD,PLACE,9,S,279766,N,MELBOURNE,MELBOURNE,-37.80046,144.96697,3053
219338,T20140025656,11/12/2014,131321,21808,15.30.00,1,Collision with vehicle,4,Thursday,163,VEHICLE STRIKES DOOR OF PARKED/STATIONARY VEHICLE      ,1,Day,2,2,0,1,0,1,1,Not at intersection,3,Other Injury,40,B,NW,Bicycle,NW,1,1,H,5,2,1,Stop-go lights,9999,ST KILDA,ROAD,SOUTHBANK,BOULEVARD,97,N,280474,N,MELBOURNE,MELBOURNE,-37.82255,144.96956,3006
219648,T20140025966,15/12/2014,131321,21808,13.50.00,1,Collision with vehicle,2,Monday,130,REAR END(VEHICLES IN SAME LANE)               ,1,Day,2,2,0,1,0,1,1,Not at intersection,3,Other Injury,60,B,N ,Bicycle,N ,1,1,H,F,2,1,No control,5882,ST KILDA,ROAD,TOORAK,ROAD,51,S,186197,N,MELBOURNE,"MELBOURNE,PORT PHILLIP",-37.83666,144.9757,3004
219687,T20140026007,15/12/2014,131321,21808,18.32.00,1,Collision with vehicle,2,Monday,121,RIGHT THROUGH                        ,1,Day,2,2,1,0,0,1,1,T intersection,2,Hospitilisation,40,B,S ,Bicycle,S ,1,1,H,F,2,2,No control,5499,CHURCH,STREET,YORKSHIRE,STREET,0,N,37713,I,YARRA,YARRA,-37.83161,144.99687,3121
219780,T20140026102,15/12/2014,131321,21808,15.30.00,1,Collision with vehicle,2,Monday,163,VEHICLE STRIKES DOOR OF PARKED/STATIONARY VEHICLE      ,1,Day,2,4,1,0,0,3,1,T intersection,2,Hospitilisation,40,B,E ,Bicycle,E ,1,1,H,F,1,5,No control,9999,ALBERT,STREET,GOTCH,LANE,9,E,280054,N,MELBOURNE,MELBOURNE,-37.81064,144.98561,3002
219990,T20140026301,15/12/2014,131321,21808,15.20.00,2,Struck Pedestrian,2,Monday,101,PED EMERGES FROM IN FRONT OF PARKED OR STATIONARY VEHICLE  ,1,Day,1,2,1,0,0,1,1,Not at intersection,2,Hospitilisation,40,A,NE,Bicycle,NE,1,1,H,F,2,6,No control,9999,BOURKE,STREET,BRIEN,LANE,27,E,281416,N,MELBOURNE,MELBOURNE,-37.81248,144.96921,3000
220361,T20140026682,15/12/2014,131321,21808,08.00.00,8,No collision and no object struck,2,Monday,174,OUT OF CONTROL ON CARRIAGEWAY (ON STRAIGHT)         ,1,Day,2,2,1,0,0,1,2,Not at intersection,2,Hospitilisation,999,B,SW,Bicycle,SW,1,1,H,N,0,9,No control,9999,ABECKETT,STREET,STEWART,STREET,24,W,291597,N,MELBOURNE,MELBOURNE,-37.80884,144.96228,3000
219853,T20140026170,17/12/2014,131321,21808,18.40.00,1,Collision with vehicle,4,Wednesday,163,VEHICLE STRIKES DOOR OF PARKED/STATIONARY VEHICLE      ,1,Day,2,3,0,1,0,2,1,Not at intersection,3,Other Injury,50,B,W ,Bicycle,W ,1,1,H,F,2,1,No control,9999,LA TROBE,STREET,WURUNDJERI,WAY,9,W,280004,N,MELBOURNE,MELBOURNE,-37.81421,144.94775,3008
219857,T20140026172,17/12/2014,131321,21808,17.00.00,1,Collision with vehicle,3,Wednesday,121,RIGHT THROUGH                        ,1,Day,2,2,0,1,0,1,2,Cross intersection,3,Other Injury,60,B,N ,Bicycle,N ,1,1,H,F,2,2,No control,9999,ELGIN,STREET,RATHDOWNE,STREET,0,W,36370,I,MELBOURNE,MELBOURNE,-37.79748,144.97049,3053
219859,T20140026173,17/12/2014,131321,21808,16.45.00,1,Collision with vehicle,3,Wednesday,163,VEHICLE STRIKES DOOR OF PARKED/STATIONARY VEHICLE      ,1,Day,2,2,0,1,0,1,1,Not at intersection,3,Other Injury,40,B,NE,Bicycle,NE,1,1,H,F,2,1,No control,9999,BOURKE,STREET,HARDWARE,LANE,25,E,280056,N,MELBOURNE,MELBOURNE,-37.81459,144.96197,3000
220664,T20140027044,17/12/2014,131321,21808,08.45.00,1,Collision with vehicle,3,Wednesday,130,REAR END(VEHICLES IN SAME LANE)               ,1,Day,2,2,0,1,0,1,2,T intersection,3,Other Injury,999,B,W ,Bicycle,W ,1,1,H,R,2,6,No control,9999,MOLLISON,STREET,LITTLE LITHGOW,STREET,0,W,280713,I,YARRA,YARRA,-37.8074,144.99822,3067
225031,T20150004501,17/12/2014,131321,21808,13.30.00,1,Collision with vehicle,4,Wednesday,163,VEHICLE STRIKES DOOR OF PARKED/STATIONARY VEHICLE      ,1,Day,2,2,0,1,0,1,2,Not at intersection,3,Other Injury,60,A,E ,Bicycle,E ,1,1,H,F,0,2,No control,5853,JOHNSTON,STREET,SPRING,STREET,25,E,287489,N,YARRA,YARRA,-37.7981,144.97625,3065
219890,T20140026197,18/12/2014,131321,21808,08.43.00,1,Collision with vehicle,5,Thursday,121,RIGHT THROUGH                        ,1,Day,2,2,1,0,0,1,1,Cross intersection,2,Hospitilisation,40,B,S ,Bicycle,S ,1,1,H,F,2,5,No control,9999,BRUNSWICK,STREET,MOOR,STREET,0,N,35332,I,YARRA,YARRA,-37.8016,144.9779,3065
220301,T20140026614,22/12/2014,131321,21808,15.45.00,1,Collision with vehicle,1,Monday,123,RIGHT/LEFT. ONE VEH TURNING RIGHT THE OTHER LEFT.      ,1,Day,2,2,1,0,0,1,2,Cross intersection,2,Hospitilisation,50,B,N ,Bicycle,W ,3,3,H,4,2,1,Stop-go lights,5130,FERRARS,STREET,YORK,STREET,0,N,37491,I,PORT PHILLIP,PORT PHILLIP,-37.83221,144.95459,3205
220642,T20140027017,29/12/2014,131321,21808,16.30.00,1,Collision with vehicle,1,Monday,163,VEHICLE STRIKES DOOR OF PARKED/STATIONARY VEHICLE      ,1,Day,2,2,0,1,0,1,2,T intersection,3,Other Injury,40,B,N ,Bicycle,N ,1,1,H,F,2,2,No control,9999,SMITH,STREET,OTTER,STREET,9,S,280886,N,YARRA,YARRA,-37.80078,144.98396,3066
220812,T20150000079,31/12/2014,131321,21808,17.50.00,1,Collision with vehicle,4,Wednesday,121,RIGHT THROUGH                        ,1,Day,2,2,0,1,0,1,2,Not at intersection,3,Other Injury,40,A,SE,Bicycle,SW,2,2,H,5,2,9,No control,9999,ELIZABETH,STREET,FLINDERS,LANE,20,N,126212,N,MELBOURNE,MELBOURNE,-37.81703,144.96444,3000
221076,T20150000377,31/12/2014,131321,21808,11.25.00,1,Collision with vehicle,4,Wednesday,137,LEFT TURN SIDESWIPE                     ,1,Day,2,2,0,1,0,1,1,Not at intersection,3,Other Injury,40,B,NE,Bicycle,NE,1,1,H,F,0,1,No control,9999,LA TROBE,STREET,SUTHERLAND,STREET,45,W,281183,N,MELBOURNE,MELBOURNE,-37.81069,144.96007,3000
221077,T20150000377,31/12/2014,131321,21808,11.25.00,1,Collision with vehicle,4,Wednesday,137,LEFT TURN SIDESWIPE                     ,1,Day,2,2,0,1,0,1,1,Not at intersection,3,Other Injury,40,B,NE,Bicycle,NE,1,1,H,F,0,1,No control,9999,LA TROBE,STREET,SUTHERLAND,STREET,45,W,281183,N,MELBOURNE,MELBOURNE,-37.81069,144.96007,3000
220817,T20150000093,2/01/2015,141840,23555,12.05.00,8,No collision and no object struck,5,Friday,174,OUT OF CONTROL ON CARRIAGEWAY (ON STRAIGHT)         ,9,Unknown,2,2,0,1,0,1,2,Cross intersection,3,Other Injury,60,A,NW,Bicycle,NW,1,1,H,N,1,6,Stop-go lights,9999,LITTLE BOURKE,STREET,SWANSTON,STREET,0,E,36940,I,MELBOURNE,MELBOURNE,-37.81255,144.96518,3000
221022,T20150000320,4/01/2015,141840,23555,23.30.00,1,Collision with vehicle,1,Sunday,163,VEHICLE STRIKES DOOR OF PARKED/STATIONARY VEHICLE      ,3,Dark Street lights on,2,2,0,1,0,1,2,Not at intersection,3,Other Injury,50,B,NE,Bicycle,NE,1,1,H,F,1,1,No control,9999,PARK,STREET,LITTLE BANK,STREET,32,E,280449,N,PORT PHILLIP,PORT PHILLIP,-37.83308,144.96902,3205
220974,T20150000270,5/01/2015,141840,23555,17.00.00,1,Collision with vehicle,2,Monday,163,VEHICLE STRIKES DOOR OF PARKED/STATIONARY VEHICLE      ,1,Day,2,2,0,1,0,1,2,Not at intersection,3,Other Injury,40,B,NE,Bicycle,NE,1,1,H,F,0,1,No control,9999,COLLINS,STREET,REGENT,PLACE,55,E,280540,N,MELBOURNE,MELBOURNE,-37.81509,144.9679,3000
221000,T20150000299,6/01/2015,141840,23555,10.55.00,1,Collision with vehicle,2,Tuesday,133,LANE SIDE SWIPE (VEHICLES IN PARALLEL LANES)        ,1,Day,2,2,0,1,0,1,1,T intersection,3,Other Injury,40,B,SE,Bicycle,SE,1,1,H,1,2,2,No control,9999,RUSSELL,STREET,PORTLAND,LANE,6,N,280450,N,MELBOURNE,MELBOURNE,-37.81337,144.96836,3000
222088,T20150001429,6/01/2015,141840,23555,18.00.00,1,Collision with vehicle,3,Tuesday,163,VEHICLE STRIKES DOOR OF PARKED/STATIONARY VEHICLE      ,9,Unknown,2,2,0,1,0,1,9,Not at intersection,3,Other Injury,50,B,N ,Bicycle,N ,1,1,H,F,2,1,No control,9999,ERROL,STREET,GLASS,STREET,21,N,289590,N,MELBOURNE,MELBOURNE,-37.8019,144.94983,3051
221081,T20150000381,7/01/2015,141840,23555,11.45.00,1,Collision with vehicle,4,Wednesday,116,LEFT NEAR (INTERSECTIONS ONLY)               ,1,Day,2,2,0,1,0,1,1,T intersection,3,Other Injury,60,B,NW,Bicycle,NW,1,1,H,5,0,1,No control,5882,ST KILDA,ROAD,BOWEN,CRESCENT,0,SE,282306,N,PORT PHILLIP,PORT PHILLIP,-37.83464,144.97431,3004
221245,T20150000529,8/01/2015,141840,23555,15.25.00,1,Collision with vehicle,5,Thursday,137,LEFT TURN SIDESWIPE                     ,1,Day,2,2,1,0,0,1,2,Multiple intersection,2,Hospitilisation,999,B,NW,Bicycle,NW,1,1,H,4,2,9,Roundabout,5046,ELIZABETH,STREET,PELHAM,STREET,11,N,45686,I,MELBOURNE,MELBOURNE,-37.80172,144.9574,3000
221420,T20150000735,12/01/2015,141840,23555,07.45.00,1,Collision with vehicle,1,Monday,110,CROSS TRAFFIC(INTERSECTIONS ONLY)              ,1,Day,2,2,0,1,0,1,1,Multiple intersection,3,Other Injury,50,B,NW,Bicycle,NW,1,1,H,F,2,1,Roundabout,9999,ANZAC,AVENUE,GOVERNMENT HOUSE,DRIVE,0,SW,29881,I,MELBOURNE,MELBOURNE,-37.82663,144.97238,3004
221689,T20150001011,15/01/2015,141840,23555,08.45.00,1,Collision with vehicle,5,Thursday,121,RIGHT THROUGH                        ,1,Day,2,3,0,1,0,2,1,Cross intersection,3,Other Injury,50,B,E ,Bicycle,E ,1,1,H,F,2,1,Stop-go lights,9999,LEICESTER,STREET,QUEENSBERRY,STREET,0,N,65471,I,MELBOURNE,MELBOURNE,-37.80423,144.9603,3053
225899,T20150005368,16/01/2015,141840,23555,14.12.00,8,No collision and no object struck,6,Friday,174,OUT OF CONTROL ON CARRIAGEWAY (ON STRAIGHT)         ,1,Day,1,1,0,1,0,0,1,Not at intersection,3,Other Injury,40,A,N ,Bicycle,N ,1,1,H,F,2,1,No control,9999,BRUNSWICK,STREET,PALMER,STREET,22,S,287265,N,YARRA,YARRA,-37.80477,144.97737,3065
221990,T20150001333,19/01/2015,141840,23555,19.30.00,1,Collision with vehicle,2,Monday,137,LEFT TURN SIDESWIPE                     ,2,Dusk/Dawn,2,2,0,1,0,1,2,Cross intersection,3,Other Injury,999,A,S ,Bicycle,S ,4,1,H,4,2,1,No control,9999,GRATTAN,STREET,SWANSTON,STREET,0,E,90,I,MELBOURNE,MELBOURNE,-37.80043,144.96398,3053
221994,T20150001338,19/01/2015,141840,23555,17.50.00,1,Collision with vehicle,1,Monday,135,LANE CHANGE LEFT (NOT OVERTAKING)              ,1,Day,2,2,0,1,0,1,1,Not at intersection,3,Other Injury,50,B,N ,Bicycle,N ,1,1,H,F,2,6,No control,9999,NICHOLSON,STREET,GIPPS,STREET,57,S,282815,N,YARRA,YARRA,-37.80594,144.99663,3067
223460,T20150002912,19/01/2015,141840,23555,17.30.00,1,Collision with vehicle,2,Monday,163,VEHICLE STRIKES DOOR OF PARKED/STATIONARY VEHICLE      ,1,Day,2,2,1,0,0,1,2,Not at intersection,2,Hospitilisation,40,B,NE,Bicycle,NE,1,1,H,F,2,1,No control,9999,BOURKE,STREET,ELIZABETH,STREET,35,W,286293,N,MELBOURNE,MELBOURNE,-37.81435,144.96279,3000
224216,T20150003658,19/01/2015,141840,23555,11.00.00,1,Collision with vehicle,2,Monday,131,LEFT REAR                          ,1,Day,2,2,0,1,0,1,2,Multiple intersection,3,Other Injury,40,A,NE,Bicycle,NE,1,1,H,F,9,1,Stop-go lights,9999,EXHIBITION,STREET,LA TROBE,STREET,0,N,29396,I,MELBOURNE,MELBOURNE,-37.80816,144.96874,3000
224217,T20150003658,19/01/2015,141840,23555,11.00.00,1,Collision with vehicle,2,Monday,131,LEFT REAR                          ,1,Day,2,2,0,1,0,1,2,Multiple intersection,3,Other Injury,40,A,NE,Bicycle,NE,1,1,H,F,9,1,Stop-go lights,9999,EXHIBITION,STREET,LA TROBE,STREET,0,N,29396,I,MELBOURNE,MELBOURNE,-37.80816,144.96874,3000
225757,T20150005223,19/01/2015,141840,23555,19.30.00,1,Collision with vehicle,2,Monday,121,RIGHT THROUGH                        ,2,Dusk/Dawn,2,2,0,1,0,1,2,T intersection,3,Other Injury,999,B,S ,Bicycle,S ,1,1,H,1,2,6,No control,5065,PEEL,STREET,PRINCESS,STREET,0,S,36215,I,MELBOURNE,MELBOURNE,-37.80493,144.95615,3051
222062,T20150001399,20/01/2015,141840,23555,20.15.00,1,Collision with vehicle,2,Tuesday,116,LEFT NEAR (INTERSECTIONS ONLY)               ,2,Dusk/Dawn,2,2,0,1,0,1,1,Cross intersection,3,Other Injury,60,A,W ,Bicycle,W ,1,1,H,F,0,3,Stop-go lights,5130,FERRARS,STREET,YORK,STREET,0,N,37491,I,PORT PHILLIP,PORT PHILLIP,-37.83221,144.95459,3205
222175,T20150001519,21/01/2015,141840,23555,19.00.00,1,Collision with vehicle,4,Wednesday,133,LANE SIDE SWIPE (VEHICLES IN PARALLEL LANES)        ,2,Dusk/Dawn,2,2,0,1,0,1,2,Not at intersection,3,Other Injury,60,A,N ,Bicycle,N ,1,1,H,4,2,6,No control,9999,BRUNSWICK,STREET,JOHNSTON,STREET,43,N,281446,N,YARRA,YARRA,-37.79795,144.97853,3065
222184,T20150001533,21/01/2015,141840,23555,07.25.00,1,Collision with vehicle,4,Wednesday,133,LANE SIDE SWIPE (VEHICLES IN PARALLEL LANES)        ,1,Day,2,2,0,1,0,1,2,Cross intersection,3,Other Injury,60,A,E ,Bicycle,E ,1,1,H,N,2,6,No control,9999,ALBERT,STREET,GISBORNE,STREET,0,E,29430,I,MELBOURNE,MELBOURNE,-37.80954,144.97565,3002
222156,T20150001495,22/01/2015,141840,23555,08.42.00,1,Collision with vehicle,5,Thursday,136,RIGHT TURN SIDESWIPE                    ,1,Day,2,2,1,0,0,1,1,Multiple intersection,2,Hospitilisation,70,A,S ,Bicycle,W ,2,2,H,F,2,6,Ped. crossing,9999,PEARL RIVER,ROAD,OBSERVATION,DRIVE,208,N,278920,I,MELBOURNE,MELBOURNE,-37.80978,144.9359,3008
225316,T20150004762,22/01/2015,141840,23555,08.30.00,1,Collision with vehicle,4,Thursday,163,VEHICLE STRIKES DOOR OF PARKED/STATIONARY VEHICLE      ,9,Unknown,2,3,0,1,0,2,2,Not at intersection,3,Other Injury,60,A,S ,Bicycle,S ,1,1,H,F,9,9,Stop-go lights,9999,LENNOX,STREET,GIPPS,STREET,54,S,286268,N,YARRA,YARRA,-37.82386,144.99361,3121
222322,T20150001681,24/01/2015,141840,23555,12.30.00,1,Collision with vehicle,7,Saturday,160,VEHICLE COLLIDES WITH VEHICLE PARKED ON LEFT OF ROAD    ,1,Day,2,2,1,0,0,1,2,Not at intersection,2,Hospitilisation,60,B,S ,Bicycle,S ,3,3,H,5,9,1,No control,5979,ROYAL,PARADE,ELIZABETH,STREET,77,N,281280,I,MELBOURNE,MELBOURNE,-37.79902,144.95764,3052
222365,T20150001739,25/01/2015,141840,23555,13.50.00,8,No collision and no object struck,1,Sunday,174,OUT OF CONTROL ON CARRIAGEWAY (ON STRAIGHT)         ,1,Day,2,3,0,1,0,2,1,Not at intersection,3,Other Injury,30,B,SE,Bicycle,SE,1,18,H,5,2,5,No control,9999,SWANSTON,STREET,LITTLE COLLINS,STREET,16,S,252788,N,MELBOURNE,MELBOURNE,-37.81465,144.96615,3000
222526,T20150001916,28/01/2015,141840,23555,08.30.00,1,Collision with vehicle,3,Wednesday,110,CROSS TRAFFIC(INTERSECTIONS ONLY)              ,1,Day,2,2,0,1,0,1,1,Cross intersection,3,Other Injury,40,B,S ,Bicycle,S ,1,1,H,F,2,4,No control,9999,PERRY,STREET,WELLINGTON,STREET,0,E,36629,I,YARRA,YARRA,-37.80016,144.98719,3066
222538,T20150001926,28/01/2015,141840,23555,09.13.00,1,Collision with vehicle,4,Wednesday,163,VEHICLE STRIKES DOOR OF PARKED/STATIONARY VEHICLE      ,1,Day,2,3,0,1,0,2,1,Not at intersection,3,Other Injury,40,B,SE,Bicycle,SE,1,1,H,F,2,2,No control,5044,FLEMINGTON,ROAD,HARCOURT,STREET,21,SE,282583,N,MELBOURNE,MELBOURNE,-37.79799,144.95323,3052
222648,T20150002037,29/01/2015,141840,23555,18.25.00,1,Collision with vehicle,5,Thursday,142,LEAVING PARKING                       ,1,Day,2,2,0,1,0,1,2,Not at intersection,3,Other Injury,40,A,NW,Bicycle,NW,1,1,H,5,2,6,No control,9999,QUEEN,STREET,LONSDALE,STREET,37,S,281543,N,MELBOURNE,MELBOURNE,-37.81332,144.95993,3000
222695,T20150002087,30/01/2015,141840,23555,08.28.00,1,Collision with vehicle,5,Friday,121,RIGHT THROUGH                        ,1,Day,2,2,0,1,0,1,1,T intersection,3,Other Injury,50,B,S ,Bicycle,S ,1,1,H,F,2,3,No control,9999,HARPER,STREET,NICHOLSON,STREET,0,W,178,I,YARRA,YARRA,-37.80381,144.99703,3067
222697,T20150002088,30/01/2015,141840,23555,08.17.00,1,Collision with vehicle,5,Friday,133,LANE SIDE SWIPE (VEHICLES IN PARALLEL LANES)        ,1,Day,2,2,0,1,0,1,1,Not at intersection,3,Other Injury,50,B,SE,Bicycle,SE,1,1,H,1,2,1,No control,9999,ST KILDA,ROAD,SOUTHBANK,PROMENADE BIKE,14,S,282561,N,MELBOURNE,MELBOURNE,-37.81983,144.96853,3006
233715,T20150013465,30/01/2015,141840,23555,16.45.00,1,Collision with vehicle,6,Friday,154,PULLING OUT -REAR END                    ,1,Day,2,2,0,1,0,1,2,Cross intersection,3,Other Injury,999,A,N ,Bicycle,N ,1,1,H,4,9,1,No control,5082,VICTORIA,STREET,RATHDOWNE,STREET,0,W,29397,I,MELBOURNE,MELBOURNE,-37.80729,144.96885,3053
233716,T20150013465,30/01/2015,141840,23555,16.45.00,1,Collision with vehicle,6,Friday,154,PULLING OUT -REAR END                    ,1,Day,2,2,0,1,0,1,2,Cross intersection,3,Other Injury,999,B,N ,Bicycle,N ,7,7,H,5,2,9,No control,5082,VICTORIA,STREET,RATHDOWNE,STREET,0,W,29397,I,MELBOURNE,MELBOURNE,-37.80729,144.96885,3053
222804,T20150002219,1/02/2015,141840,23555,11.26.00,1,Collision with vehicle,0,Sunday,136,RIGHT TURN SIDESWIPE                    ,1,Day,2,2,0,2,0,0,1,Cross intersection,3,Other Injury,60,B,W ,Bicycle,N ,2,2,H,4,2,2,Stop-go lights,9999,ARDEN,STREET,ERROL,STREET,0,W,36110,I,MELBOURNE,MELBOURNE,-37.80098,144.94999,3051
222890,T20150002327,3/02/2015,141840,23555,07.53.00,1,Collision with vehicle,3,Tuesday,121,RIGHT THROUGH                        ,2,Dusk/Dawn,2,2,0,1,0,1,1,T intersection,3,Other Injury,60,A,NW,Bicycle,NW,1,1,H,F,2,4,No control,5130,FERRARS,STREET,COVENTRY,STREET,0,N,35395,I,PORT PHILLIP,PORT PHILLIP,-37.83332,144.95511,3205
222997,T20150002420,4/02/2015,141840,23555,06.30.00,1,Collision with vehicle,4,Wednesday,110,CROSS TRAFFIC(INTERSECTIONS ONLY)              ,2,Dusk/Dawn,2,2,0,1,0,1,2,Cross intersection,3,Other Injury,40,B,SE,Bicycle,SE,1,1,H,8,2,5,Stop-go lights,9999,LA TROBE,STREET,SWANSTON,STREET,0,W,35358,I,MELBOURNE,MELBOURNE,-37.80959,144.96383,3000
222998,T20150002420,4/02/2015,141840,23555,06.30.00,1,Collision with vehicle,4,Wednesday,110,CROSS TRAFFIC(INTERSECTIONS ONLY)              ,2,Dusk/Dawn,2,2,0,1,0,1,2,Cross intersection,3,Other Injury,40,B,SE,Bicycle,SE,1,1,H,8,2,5,Stop-go lights,9999,LA TROBE,STREET,SWANSTON,STREET,0,W,35358,I,MELBOURNE,MELBOURNE,-37.80959,144.96383,3000
223010,T20150002429,4/02/2015,141840,23555,08.00.00,1,Collision with vehicle,4,Wednesday,163,VEHICLE STRIKES DOOR OF PARKED/STATIONARY VEHICLE      ,1,Day,4,4,3,0,0,1,1,Not at intersection,2,Hospitilisation,60,B,N ,Bicycle,N ,1,1,H,F,2,2,No control,5882,ST KILDA,ROAD,DORCAS,STREET,93,S,281765,N,PORT PHILLIP,PORT PHILLIP,-37.83074,144.97114,3004
223011,T20150002429,4/02/2015,141840,23555,08.00.00,1,Collision with vehicle,4,Wednesday,163,VEHICLE STRIKES DOOR OF PARKED/STATIONARY VEHICLE      ,1,Day,4,4,3,0,0,1,1,Not at intersection,2,Hospitilisation,60,C,N ,Bicycle,N ,1,1,H,F,2,2,No control,5882,ST KILDA,ROAD,DORCAS,STREET,93,S,281765,N,PORT PHILLIP,PORT PHILLIP,-37.83074,144.97114,3004
223012,T20150002429,4/02/2015,141840,23555,08.00.00,1,Collision with vehicle,4,Wednesday,163,VEHICLE STRIKES DOOR OF PARKED/STATIONARY VEHICLE      ,1,Day,4,4,3,0,0,1,1,Not at intersection,2,Hospitilisation,60,D,N ,Bicycle,N ,1,1,H,F,2,2,No control,5882,ST KILDA,ROAD,DORCAS,STREET,93,S,281765,N,PORT PHILLIP,PORT PHILLIP,-37.83074,144.97114,3004
223045,T20150002470,4/02/2015,141840,23555,17.40.00,1,Collision with vehicle,4,Wednesday,137,LEFT TURN SIDESWIPE                     ,1,Day,2,2,0,1,0,1,1,Not at intersection,3,Other Injury,40,B,N ,Bicycle,N ,1,1,H,F,2,1,No control,9999,NAPIER,STREET,WEBB,STREET,108,S,282411,N,YARRA,YARRA,-37.80473,144.97966,3065
223057,T20150002486,4/02/2015,141840,23555,18.50.00,1,Collision with vehicle,4,Wednesday,163,VEHICLE STRIKES DOOR OF PARKED/STATIONARY VEHICLE      ,1,Day,2,2,0,1,0,1,1,Not at intersection,3,Other Injury,40,B,NW,Bicycle,NW,1,1,H,F,2,1,Stop-go lights,9999,RUSSELL,STREET,BELMAN,PLACE,17,S,281828,N,MELBOURNE,MELBOURNE,-37.81136,144.96744,3000
224569,T20150004032,5/02/2015,141840,23555,08.15.00,1,Collision with vehicle,4,Thursday,123,RIGHT/LEFT. ONE VEH TURNING RIGHT THE OTHER LEFT.      ,1,Day,2,2,0,1,0,1,2,Cross intersection,3,Other Injury,60,B,W ,Bicycle,S ,3,3,H,F,2,1,Stop-go lights,9999,KAVANAGH,STREET,SOUTHBANK,BOULEVARD,0,N,57887,I,MELBOURNE,MELBOURNE,-37.82324,144.96518,3006