,ACCIDENT_NO,ACCIDENTDATE,CYCLISTS,CYCLISTS_COUNT_LS,ACCIDENTTIME,ACCIDENT_TYPE,ACCIDENT_TYPE_DESC,DAY_OF_WEEK,DAY_WEEK_DESC,DCA_CODE,DCA Description,LIGHT_CONDITION,LIGHT_CONDITION_DEC,NO_OF_VEHICLES,NO_PERSONS,NO_PERSONS_INJ_2,NO_PERSONS_INJ_3,NO_PERSONS_KILLED,NO_PERSONS_NOT_INJ,POLICE_ATTEND,ROAD_GEOMETRY_DESC,SEVERITY,SEVERITY_DESC,SPEED_ZONE,VEHICLE_ID,INITIAL_DIRECTION,Vehicle Type Desc,FINAL_DIRECTION,DRIVER_INTENT,VEHICLE_MOVEMENT,TRAILER_TYPE,INITIAL_IMPACT,LAMPS,LEVEL_OF_DAMAGE,TRAFFIC_CONTROL_DESC,ROAD_ROUTE_1,ROAD_NAME,ROAD_TYPE,ROAD_NAME_INT,ROAD_TYPE_INT,DISTANCE_LOCATION,DIRECTION_LOCATION,NODE_ID,NODE_TYPE,LGA_NAME,Lga Name All,Lat,Long,Postcode No
236075,T20150015850,7/02/2015,141840,23555,12.00.00,1,Collision with vehicle,7,Saturday,130,REAR END(VEHICLES IN SAME LANE)               ,1,Day,3,3,0,1,0,2,2,Not at intersection,3,Other Injury,50,A,S ,Bicycle,S ,1,1,H,F,2,1,No control,5979,ROYAL,PARADE,STORY,STREET,58,N,292279,N,MELBOURNE,MELBOURNE,-37.7966,144.95794,3052
236077,T20150015850,7/02/2015,141840,23555,12.00.00,1,Collision with vehicle,7,Saturday,130,REAR END(VEHICLES IN SAME LANE)               ,1,Day,3,3,0,1,0,2,2,Not at intersection,3,Other Injury,50,C,S ,Bicycle,S ,1,1,H,N,2,6,No control,5979,ROYAL,PARADE,STORY,STREET,58,N,292279,N,MELBOURNE,MELBOURNE,-37.7966,144.95794,3052
223664,T20150003115,9/02/2015,141840,23555,05.45.00,1,Collision with vehicle,2,Monday,147,VEHICLE STRIKES ANOTHER VEH WHILE EMERGING FROM DRIVEWAY,6,Dark Street lights unknown,2,2,1,0,0,1,2,Not at intersection,2,Hospitilisation,60,B,W ,Bicycle,W ,1,1,H,F,2,3,No control,5838,WILLIAMSTOWN,ROAD,BEACON,ROAD,40,W,287649,N,PORT PHILLIP,PORT PHILLIP,-37.83423,144.92888,3207
224179,T20150003623,10/02/2015,141840,23555,19.15.00,1,Collision with vehicle,3,Tuesday,148,VEHICLE OFF FOOTPATH STRIKES VEH ON CARRIAGEWAY,2,Dusk/Dawn,2,2,0,1,0,1,2,Cross intersection,3,Other Injury,40,A,E ,Bicycle,E ,1,1,H,4,2,6,Ped. crossing,9999,CECIL,STREET,COVENTRY,STREET,0,S,37507,I,PORT PHILLIP,PORT PHILLIP,-37.83261,144.95759,3205
223495,T20150002943,11/02/2015,141840,23555,06.35.00,1,Collision with vehicle,3,Wednesday,154,PULLING OUT -REAR END                    ,2,Dusk/Dawn,2,2,0,1,0,1,1,Not at intersection,3,Other Injury,40,A,W ,Bicycle,W ,7,7,H,1,1,6,Stop-go lights,5287,SWAN,STREET,CHURCH,STREET,12,W,282081,N,YARRA,YARRA,-37.82567,144.99779,3121
223504,T20150002951,11/02/2015,141840,23555,08.50.00,1,Collision with vehicle,4,Wednesday,148,VEHICLE OFF FOOTPATH STRIKES VEH ON CARRIAGEWAY,1,Day,2,2,1,0,0,1,1,T intersection,2,Hospitilisation,60,B,SE,Bicycle,SE,4,4,H,F,2,3,Out of order,2240,ALEXANDRA,AVENUE,LINLITHGOW,AVENUE,0,W,233985,I,MELBOURNE,MELBOURNE,-37.82163,144.97371,3004
223538,T20150002998,11/02/2015,141840,23555,16.50.00,8,No collision and no object struck,4,Wednesday,174,OUT OF CONTROL ON CARRIAGEWAY (ON STRAIGHT)         ,1,Day,2,2,0,1,0,1,1,Multiple intersection,3,Other Injury,40,A,SW,Bicycle,SW,1,1,H,N,2,9,Stop-go lights,9999,EXHIBITION,STREET,LA TROBE,STREET,0,N,29396,I,MELBOURNE,MELBOURNE,-37.80816,144.96874,3000
223539,T20150002998,11/02/2015,141840,23555,16.50.00,8,No collision and no object struck,4,Wednesday,174,OUT OF CONTROL ON CARRIAGEWAY (ON STRAIGHT)         ,1,Day,2,2,0,1,0,1,1,Multiple intersection,3,Other Injury,40,A,SW,Bicycle,SW,1,1,H,N,2,9,Stop-go lights,9999,EXHIBITION,STREET,LA TROBE,STREET,0,N,29396,I,MELBOURNE,MELBOURNE,-37.80816,144.96874,3000
224071,T20150003517,11/02/2015,141840,23555,07.40.00,1,Collision with vehicle,4,Wednesday,143,ENTERING PARKING                      ,2,Dusk/Dawn,2,2,1,0,0,1,2,Not at intersection,2,Hospitilisation,60,A,SE,Bicycle,SE,1,1,H,1,9,9,No control,5044,FLEMINGTON,ROAD,HARKER,STREET,67,SE,282484,N,MELBOURNE,MELBOURNE,-37.7969,144.95188,3052
223625,T20150003083,12/02/2015,141840,23555,07.30.00,1,Collision with vehicle,5,Thursday,137,LEFT TURN SIDESWIPE                     ,2,Dusk/Dawn,2,2,0,1,0,1,2,Cross intersection,3,Other Injury,40,A,SW,Bicycle,SW,1,1,H,F,0,2,Stop-go lights,9999,LA TROBE,STREET,QUEEN,STREET,0,W,65772,I,MELBOURNE,MELBOURNE,-37.81104,144.95889,3000
223626,T20150003083,12/02/2015,141840,23555,07.30.00,1,Collision with vehicle,5,Thursday,137,LEFT TURN SIDESWIPE                     ,2,Dusk/Dawn,2,2,0,1,0,1,2,Cross intersection,3,Other Injury,40,A,SW,Bicycle,SW,1,1,H,F,0,2,Stop-go lights,9999,LA TROBE,STREET,QUEEN,STREET,0,W,65772,I,MELBOURNE,MELBOURNE,-37.81104,144.95889,3000
223920,T20150003365,14/02/2015,141840,23555,19.10.00,1,Collision with vehicle,7,Saturday,163,VEHICLE STRIKES DOOR OF PARKED/STATIONARY VEHICLE      ,2,Dusk/Dawn,2,3,0,1,0,2,2,Not at intersection,3,Other Injury,50,A,S ,Bicycle,S ,1,15,H,F,2,1,No control,9999,LYGON,STREET,TYNE,STREET,18,N,282483,N,MELBOURNE,MELBOURNE,-37.79785,144.96743,3053
224089,T20150003532,16/02/2015,141840,23555,21.00.00,1,Collision with vehicle,1,Monday,142,LEAVING PARKING                       ,3,Dark Street lights on,2,2,0,1,0,1,2,Not at intersection,3,Other Injury,70,A,N ,Bicycle,N ,1,1,H,F,1,1,No control,2080,HODDLE,STREET,STUDLEY,STREET,9,N,287162,N,YARRA,YARRA,-37.80111,144.99277,3067
224010,T20150003455,17/02/2015,141840,23555,06.55.00,1,Collision with vehicle,3,Tuesday,140,U TURN                           ,2,Dusk/Dawn,2,2,1,0,0,1,1,Not at intersection,2,Hospitilisation,60,B,SW,Bicycle,SW,1,1,H,1,9,6,No control,5838,WILLIAMSTOWN,ROAD,EMERY,STREET,57,W,288331,N,PORT PHILLIP,PORT PHILLIP,-37.83514,144.92419,3207
224175,T20150003618,17/02/2015,141840,23555,17.05.00,1,Collision with vehicle,3,Tuesday,133,LANE SIDE SWIPE (VEHICLES IN PARALLEL LANES)        ,1,Day,2,2,0,1,0,1,2,Not at intersection,3,Other Injury,40,B,W ,Bicycle,W ,1,1,H,1,0,3,No control,5082,VICTORIA,STREET,THERRY,STREET,15,E,289696,N,MELBOURNE,MELBOURNE,-37.80656,144.96201,3053
224941,T20150004399,17/02/2015,141840,23555,17.00.00,1,Collision with vehicle,3,Tuesday,110,CROSS TRAFFIC(INTERSECTIONS ONLY)              ,1,Day,2,2,1,0,0,1,2,Cross intersection,2,Hospitilisation,50,B,NE,Bicycle,NE,1,1,H,9,9,5,Roundabout,9999,DORCAS,STREET,MORAY,STREET,0,W,37556,I,PORT PHILLIP,PORT PHILLIP,-37.83229,144.96305,3205
224210,T20150003652,19/02/2015,141840,23555,21.46.00,1,Collision with vehicle,5,Thursday,110,CROSS TRAFFIC(INTERSECTIONS ONLY)              ,3,Dark Street lights on,2,2,0,1,0,1,1,Cross intersection,3,Other Injury,40,B,NW,Bicycle,NW,1,1,H,F,2,2,Stop-go lights,9999,ELIZABETH,STREET,LA TROBE,STREET,0,N,65743,I,MELBOURNE,MELBOURNE,-37.81032,144.96136,3000
224211,T20150003652,19/02/2015,141840,23555,21.46.00,1,Collision with vehicle,5,Thursday,110,CROSS TRAFFIC(INTERSECTIONS ONLY)              ,3,Dark Street lights on,2,2,0,1,0,1,1,Cross intersection,3,Other Injury,40,B,NW,Bicycle,NW,1,1,H,F,2,2,Stop-go lights,9999,ELIZABETH,STREET,LA TROBE,STREET,0,N,65743,I,MELBOURNE,MELBOURNE,-37.81032,144.96136,3000
224406,T20150003854,22/02/2015,141840,23555,12.44.00,4,Collision with a fixed object,1,Sunday,173,RIGHT OFF CARRIAGEWAY INTO OBJECT/PARKED VEHICLE      ,1,Day,1,1,0,1,0,0,1,Cross intersection,3,Other Injury,40,B,SW,Bicycle,SW,1,1,H,5,2,6,Stop-go lights,5061,SPENCER,STREET,FLINDERS,STREET,0,S,35349,I,MELBOURNE,MELBOURNE,-37.8211,144.95507,3008
224407,T20150003854,22/02/2015,141840,23555,12.44.00,4,Collision with a fixed object,1,Sunday,173,RIGHT OFF CARRIAGEWAY INTO OBJECT/PARKED VEHICLE      ,1,Day,1,1,0,1,0,0,1,Cross intersection,3,Other Injury,40,B,SW,Bicycle,SW,1,1,H,5,2,6,Stop-go lights,5061,SPENCER,STREET,FLINDERS,STREET,0,S,35349,I,MELBOURNE,MELBOURNE,-37.8211,144.95507,3008
225023,T20150004493,22/02/2015,141840,23555,11.45.00,8,No collision and no object struck,1,Sunday,170,OFF CARRIAGEWAY TO LEFT                   ,1,Day,1,1,1,0,0,0,2,Cross intersection,2,Hospitilisation,50,A,NE,Bicycle,N ,1,18,H,N,9,9,No control,9999,PALMERSTON,CRESCENT,PARK,STREET,0,N,37580,I,PORT PHILLIP,PORT PHILLIP,-37.83273,144.97022,3205
224445,T20150003894,23/02/2015,141840,23555,07.45.00,1,Collision with vehicle,2,Monday,133,LANE SIDE SWIPE (VEHICLES IN PARALLEL LANES)        ,2,Dusk/Dawn,2,3,1,0,0,2,1,Not at intersection,2,Hospitilisation,40,B,NE,Bicycle,NE,99,99,H,8,2,5,No control,9999,LONSDALE,STREET,SPRING,STREET,83,W,281213,N,MELBOURNE,MELBOURNE,-37.80966,144.97125,3000
224566,T20150004028,24/02/2015,141840,23555,19.20.00,1,Collision with vehicle,3,Tuesday,137,LEFT TURN SIDESWIPE                     ,2,Dusk/Dawn,2,3,1,0,0,2,1,Cross intersection,2,Hospitilisation,40,B,SW,Bicycle,SW,1,1,H,1,2,9,Stop-go lights,5041,KING,STREET,LA TROBE,STREET,0,S,65831,I,MELBOURNE,MELBOURNE,-37.81247,144.95392,3003
224567,T20150004028,24/02/2015,141840,23555,19.20.00,1,Collision with vehicle,3,Tuesday,137,LEFT TURN SIDESWIPE                     ,2,Dusk/Dawn,2,3,1,0,0,2,1,Cross intersection,2,Hospitilisation,40,B,SW,Bicycle,SW,1,1,H,1,2,9,Stop-go lights,5041,KING,STREET,LA TROBE,STREET,0,S,65831,I,MELBOURNE,MELBOURNE,-37.81247,144.95392,3003
224608,T20150004073,25/02/2015,141840,23555,14.20.00,1,Collision with vehicle,3,Wednesday,163,VEHICLE STRIKES DOOR OF PARKED/STATIONARY VEHICLE      ,1,Day,2,2,0,1,0,1,1,Not at intersection,3,Other Injury,40,B,NE,Bicycle,NE,1,1,H,F,2,1,No control,9999,COLLINS,STREET,ELIZABETH,STREET,102,W,282616,N,MELBOURNE,MELBOURNE,-37.81653,144.96298,3000
224661,T20150004125,25/02/2015,141840,23555,16.12.00,1,Collision with vehicle,4,Wednesday,148,VEHICLE OFF FOOTPATH STRIKES VEH ON CARRIAGEWAY,1,Day,2,2,0,1,0,1,2,Not at intersection,3,Other Injury,888,A,E ,Bicycle,E ,1,1,H,F,2,1,Ped. lights,9999,QUEENS BRIDGE,STREET,SOUTHBANK,PROMENADE BIKE,0,N,220,N,MELBOURNE,MELBOURNE,-37.82098,144.96139,3006
224680,T20150004147,25/02/2015,141840,23555,10.00.00,1,Collision with vehicle,4,Wednesday,163,VEHICLE STRIKES DOOR OF PARKED/STATIONARY VEHICLE      ,1,Day,2,3,0,1,0,2,2,Cross intersection,3,Other Injury,40,A,SE,Bicycle,SE,1,1,H,F,0,1,Stop-go lights,9999,COLLINS,STREET,ELIZABETH,STREET,0,E,35360,I,MELBOURNE,MELBOURNE,-37.81622,144.96407,3000
224685,T20150004150,25/02/2015,141840,23555,11.45.00,1,Collision with vehicle,4,Wednesday,163,VEHICLE STRIKES DOOR OF PARKED/STATIONARY VEHICLE      ,1,Day,2,2,0,1,0,1,1,Not at intersection,3,Other Injury,40,B,NW,Bicycle,NW,1,1,H,F,2,2,No control,5041,KING,STREET,LITTLE BOURKE,STREET,28,S,282636,N,MELBOURNE,MELBOURNE,-37.81564,144.95539,3000
224692,T20150004154,26/02/2015,141840,23555,11.45.00,1,Collision with vehicle,5,Thursday,121,RIGHT THROUGH                        ,1,Day,2,2,1,0,0,1,1,Cross intersection,2,Hospitilisation,40,B,SW,Bicycle,SW,1,1,H,F,2,1,Stop-go lights,5061,SPENCER,STREET,LA TROBE,STREET,0,S,65851,I,MELBOURNE,MELBOURNE,-37.81317,144.95144,3008
224693,T20150004154,26/02/2015,141840,23555,11.45.00,1,Collision with vehicle,5,Thursday,121,RIGHT THROUGH                        ,1,Day,2,2,1,0,0,1,1,Cross intersection,2,Hospitilisation,40,B,SW,Bicycle,SW,1,1,H,F,2,1,Stop-go lights,5061,SPENCER,STREET,LA TROBE,STREET,0,S,65851,I,MELBOURNE,MELBOURNE,-37.81317,144.95144,3008
225264,T20150004718,26/02/2015,141840,23555,13.10.00,1,Collision with vehicle,5,Thursday,145,REVERSING IN STREAM OF TRAFFIC               ,1,Day,2,2,0,2,0,0,2,T intersection,3,Other Injury,30,B,S ,Bicycle,S ,1,1,H,5,2,6,No control,5499,CHURCH,STREET,HOWARD,STREET,1,S,286286,N,YARRA,YARRA,-37.83286,144.9967,3121
225621,T20150005097,26/02/2015,141840,23555,21.23.00,1,Collision with vehicle,4,Thursday,163,VEHICLE STRIKES DOOR OF PARKED/STATIONARY VEHICLE      ,9,Unknown,2,2,0,2,0,0,2,Not at intersection,3,Other Injury,999,B,E ,Bicycle,E ,1,1,H,F,9,9,No control,5082,VICTORIA,STREET,COBDEN,STREET,19,W,286440,N,MELBOURNE,MELBOURNE,-37.80598,144.9569,3051
224763,T20150004225,27/02/2015,141840,23555,09.05.00,1,Collision with vehicle,6,Friday,116,LEFT NEAR (INTERSECTIONS ONLY)               ,1,Day,2,2,0,1,0,1,1,T intersection,3,Other Injury,40,B,S ,Bicycle,S ,1,1,H,5,2,1,No control,9999,ADDERLEY,STREET,BATMAN,STREET,0,NW,65795,I,MELBOURNE,MELBOURNE,-37.81165,144.94825,3008
224889,T20150004348,27/02/2015,141840,23555,09.20.00,1,Collision with vehicle,6,Friday,160,VEHICLE COLLIDES WITH VEHICLE PARKED ON LEFT OF ROAD    ,1,Day,2,2,0,1,0,1,2,T intersection,3,Other Injury,50,A,N ,Bicycle,N ,1,1,H,F,2,1,Unknown,5065,PEEL,STREET,COURTNEY,STREET,0,S,266024,I,MELBOURNE,MELBOURNE,-37.80368,144.95638,3051
224943,T20150004400,1/03/2015,141840,23555,10.07.00,8,No collision and no object struck,1,Sunday,174,OUT OF CONTROL ON CARRIAGEWAY (ON STRAIGHT)         ,1,Day,2,2,0,1,0,1,1,Cross intersection,3,Other Injury,40,B,SE,Bicycle,SE,1,17,H,N,2,6,Stop-go lights,5130,FERRARS,STREET,YORK,STREET,0,N,37491,I,PORT PHILLIP,PORT PHILLIP,-37.83221,144.95459,3205
225115,T20150004583,3/03/2015,141840,23555,16.45.00,1,Collision with vehicle,3,Tuesday,163,VEHICLE STRIKES DOOR OF PARKED/STATIONARY VEHICLE      ,1,Day,2,2,0,1,0,1,2,T intersection,3,Other Injury,40,A,S ,Bicycle,S ,1,1,H,N,0,6,No control,9999,NICHOLSON,STREET,LITTLE CHARLES,CLOSE,5,S,286630,N,YARRA,YARRA,-37.80901,144.99615,3067
225232,T20150004697,3/03/2015,141840,23555,17.40.00,1,Collision with vehicle,2,Tuesday,163,VEHICLE STRIKES DOOR OF PARKED/STATIONARY VEHICLE      ,9,Unknown,3,3,0,2,0,1,2,Not at intersection,3,Other Injury,60,B,SE,Bicycle,SE,1,1,H,F,2,3,No control,5882,ST KILDA,ROAD,ALBERT,ROAD,31,SE,286404,N,MELBOURNE,MELBOURNE,-37.83354,144.97353,3004
225233,T20150004697,3/03/2015,141840,23555,17.40.00,1,Collision with vehicle,2,Tuesday,163,VEHICLE STRIKES DOOR OF PARKED/STATIONARY VEHICLE      ,9,Unknown,3,3,0,2,0,1,2,Not at intersection,3,Other Injury,60,C,SE,Bicycle,SE,1,1,H,F,2,1,No control,5882,ST KILDA,ROAD,ALBERT,ROAD,31,SE,286404,N,MELBOURNE,MELBOURNE,-37.83354,144.97353,3004
225297,T20150004742,3/03/2015,141840,23555,18.30.00,1,Collision with vehicle,3,Tuesday,130,REAR END(VEHICLES IN SAME LANE)               ,2,Dusk/Dawn,2,2,0,1,0,1,2,Not at intersection,3,Other Injury,70,B,S ,Bicycle,S ,1,1,H,4,2,9,Unknown,2080,HODDLE,STREET,HOTHAM,STREET,44,S,287641,N,YARRA,YARRA,-37.79746,144.99336,3067
234175,T20150013939,3/03/2015,141840,23555,17.00.00,1,Collision with vehicle,3,Tuesday,121,RIGHT THROUGH                        ,2,Dusk/Dawn,2,2,1,0,0,1,2,Not at intersection,2,Hospitilisation,60,B,N ,Bicycle,N ,1,1,H,F,9,1,Unknown,5490,CHAPEL,STREET,ALEXANDRA,AVENUE,45,S,291600,N,STONNINGTON,STONNINGTON,-37.83524,144.99648,3141
225182,T20150004653,4/03/2015,141840,23555,14.44.00,1,Collision with vehicle,4,Wednesday,130,REAR END(VEHICLES IN SAME LANE)               ,1,Day,4,4,1,1,0,2,1,Cross intersection,2,Hospitilisation,40,D,E ,Bicycle,E ,1,8,H,R,2,2,Stop-go lights,9999,BOUVERIE,STREET,QUEENSBERRY,STREET,0,N,36258,I,MELBOURNE,MELBOURNE,-37.80439,144.96178,3053
228884,T20150008427,4/03/2015,141840,23555,14.00.00,8,No collision and no object struck,4,Wednesday,174,OUT OF CONTROL ON CARRIAGEWAY (ON STRAIGHT)         ,1,Day,1,1,1,0,0,0,2,Not at intersection,2,Hospitilisation,999,A,SW,Bicycle,SW,1,1,H,N,2,1,No control,9999,LA TROBE,STREET,HARBOUR,ESPLANADE,83,E,288299,N,MELBOURNE,MELBOURNE,-37.81474,144.9459,3008
226437,T20150005881,5/03/2015,141840,23555,23.40.00,1,Collision with vehicle,5,Thursday,163,VEHICLE STRIKES DOOR OF PARKED/STATIONARY VEHICLE      ,3,Dark Street lights on,2,2,0,1,0,1,2,Not at intersection,3,Other Injury,50,A,NE,Bicycle,NE,1,1,H,F,9,1,No control,9999,COLLINS,STREET,RUSSELL,STREET,35,E,286874,N,MELBOURNE,MELBOURNE,-37.81466,144.96937,3000
225396,T20150004844,6/03/2015,141840,23555,17.17.00,1,Collision with vehicle,6,Friday,121,RIGHT THROUGH                        ,3,Dark Street lights on,2,2,1,0,0,1,1,Cross intersection,2,Hospitilisation,50,B,N ,Bicycle,N ,1,1,H,F,2,2,Stop-go lights,9999,LANGRIDGE,STREET,WELLINGTON,STREET,0,W,29405,I,YARRA,YARRA,-37.80659,144.98608,3066
226987,T20150006412,6/03/2015,141840,23555,10.45.00,1,Collision with vehicle,6,Friday,148,VEHICLE OFF FOOTPATH STRIKES VEH ON CARRIAGEWAY,1,Day,2,2,0,1,0,1,2,T intersection,3,Other Injury,60,A,NW,Bicycle,NW,1,1,H,F,2,1,Stop-go lights,2510,KINGS,WAY,DORCAS,STREET,0,NW,29394,I,MELBOURNE,"PORT PHILLIP,MELBOURNE",-37.83144,144.96598,3205
225470,T20150004923,7/03/2015,141840,23555,08.30.00,8,No collision and no object struck,7,Saturday,170,OFF CARRIAGEWAY TO LEFT                   ,1,Day,2,2,1,0,0,1,2,Not at intersection,2,Hospitilisation,50,A,W ,Bicycle,W ,1,1,H,N,2,1,No control,9999,GRATTAN,STREET,ELIZABETH,STREET,43,E,286355,N,MELBOURNE,MELBOURNE,-37.79977,144.95804,3052
225482,T20150004934,7/03/2015,141840,23555,11.13.00,8,No collision and no object struck,7,Saturday,174,OUT OF CONTROL ON CARRIAGEWAY (ON STRAIGHT)         ,1,Day,2,2,1,0,0,1,2,Not at intersection,2,Hospitilisation,40,A,NE,Bicycle,NE,1,1,H,N,2,2,No control,9999,LITTLE COLLINS,STREET,CLYDE,WAY,12,W,286354,N,MELBOURNE,MELBOURNE,-37.81514,144.9639,3000
225521,T20150004979,8/03/2015,141840,23555,12.21.00,1,Collision with vehicle,1,Sunday,137,LEFT TURN SIDESWIPE                     ,1,Day,2,3,0,1,0,2,2,T intersection,3,Other Injury,40,B,NE,Bicycle,NE,1,1,H,F,0,2,No control,9999,LA TROBE,STREET,SUTHERLAND,STREET,3,E,287755,N,MELBOURNE,MELBOURNE,-37.81054,144.96059,3000
225522,T20150004979,8/03/2015,141840,23555,12.21.00,1,Collision with vehicle,1,Sunday,137,LEFT TURN SIDESWIPE                     ,1,Day,2,3,0,1,0,2,2,T intersection,3,Other Injury,40,B,NE,Bicycle,NE,1,1,H,F,0,2,No control,9999,LA TROBE,STREET,SUTHERLAND,STREET,3,E,287755,N,MELBOURNE,MELBOURNE,-37.81054,144.96059,3000
225596,T20150005064,9/03/2015,141840,23555,12.00.00,1,Collision with vehicle,2,Monday,163,VEHICLE STRIKES DOOR OF PARKED/STATIONARY VEHICLE      ,1,Day,2,2,0,1,0,1,2,Not at intersection,3,Other Injury,999,B,S ,Bicycle,S ,1,1,H,5,2,1,No control,9999,BRUNSWICK,STREET,LEICESTER,STREET,18,N,286492,N,YARRA,YARRA,-37.79521,144.979,3065
225820,T20150005291,12/03/2015,141840,23555,12.53.00,1,Collision with vehicle,5,Thursday,163,VEHICLE STRIKES DOOR OF PARKED/STATIONARY VEHICLE      ,1,Day,2,2,0,1,0,1,1,Not at intersection,3,Other Injury,40,B,SE,Bicycle,SE,1,1,H,F,2,1,Stop-go lights,5041,KING,STREET,LITTLE BOURKE,STREET,40,N,287259,N,MELBOURNE,MELBOURNE,-37.81506,144.95512,3000
226212,T20150005691,13/03/2015,141840,23555,17.30.00,1,Collision with vehicle,6,Friday,110,CROSS TRAFFIC(INTERSECTIONS ONLY)              ,2,Dusk/Dawn,2,2,0,1,0,1,2,Cross intersection,3,Other Injury,50,B,N ,Bicycle,N ,1,1,H,1,2,1,No control,9999,MATER,STREET,WELLINGTON,STREET,0,W,36619,I,YARRA,YARRA,-37.79566,144.98795,3066
226075,T20150005556,16/03/2015,141840,23555,10.09.00,1,Collision with vehicle,1,Monday,133,LANE SIDE SWIPE (VEHICLES IN PARALLEL LANES)        ,1,Day,2,2,0,1,0,1,1,T intersection,3,Other Injury,40,B,NE,Bicycle,NE,6,6,H,1,2,1,Stop-go lights,9999,FLINDERS,STREET,OLIVER,LANE,0,W,65987,I,MELBOURNE,MELBOURNE,-37.81661,144.97035,3000
226076,T20150005556,16/03/2015,141840,23555,10.09.00,1,Collision with vehicle,1,Monday,133,LANE SIDE SWIPE (VEHICLES IN PARALLEL LANES)        ,1,Day,2,2,0,1,0,1,1,T intersection,3,Other Injury,40,B,NE,Bicycle,NE,6,6,H,1,2,1,Stop-go lights,9999,FLINDERS,STREET,OLIVER,LANE,0,W,65987,I,MELBOURNE,MELBOURNE,-37.81661,144.97035,3000
226106,T20150005585,16/03/2015,141840,23555,10.40.00,1,Collision with vehicle,2,Monday,143,ENTERING PARKING                      ,1,Day,2,2,1,0,0,1,2,Not at intersection,2,Hospitilisation,999,B,N ,Bicycle,N ,1,1,H,F,9,9,No control,9999,ST KILDA,ROAD,ALEXANDRA,AVENUE,152,S,291054,N,MELBOURNE,MELBOURNE,-37.82204,144.96933,3006
226250,T20150005731,16/03/2015,141840,23555,09.30.00,8,No collision and no object struck,2,Monday,174,OUT OF CONTROL ON CARRIAGEWAY (ON STRAIGHT)         ,1,Day,1,1,0,1,0,0,2,Not at intersection,3,Other Injury,40,A,NW,Bicycle,NW,6,6,H,N,9,1,No control,9999,SWANSTON,STREET,TURNER,ALLEY,31,N,286898,N,MELBOURNE,MELBOURNE,-37.81299,144.96539,3000
226507,T20150005943,16/03/2015,141840,23555,07.30.00,1,Collision with vehicle,2,Monday,163,VEHICLE STRIKES DOOR OF PARKED/STATIONARY VEHICLE      ,2,Dusk/Dawn,2,2,1,0,0,1,2,Not at intersection,2,Hospitilisation,60,A,SW,Bicycle,SW,1,1,H,5,2,9,No control,9999,PARK,STREET,HOWE,CRESCENT,32,W,287648,N,PORT PHILLIP,PORT PHILLIP,-37.83633,144.95777,3205
226303,T20150005773,18/03/2015,141840,23555,18.20.00,1,Collision with vehicle,3,Wednesday,121,RIGHT THROUGH                        ,2,Dusk/Dawn,2,2,0,1,0,1,1,T intersection,3,Other Injury,40,B,S ,Bicycle,S ,1,1,H,F,2,1,No control,5499,CHURCH,STREET,ELM,GROVE,0,N,37209,I,YARRA,YARRA,-37.82438,144.99816,3121
226971,T20150006398,18/03/2015,141840,23555,18.40.00,8,No collision and no object struck,4,Wednesday,174,OUT OF CONTROL ON CARRIAGEWAY (ON STRAIGHT)         ,2,Dusk/Dawn,2,2,1,0,0,1,2,Cross intersection,2,Hospitilisation,50,B,N ,Bicycle,N ,1,13,H,N,1,6,Stop-go lights,9999,CANNING,STREET,ELGIN,STREET,0,S,36399,I,MELBOURNE,MELBOURNE,-37.79774,144.97289,3053
226822,T20150006275,20/03/2015,141840,23555,22.30.00,1,Collision with vehicle,6,Friday,147,VEHICLE STRIKES ANOTHER VEH WHILE EMERGING FROM DRIVEWAY,6,Dark Street lights unknown,2,2,0,1,0,1,2,Not at intersection,3,Other Injury,60,B,W ,Bicycle,W ,1,1,H,F,1,2,No control,9999,VICTORIA,STREET,RODEN,STREET,15,W,287084,N,MELBOURNE,MELBOURNE,-37.80527,144.95056,3003
226628,T20150006070,22/03/2015,141840,23555,14.00.00,1,Collision with vehicle,1,Sunday,135,LANE CHANGE LEFT (NOT OVERTAKING)              ,1,Day,2,2,0,1,0,1,1,Not at intersection,3,Other Injury,40,B,E ,Bicycle,E ,1,1,H,4,2,5,No control,5853,JOHNSTON,STREET,PARK,STREET,70,E,287257,N,YARRA,YARRA,-37.80015,144.99616,3067
226668,T20150006101,22/03/2015,141840,23555,17.50.00,1,Collision with vehicle,1,Sunday,160,VEHICLE COLLIDES WITH VEHICLE PARKED ON LEFT OF ROAD    ,2,Dusk/Dawn,14,10,1,1,0,8,1,Not at intersection,2,Hospitilisation,40,N,E ,Bicycle,E ,11,11,H,F,2,5,No control,5853,JOHNSTON,STREET,BRUNSWICK,STREET,18,W,291719,N,YARRA,YARRA,-37.79832,144.97826,3065
226994,T20150006416,22/03/2015,141840,23555,18.15.00,1,Collision with vehicle,0,Sunday,163,VEHICLE STRIKES DOOR OF PARKED/STATIONARY VEHICLE      ,2,Dusk/Dawn,2,2,0,1,0,1,2,Cross intersection,3,Other Injury,60,B,S ,Bicycle,S ,1,1,H,F,2,2,No control,5979,ROYAL,PARADE,ELIZABETH,STREET,3,N,292598,N,MELBOURNE,MELBOURNE,-37.79969,144.95756,3052