,ACCIDENT_NO,ACCIDENTDATE,CYCLISTS,CYCLISTS_COUNT_LS,ACCIDENTTIME,ACCIDENT_TYPE,ACCIDENT_TYPE_DESC,DAY_OF_WEEK,DAY_WEEK_DESC,DCA_CODE,DCA Description,LIGHT_CONDITION,LIGHT_CONDITION_DEC,NO_OF_VEHICLES,NO_PERSONS,NO_PERSONS_INJ_2,NO_PERSONS_INJ_3,NO_PERSONS_KILLED,NO_PERSONS_NOT_INJ,POLICE_ATTEND,ROAD_GEOMETRY_DESC,SEVERITY,SEVERITY_DESC,SPEED_ZONE,VEHICLE_ID,INITIAL_DIRECTION,Vehicle Type Desc,FINAL_DIRECTION,DRIVER_INTENT,VEHICLE_MOVEMENT,TRAILER_TYPE,INITIAL_IMPACT,LAMPS,LEVEL_OF_DAMAGE,TRAFFIC_CONTROL_DESC,ROAD_ROUTE_1,ROAD_NAME,ROAD_TYPE,ROAD_NAME_INT,ROAD_TYPE_INT,DISTANCE_LOCATION,DIRECTION_LOCATION,NODE_ID,NODE_TYPE,LGA_NAME,Lga Name All,Lat,Long,Postcode No
226702,T20150006144,23/03/2015,141840,23555,08.35.00,1,Collision with vehicle,2,Monday,121,RIGHT THROUGH                        ,1,Day,2,2,1,0,0,1,1,T intersection,2,Hospitilisation,40,B,S ,Bicycle,S ,1,1,H,F,2,1,No control,9999,HARPER,STREET,NICHOLSON,STREET,0,W,178,I,YARRA,YARRA,-37.80381,144.99703,3067
226839,T20150006287,24/03/2015,141840,23555,17.38.00,1,Collision with vehicle,3,Tuesday,110,CROSS TRAFFIC(INTERSECTIONS ONLY)              ,2,Dusk/Dawn,2,2,1,0,0,1,1,Cross intersection,2,Hospitilisation,50,B,W ,Bicycle,W ,1,1,H,1,1,2,No control,9999,ARDEN,STREET,LOTHIAN,STREET,0,W,36096,I,MELBOURNE,MELBOURNE,-37.80042,144.94494,3051
226855,T20150006302,24/03/2015,141840,23555,14.47.00,1,Collision with vehicle,3,Tuesday,147,VEHICLE STRIKES ANOTHER VEH WHILE EMERGING FROM DRIVEWAY,1,Day,2,2,0,1,0,1,1,T intersection,3,Other Injury,70,B,S ,Bicycle,S ,1,1,H,1,2,1,No control,2080,HODDLE,STREET,YORK,STREET,10,S,288219,N,MELBOURNE,"MELBOURNE,YARRA",-37.81297,144.99078,3121
226871,T20150006313,24/03/2015,141840,23555,18.45.00,1,Collision with vehicle,3,Tuesday,163,VEHICLE STRIKES DOOR OF PARKED/STATIONARY VEHICLE      ,3,Dark Street lights on,2,4,0,1,0,3,2,Not at intersection,3,Other Injury,40,A,W ,Bicycle,W ,1,1,H,F,9,1,No control,5287,SWAN,STREET,BYRON,STREET,24,E,287132,N,YARRA,YARRA,-37.82533,144.99478,3121
226879,T20150006325,25/03/2015,141840,23555,07.55.00,1,Collision with vehicle,4,Wednesday,163,VEHICLE STRIKES DOOR OF PARKED/STATIONARY VEHICLE      ,2,Dusk/Dawn,2,2,0,1,0,1,1,T intersection,3,Other Injury,60,B,E ,Bicycle,E ,1,1,H,F,9,1,No control,5082,VICTORIA PARADE -VICTORIA,STREET,SPRING,STREET,0,W,287185,I,MELBOURNE,MELBOURNE,-37.80756,144.97141,3053
227191,T20150006627,28/03/2015,141840,23555,19.34.00,1,Collision with vehicle,7,Saturday,137,LEFT TURN SIDESWIPE                     ,3,Dark Street lights on,2,2,1,0,0,1,1,T intersection,2,Hospitilisation,50,B,N ,Bicycle,N ,1,1,H,F,1,1,No control,9999,SMITH,STREET,ROSE,STREET,0,S,36584,I,YARRA,YARRA,-37.79657,144.98468,3066
233651,T20150013392,28/03/2015,141840,23555,20.45.00,4,Collision with a fixed object,6,Saturday,171,LEFT OFF CARRIAGEWAY INTO OBJECT/PARKED VEHICLE       ,2,Dusk/Dawn,1,1,1,0,0,0,2,Not at intersection,2,Hospitilisation,999,A,SE,Bicycle,SE,1,18,H,1,1,6,No control,9999,ST KILDA,ROAD,SOUTHBANK,PROMENADE BIKE,11,N,290826,N,MELBOURNE,MELBOURNE,-37.81962,144.96843,3006
227442,T20150006860,31/03/2015,141840,23555,17.30.00,1,Collision with vehicle,2,Tuesday,121,RIGHT THROUGH                        ,2,Dusk/Dawn,2,2,0,1,0,1,1,T intersection,3,Other Injury,60,B,NW,Bicycle,NW,1,1,H,F,2,3,No control,5068,MACAULAY,ROAD,GRACIE,STREET,0,SE,29371,I,MELBOURNE,MELBOURNE,-37.79638,144.93997,3051
237386,T20150017266,1/04/2015,141840,23555,06.45.00,8,No collision and no object struck,4,Wednesday,198,OTHER ACCIDENTS NOT CLASSIFIABLE ELSEWHERE         ,2,Dusk/Dawn,1,1,1,0,0,0,2,Cross intersection,2,Hospitilisation,40,A,NW,Bicycle,NW,8,8,H,R,0,1,No control,9999,SWANSTON,STREET,FLINDERS,LANE,8,S,293011,N,MELBOURNE,MELBOURNE,-37.81655,144.96702,3000
227514,T20150006952,2/04/2015,141840,23555,07.15.00,8,No collision and no object struck,4,Thursday,170,OFF CARRIAGEWAY TO LEFT                   ,2,Dusk/Dawn,1,1,0,1,0,0,1,Not at intersection,3,Other Injury,60,A,W ,Bicycle,W ,1,18,H,N,2,6,No control,5103,WELLINGTON,PARADE,JOLIMONT,ROAD,81,E,296233,N,MELBOURNE,MELBOURNE,-37.81581,144.98002,3002
227563,T20150007023,2/04/2015,141840,23555,18.05.00,1,Collision with vehicle,5,Thursday,163,VEHICLE STRIKES DOOR OF PARKED/STATIONARY VEHICLE      ,2,Dusk/Dawn,2,3,0,1,0,2,1,Cross intersection,3,Other Injury,40,A,NE,Bicycle,NE,1,1,H,F,2,1,No control,9999,FLINDERS,STREET,QUEENS BRIDGE,STREET,0,W,35356,I,MELBOURNE,MELBOURNE,-37.8193,144.96109,3000
227564,T20150007023,2/04/2015,141840,23555,18.05.00,1,Collision with vehicle,5,Thursday,163,VEHICLE STRIKES DOOR OF PARKED/STATIONARY VEHICLE      ,2,Dusk/Dawn,2,3,0,1,0,2,1,Cross intersection,3,Other Injury,40,A,NE,Bicycle,NE,1,1,H,F,2,1,No control,9999,FLINDERS,STREET,QUEENS BRIDGE,STREET,0,W,35356,I,MELBOURNE,MELBOURNE,-37.8193,144.96109,3000
228395,T20150007926,2/04/2015,141840,23555,20.00.00,1,Collision with vehicle,5,Thursday,163,VEHICLE STRIKES DOOR OF PARKED/STATIONARY VEHICLE      ,6,Dark Street lights unknown,2,2,0,1,0,1,2,Cross intersection,3,Other Injury,40,B,SW,Bicycle,SW,1,1,H,5,2,6,No control,9999,EXHIBITION,STREET,LA TROBE,STREET,0,N,29396,I,MELBOURNE,MELBOURNE,-37.80816,144.96874,3000
228396,T20150007926,2/04/2015,141840,23555,20.00.00,1,Collision with vehicle,5,Thursday,163,VEHICLE STRIKES DOOR OF PARKED/STATIONARY VEHICLE      ,6,Dark Street lights unknown,2,2,0,1,0,1,2,Cross intersection,3,Other Injury,40,B,SW,Bicycle,SW,1,1,H,5,2,6,No control,9999,EXHIBITION,STREET,LA TROBE,STREET,0,N,29396,I,MELBOURNE,MELBOURNE,-37.80816,144.96874,3000
230147,T20150009715,6/04/2015,141840,23555,10.30.00,8,No collision and no object struck,2,Monday,174,OUT OF CONTROL ON CARRIAGEWAY (ON STRAIGHT)         ,1,Day,1,1,0,1,0,0,2,Cross intersection,3,Other Injury,40,A,E ,Bicycle,E ,3,3,H,N,9,1,Giveway sign,2510,KINGS,WAY,ALBERT,ROAD,0,NW,370,I,PORT PHILLIP,PORT PHILLIP,-37.83507,144.97113,3205
227997,T20150007514,7/04/2015,141840,23555,09.40.00,1,Collision with vehicle,3,Tuesday,137,LEFT TURN SIDESWIPE                     ,1,Day,2,2,0,1,0,1,2,Cross intersection,3,Other Injury,60,A,S ,Bicycle,S ,1,1,H,4,9,6,Stop-go lights,5066,DRYBURGH,STREET,MACAULAY,ROAD,0,S,29373,I,MELBOURNE,MELBOURNE,-37.8003,144.94398,3051
227957,T20150007476,8/04/2015,141840,23555,17.00.00,1,Collision with vehicle,4,Wednesday,143,ENTERING PARKING                      ,2,Dusk/Dawn,2,2,1,0,0,1,2,Not at intersection,2,Hospitilisation,40,A,SW,Bicycle,SW,1,1,H,1,9,6,No control,9999,COLLINS,STREET,REGENT,PLACE,68,E,287718,N,MELBOURNE,MELBOURNE,-37.81505,144.96804,3000
227925,T20150007434,9/04/2015,141840,23555,07.01.00,1,Collision with vehicle,5,Thursday,133,LANE SIDE SWIPE (VEHICLES IN PARALLEL LANES)        ,2,Dusk/Dawn,2,2,1,0,0,1,1,Not at intersection,2,Hospitilisation,60,B,E ,Bicycle,E ,1,1,H,1,2,1,No control,5083,VICTORIA,PARADE,ISLINGTON,STREET,39,E,287977,N,YARRA,YARRA,-37.80957,144.9909,3066
231146,T20150010758,9/04/2015,141840,23555,07.30.00,1,Collision with vehicle,5,Thursday,137,LEFT TURN SIDESWIPE                     ,2,Dusk/Dawn,2,2,0,1,0,1,2,T intersection,3,Other Injury,40,A,SE,Bicycle,SE,1,15,H,1,2,5,No control,9999,WILLIAM,STREET,ABECKETT,STREET,0,N,36847,I,MELBOURNE,MELBOURNE,-37.81067,144.95594,3003
228000,T20150007516,10/04/2015,141840,23555,08.15.00,1,Collision with vehicle,6,Friday,137,LEFT TURN SIDESWIPE                     ,1,Day,2,3,0,1,0,2,1,T intersection,3,Other Injury,60,B,S ,Bicycle,S ,1,1,H,1,2,2,No control,9999,FRANKLIN,STREET,WILLIAM,STREET,0,W,53272,I,MELBOURNE,MELBOURNE,-37.80968,144.95548,3003
228002,T20150007518,10/04/2015,141840,23555,10.00.00,1,Collision with vehicle,6,Friday,137,LEFT TURN SIDESWIPE                     ,1,Day,2,4,0,1,0,3,1,Not at intersection,3,Other Injury,60,B,NW,Bicycle,NW,1,18,H,F,0,5,No control,5044,FLEMINGTON,ROAD,GRATTAN,STREET,24,SE,288142,N,MELBOURNE,MELBOURNE,-37.7999,144.9551,3051
245285,T20150025394,10/04/2015,141840,23555,19.00.00,1,Collision with vehicle,5,Friday,116,LEFT NEAR (INTERSECTIONS ONLY)               ,2,Dusk/Dawn,2,2,0,1,0,1,2,T intersection,3,Other Injury,50,A,N ,Bicycle,N ,1,1,H,8,2,5,No control,9999,CANNING,STREET,MACARTHUR N,PLACE,0,S,299183,I,MELBOURNE,MELBOURNE,-37.79832,144.97279,3053
228101,T20150007627,11/04/2015,141840,23555,16.05.00,1,Collision with vehicle,7,Saturday,121,RIGHT THROUGH                        ,1,Day,2,2,1,0,0,1,1,Cross intersection,2,Hospitilisation,60,B,NE,Bicycle,NE,1,1,H,F,2,2,Stop-go lights,5318,CLARENDON,STREET,CITY,ROAD,0,N,36875,I,MELBOURNE,MELBOURNE,-37.82764,144.9581,3006
228207,T20150007756,13/04/2015,141840,23555,21.00.00,1,Collision with vehicle,1,Monday,137,LEFT TURN SIDESWIPE                     ,3,Dark Street lights on,2,2,0,2,0,0,2,T intersection,3,Other Injury,60,C,E ,Bicycle,E ,1,1,H,F,2,1,No control,9999,ALBERT,LANE,ALBERT,STREET,3,N,287884,N,MELBOURNE,MELBOURNE,-37.81074,144.98667,3002
229991,T20150009568,14/04/2015,141840,23555,19.00.00,1,Collision with vehicle,3,Tuesday,121,RIGHT THROUGH                        ,2,Dusk/Dawn,2,2,1,0,0,1,2,Cross intersection,2,Hospitilisation,999,B,NW,Bicycle,NW,1,1,H,F,2,9,Stop-go lights,9999,DOCKLANDS,DRIVE,PEARL RIVER,ROAD,0,SW,229065,I,MELBOURNE,MELBOURNE,-37.81482,144.93771,3008
228403,T20150007932,15/04/2015,141840,23555,17.30.00,1,Collision with vehicle,3,Wednesday,121,RIGHT THROUGH                        ,2,Dusk/Dawn,2,2,0,1,0,1,1,Not at intersection,3,Other Injury,50,B,NE,Bicycle,NE,1,1,H,F,2,3,No control,9999,KAVANAGH,STREET,POWER,STREET,76,SW,287984,N,MELBOURNE,MELBOURNE,-37.82517,144.96306,3006
228597,T20150008119,16/04/2015,141840,23555,18.00.00,1,Collision with vehicle,5,Thursday,163,VEHICLE STRIKES DOOR OF PARKED/STATIONARY VEHICLE      ,2,Dusk/Dawn,2,3,0,1,0,2,2,Not at intersection,3,Other Injury,60,B,N ,Bicycle,N ,1,1,H,F,2,9,No control,5490,CHAPEL,STREET,ALEXANDRA,AVENUE,22,S,289805,N,STONNINGTON,STONNINGTON,-37.83504,144.99652,3141
228540,T20150008061,17/04/2015,141840,23555,09.00.00,8,No collision and no object struck,6,Friday,174,OUT OF CONTROL ON CARRIAGEWAY (ON STRAIGHT)         ,1,Day,1,1,0,1,0,0,2,T intersection,3,Other Injury,40,A,S ,Bicycle,S ,1,1,H,N,2,2,No control,9999,HARPER,STREET,NICHOLSON,STREET,0,W,178,I,YARRA,YARRA,-37.80381,144.99703,3067
228753,T20150008273,17/04/2015,141840,23555,18.30.00,1,Collision with vehicle,6,Friday,163,VEHICLE STRIKES DOOR OF PARKED/STATIONARY VEHICLE      ,3,Dark Street lights on,2,2,1,0,0,1,2,Not at intersection,2,Hospitilisation,999,B,E ,Bicycle,NK,1,1,H,N,1,6,No control,9999,COLLINS,STREET,MANCHESTER,LANE,67,W,189521,N,MELBOURNE,MELBOURNE,-37.81593,144.96503,3000
228688,T20150008203,18/04/2015,141840,23555,17.30.00,1,Collision with vehicle,7,Saturday,163,VEHICLE STRIKES DOOR OF PARKED/STATIONARY VEHICLE      ,2,Dusk/Dawn,2,4,0,1,0,3,1,Not at intersection,3,Other Injury,40,B,W ,Bicycle,W ,1,1,H,F,2,1,No control,5853,JOHNSTON,STREET,LULIE,STREET,17,W,289927,N,YARRA,YARRA,-37.80002,144.99476,3067
229133,T20150008647,24/04/2015,141840,23555,15.45.00,1,Collision with vehicle,6,Friday,110,CROSS TRAFFIC(INTERSECTIONS ONLY)              ,1,Day,2,2,0,1,0,1,1,Cross intersection,3,Other Injury,40,A,W ,Bicycle,W ,1,1,H,5,0,6,Stop-go lights,2997,BATMAN,AVENUE,FLINDERS,STREET,0,NW,36992,I,MELBOURNE,MELBOURNE,-37.81601,144.97238,3000
229134,T20150008647,24/04/2015,141840,23555,15.45.00,1,Collision with vehicle,6,Friday,110,CROSS TRAFFIC(INTERSECTIONS ONLY)              ,1,Day,2,2,0,1,0,1,1,Cross intersection,3,Other Injury,40,A,W ,Bicycle,W ,1,1,H,5,0,6,Stop-go lights,2997,BATMAN,AVENUE,FLINDERS,STREET,0,NW,36992,I,MELBOURNE,MELBOURNE,-37.81601,144.97238,3000
229142,T20150008651,24/04/2015,141840,23555,17.00.00,1,Collision with vehicle,6,Friday,133,LANE SIDE SWIPE (VEHICLES IN PARALLEL LANES)        ,1,Day,2,2,0,1,0,1,2,Not at intersection,3,Other Injury,60,B,W ,Bicycle,NK,1,99,H,5,2,1,No control,5082,VICTORIA,STREET,LA TROBE,STREET,39,W,288298,N,MELBOURNE,MELBOURNE,-37.80745,144.97026,3053
229179,T20150008678,24/04/2015,141840,23555,18.37.00,1,Collision with vehicle,6,Friday,121,RIGHT THROUGH                        ,3,Dark Street lights on,2,2,0,1,0,1,1,T intersection,3,Other Injury,50,B,SE,Bicycle,SE,1,1,H,F,1,4,No control,9999,SWALLOW,STREET,STATION,STREET,0,SE,250261,I,PORT PHILLIP,PORT PHILLIP,-37.83801,144.93678,3207
229391,T20150008950,28/04/2015,141840,23555,14.10.00,1,Collision with vehicle,3,Tuesday,143,ENTERING PARKING                      ,1,Day,2,2,0,1,0,1,1,Not at intersection,3,Other Injury,60,B,SE,Bicycle,SE,1,1,H,1,2,1,No control,5882,ST KILDA,ROAD,SLATER,STREET,158,N,288543,N,MELBOURNE,MELBOURNE,-37.83766,144.97631,3004
229405,T20150008961,28/04/2015,141840,23555,12.50.00,1,Collision with vehicle,3,Tuesday,160,VEHICLE COLLIDES WITH VEHICLE PARKED ON LEFT OF ROAD    ,1,Day,3,3,0,1,0,2,1,Cross intersection,3,Other Injury,999,C,E ,Bicycle,E ,1,18,H,F,2,6,No control,9999,BERKELEY,STREET,QUEENSBERRY,STREET,0,N,31046,I,MELBOURNE,MELBOURNE,-37.80414,144.95949,3053
229477,T20150009038,28/04/2015,141840,23555,21.20.00,1,Collision with vehicle,2,Tuesday,153,CUTTING IN (OVERTAKING)                   ,3,Dark Street lights on,2,2,0,1,0,1,2,T intersection,3,Other Injury,60,A,S ,Bicycle,S ,1,1,H,F,1,6,Stop-go lights,5083,VICTORIA,PARADE,SMITH,STREET,0,W,36576,I,YARRA,YARRA,-37.80873,144.98259,3066
229543,T20150009094,29/04/2015,141840,23555,18.00.00,1,Collision with vehicle,4,Wednesday,137,LEFT TURN SIDESWIPE                     ,2,Dusk/Dawn,2,2,0,1,0,1,2,T intersection,3,Other Injury,40,B,S ,Bicycle,S ,1,1,H,1,2,3,No control,9999,HOTHAM,STREET,SMITH,STREET,0,W,36590,I,YARRA,YARRA,-37.79619,144.98475,3066
229538,T20150009089,30/04/2015,141840,23555,06.00.00,1,Collision with vehicle,5,Thursday,148,VEHICLE OFF FOOTPATH STRIKES VEH ON CARRIAGEWAY,3,Dark Street lights on,2,2,0,1,0,1,1,T intersection,3,Other Injury,50,B,S ,Bicycle,S ,1,1,H,5,1,4,No control,2080,PUNT,ROAD,SHERWOOD,STREET,0,S,54908,I,MELBOURNE,"MELBOURNE,YARRA",-37.81842,144.98989,3121
229562,T20150009124,30/04/2015,141840,23555,09.11.00,1,Collision with vehicle,5,Thursday,137,LEFT TURN SIDESWIPE                     ,1,Day,2,2,0,1,0,1,1,Cross intersection,3,Other Injury,40,B,SE,Bicycle,SE,1,1,H,F,2,2,Stop-go lights,9999,FLINDERS,STREET,WILLIAM,STREET,0,W,29420,I,MELBOURNE,MELBOURNE,-37.81961,144.96002,3000
229563,T20150009124,30/04/2015,141840,23555,09.11.00,1,Collision with vehicle,5,Thursday,137,LEFT TURN SIDESWIPE                     ,1,Day,2,2,0,1,0,1,1,Cross intersection,3,Other Injury,40,B,SE,Bicycle,SE,1,1,H,F,2,2,Stop-go lights,9999,FLINDERS,STREET,WILLIAM,STREET,0,W,29420,I,MELBOURNE,MELBOURNE,-37.81961,144.96002,3000
230186,T20150009752,30/04/2015,141840,23555,08.00.00,1,Collision with vehicle,4,Thursday,137,LEFT TURN SIDESWIPE                     ,1,Day,2,2,0,1,0,1,2,Not at intersection,3,Other Injury,60,B,S ,Bicycle,S ,1,1,H,F,2,3,No control,5882,ST KILDA,ROAD,SLATER,STREET,102,N,290062,N,MELBOURNE,MELBOURNE,-37.83815,144.97648,3004
271128,T20160026407,30/04/2015,141840,23555,12.00.00,1,Collision with vehicle,5,Thursday,133,LANE SIDE SWIPE (VEHICLES IN PARALLEL LANES)        ,1,Day,2,2,0,1,0,1,9,Not at intersection,3,Other Injury,40,A,W ,Bicycle,W ,1,1,H,4,9,9,No control,9999,COLLINS,STREET,ALFRED,PLACE,14,E,311547,N,MELBOURNE,MELBOURNE,-37.81437,144.97038,3000
230432,T20150010056,1/05/2015,141840,23555,13.20.00,1,Collision with vehicle,6,Friday,148,VEHICLE OFF FOOTPATH STRIKES VEH ON CARRIAGEWAY,1,Day,2,2,0,1,0,1,2,Cross intersection,3,Other Injury,999,A,NW,Bicycle,NW,1,1,H,F,9,9,Ped. crossing,9999,GATEHOUSE,STREET,HARKER,STREET,19,NE,246508,I,MELBOURNE,MELBOURNE,-37.79647,144.95133,3052
230939,T20150010586,1/05/2015,141840,23555,08.50.00,1,Collision with vehicle,6,Friday,148,VEHICLE OFF FOOTPATH STRIKES VEH ON CARRIAGEWAY,1,Day,2,2,0,1,0,1,2,Cross intersection,3,Other Injury,60,B,N ,Bicycle,N ,1,1,H,5,2,2,Ped. lights,2120,WURUNDJERI,WAY,BATMANS HILL,DRIVE,0,W,57709,I,MELBOURNE,MELBOURNE,-37.82241,144.95004,3008
231583,T20150011161,1/05/2015,141840,23555,21.30.00,8,No collision and no object struck,5,Friday,170,OFF CARRIAGEWAY TO LEFT                   ,3,Dark Street lights on,2,2,1,0,0,1,9,Not at intersection,2,Hospitilisation,40,A,N ,Bicycle,N ,1,18,H,9,9,6,No control,5065,PEEL,STREET,HARBISON,LANE,50,N,289632,N,MELBOURNE,MELBOURNE,-37.80728,144.95576,3003
229848,T20150009417,4/05/2015,141840,23555,21.15.00,1,Collision with vehicle,2,Monday,163,VEHICLE STRIKES DOOR OF PARKED/STATIONARY VEHICLE      ,3,Dark Street lights on,2,2,0,1,0,1,1,Not at intersection,3,Other Injury,50,B,S ,Bicycle,S ,1,1,H,F,1,6,No control,9999,WILLIAM,STREET,LITTLE COLLINS,STREET,24,S,288726,N,MELBOURNE,MELBOURNE,-37.81686,144.95875,3000
229887,T20150009451,5/05/2015,141840,23555,09.50.00,1,Collision with vehicle,2,Tuesday,148,VEHICLE OFF FOOTPATH STRIKES VEH ON CARRIAGEWAY,1,Day,2,2,1,0,0,1,1,Not at intersection,2,Hospitilisation,999,B,E ,Bicycle,E ,1,1,H,F,9,1,Stop-go lights,9999,WATERFRONT,WAY,FOOTSCRAY,ROAD,42,SW,289338,N,MELBOURNE,MELBOURNE,-37.81085,144.93886,3008
229972,T20150009548,6/05/2015,141840,23555,08.46.00,1,Collision with vehicle,4,Wednesday,136,RIGHT TURN SIDESWIPE                    ,1,Day,2,2,0,1,0,1,1,T intersection,3,Other Injury,40,B,NE,Bicycle,SE,2,2,H,1,2,6,Roundabout,9999,FRANKLIN,STREET,QUEEN,STREET,0,SW,250803,I,MELBOURNE,MELBOURNE,-37.80869,144.95781,3000
230015,T20150009586,6/05/2015,141840,23555,17.49.00,1,Collision with vehicle,4,Wednesday,110,CROSS TRAFFIC(INTERSECTIONS ONLY)              ,3,Dark Street lights on,2,2,0,1,0,1,1,Cross intersection,3,Other Injury,50,B,NE,Bicycle,NE,1,1,H,5,2,1,Roundabout,9999,BRIDGE,STREET,PRINCES,STREET,0,NW,66708,I,PORT PHILLIP,PORT PHILLIP,-37.83563,144.94169,3207
230092,T20150009673,7/05/2015,141840,23555,17.30.00,1,Collision with vehicle,5,Thursday,152,PULLING OUT (OVERTAKING)                  ,2,Dusk/Dawn,2,2,0,1,0,1,1,T intersection,3,Other Injury,50,B,E ,Bicycle,E ,7,7,H,F,9,3,No control,9999,CAMBRIDGE,STREET,STANLEY,STREET,0,S,65390,I,YARRA,YARRA,-37.80226,144.98593,3066
230284,T20150009867,7/05/2015,141840,23555,09.00.00,1,Collision with vehicle,5,Thursday,137,LEFT TURN SIDESWIPE                     ,1,Day,2,2,0,1,0,1,2,Cross intersection,3,Other Injury,60,B,E ,Bicycle,E ,1,1,H,F,0,1,No control,9999,BERKELEY,STREET,QUEENSBERRY,STREET,0,N,31046,I,MELBOURNE,MELBOURNE,-37.80414,144.95949,3053
230252,T20150009815,10/05/2015,141840,23555,00.55.00,1,Collision with vehicle,1,Sunday,110,CROSS TRAFFIC(INTERSECTIONS ONLY)              ,3,Dark Street lights on,2,3,0,1,0,2,1,Cross intersection,3,Other Injury,40,B,SE,Bicycle,SE,1,1,H,F,1,2,Stop-go lights,9999,FLINDERS,LANE,SWANSTON,STREET,0,E,35364,I,MELBOURNE,MELBOURNE,-37.81649,144.96699,3000
230262,T20150009840,10/05/2015,141840,23555,09.45.00,8,No collision and no object struck,1,Sunday,174,OUT OF CONTROL ON CARRIAGEWAY (ON STRAIGHT)         ,1,Day,1,1,0,1,0,0,1,Not at intersection,3,Other Injury,40,A,NW,Bicycle,NW,6,6,H,N,2,6,No control,9999,SWANSTON,STREET,FLINDERS,STREET,43,N,288938,N,MELBOURNE,MELBOURNE,-37.81709,144.96727,3000
230365,T20150009980,12/05/2015,141840,23555,11.05.00,1,Collision with vehicle,2,Tuesday,116,LEFT NEAR (INTERSECTIONS ONLY)               ,1,Day,2,2,1,0,0,1,1,T intersection,2,Hospitilisation,60,B,NW,Bicycle,NW,1,1,H,5,0,6,No control,5044,FLEMINGTON,ROAD,ERROL,STREET,0,SE,289044,N,MELBOURNE,MELBOURNE,-37.79639,144.95067,3051
230519,T20150010143,12/05/2015,141840,23555,08.45.00,8,No collision and no object struck,3,Tuesday,170,OFF CARRIAGEWAY TO LEFT                   ,1,Day,1,1,0,1,0,0,2,Cross intersection,3,Other Injury,40,A,SW,Bicycle,SW,6,1,H,F,2,2,Stop-go lights,9999,LITTLE BOURKE,STREET,WILLIAM,STREET,0,E,36851,I,MELBOURNE,MELBOURNE,-37.8147,144.95776,3000
230604,T20150010229,12/05/2015,141840,23555,15.10.00,1,Collision with vehicle,3,Tuesday,137,LEFT TURN SIDESWIPE                     ,9,Unknown,2,2,0,1,0,1,2,Not at intersection,3,Other Injury,999,B,W ,Bicycle,W ,99,99,H,1,2,6,No control,9999,LA TROBE,STREET,PARK,STREET,14,W,289875,N,MELBOURNE,MELBOURNE,-37.81222,144.9548,3003
230605,T20150010229,12/05/2015,141840,23555,15.10.00,1,Collision with vehicle,3,Tuesday,137,LEFT TURN SIDESWIPE                     ,9,Unknown,2,2,0,1,0,1,2,Not at intersection,3,Other Injury,999,B,W ,Bicycle,W ,99,99,H,1,2,6,No control,9999,LA TROBE,STREET,PARK,STREET,14,W,289875,N,MELBOURNE,MELBOURNE,-37.81222,144.9548,3003
230431,T20150010055,13/05/2015,141840,23555,09.00.00,2,Struck Pedestrian,3,Wednesday,100,PED NEAR SIDE. PED HIT BY VEHICLE FROM THE RIGHT.      ,1,Day,1,2,0,1,0,1,2,Cross intersection,3,Other Injury,40,A,SW,Bicycle,SW,1,1,H,F,2,2,Stop-go lights,9999,EXHIBITION,STREET,FLINDERS,LANE,0,N,35367,I,MELBOURNE,MELBOURNE,-37.81502,144.97192,3000
230557,T20150010182,13/05/2015,141840,23555,16.15.00,1,Collision with vehicle,3,Wednesday,163,VEHICLE STRIKES DOOR OF PARKED/STATIONARY VEHICLE      ,2,Dusk/Dawn,2,2,0,1,0,1,2,Cross intersection,3,Other Injury,50,A,W ,Bicycle,W ,1,1,H,F,9,6,No control,5035,DYNON,ROAD,SPENCER,STREET,0,W,36090,I,MELBOURNE,MELBOURNE,-37.80544,144.94305,3003
244680,T20150024837,13/05/2015,141840,23555,13.55.00,1,Collision with vehicle,4,Wednesday,133,LANE SIDE SWIPE (VEHICLES IN PARALLEL LANES)        ,1,Day,2,2,1,0,0,1,1,Not at intersection,2,Hospitilisation,40,A,N ,Bicycle,N ,1,1,H,4,2,1,No control,5490,CHAPEL,STREET,TOORAK,ROAD,37,N,296937,N,STONNINGTON,STONNINGTON,-37.83917,144.99568,3141
230506,T20150010126,14/05/2015,141840,23555,09.40.00,1,Collision with vehicle,5,Thursday,137,LEFT TURN SIDESWIPE                     ,1,Day,2,2,0,1,0,1,1,T intersection,3,Other Injury,40,B,NW,Bicycle,NW,1,1,H,1,2,1,Stop-go lights,9999,SPRING,STREET,FLINDERS,LANE,0,N,35369,I,MELBOURNE,MELBOURNE,-37.8143,144.97441,3002
230507,T20150010126,14/05/2015,141840,23555,09.40.00,1,Collision with vehicle,5,Thursday,137,LEFT TURN SIDESWIPE                     ,1,Day,2,2,0,1,0,1,1,T intersection,3,Other Injury,40,B,NW,Bicycle,NW,1,1,H,1,2,1,Stop-go lights,9999,SPRING,STREET,FLINDERS,LANE,0,N,35369,I,MELBOURNE,MELBOURNE,-37.8143,144.97441,3002