,ACCIDENT_NO,ACCIDENTDATE,CYCLISTS,CYCLISTS_COUNT_LS,ACCIDENTTIME,ACCIDENT_TYPE,ACCIDENT_TYPE_DESC,DAY_OF_WEEK,DAY_WEEK_DESC,DCA_CODE,DCA Description,LIGHT_CONDITION,LIGHT_CONDITION_DEC,NO_OF_VEHICLES,NO_PERSONS,NO_PERSONS_INJ_2,NO_PERSONS_INJ_3,NO_PERSONS_KILLED,NO_PERSONS_NOT_INJ,POLICE_ATTEND,ROAD_GEOMETRY_DESC,SEVERITY,SEVERITY_DESC,SPEED_ZONE,VEHICLE_ID,INITIAL_DIRECTION,Vehicle Type Desc,FINAL_DIRECTION,DRIVER_INTENT,VEHICLE_MOVEMENT,TRAILER_TYPE,INITIAL_IMPACT,LAMPS,LEVEL_OF_DAMAGE,TRAFFIC_CONTROL_DESC,ROAD_ROUTE_1,ROAD_NAME,ROAD_TYPE,ROAD_NAME_INT,ROAD_TYPE_INT,DISTANCE_LOCATION,DIRECTION_LOCATION,NODE_ID,NODE_TYPE,LGA_NAME,Lga Name All,Lat,Long,Postcode No
230532,T20150010155,14/05/2015,141840,23555,12.15.00,1,Collision with vehicle,5,Thursday,133,LANE SIDE SWIPE (VEHICLES IN PARALLEL LANES)        ,1,Day,2,2,0,1,0,1,2,Not at intersection,3,Other Injury,40,B,NW,Bicycle,NW,1,1,H,4,2,1,No control,9999,WILLIAM,STREET,COLLINS,STREET,41,S,290194,N,MELBOURNE,MELBOURNE,-37.81799,144.95927,3000
230549,T20150010173,14/05/2015,141840,23555,18.20.00,1,Collision with vehicle,5,Thursday,121,RIGHT THROUGH                        ,3,Dark Street lights on,2,2,0,1,0,1,1,T intersection,3,Other Injury,40,B,E ,Bicycle,E ,1,1,H,F,2,1,No control,9999,LA TROBE,STREET,SUTHERLAND,STREET,4,W,289120,N,MELBOURNE,MELBOURNE,-37.81056,144.96051,3000
230550,T20150010173,14/05/2015,141840,23555,18.20.00,1,Collision with vehicle,5,Thursday,121,RIGHT THROUGH                        ,3,Dark Street lights on,2,2,0,1,0,1,1,T intersection,3,Other Injury,40,B,E ,Bicycle,E ,1,1,H,F,2,1,No control,9999,LA TROBE,STREET,SUTHERLAND,STREET,4,W,289120,N,MELBOURNE,MELBOURNE,-37.81056,144.96051,3000
230865,T20150010516,18/05/2015,141840,23555,18.15.00,1,Collision with vehicle,2,Monday,163,VEHICLE STRIKES DOOR OF PARKED/STATIONARY VEHICLE      ,3,Dark Street lights on,2,4,0,1,0,3,1,Not at intersection,3,Other Injury,40,B,NE,Bicycle,NE,1,1,H,F,9,1,No control,9999,COLLINS,STREET,COLLINS,PLACE,58,W,289279,N,MELBOURNE,MELBOURNE,-37.81375,144.97249,3000
230885,T20150010534,18/05/2015,141840,23555,15.13.00,1,Collision with vehicle,1,Monday,163,VEHICLE STRIKES DOOR OF PARKED/STATIONARY VEHICLE      ,1,Day,2,2,0,1,0,1,2,Not at intersection,3,Other Injury,40,B,E ,Bicycle,E ,1,1,H,F,2,1,No control,5853,JOHNSTON,STREET,FITZROY,STREET,48,W,289287,N,YARRA,YARRA,-37.79816,144.97684,3065
231096,T20150010721,18/05/2015,141840,23555,11.45.00,1,Collision with vehicle,2,Monday,110,CROSS TRAFFIC(INTERSECTIONS ONLY)              ,1,Day,2,2,0,1,0,1,2,Cross intersection,3,Other Injury,40,B,W ,Bicycle,W ,1,1,H,R,2,1,Roundabout,9999,DRUMMOND,STREET,PELHAM,STREET,0,N,36353,I,MELBOURNE,MELBOURNE,-37.80298,144.96805,3053
230961,T20150010611,19/05/2015,141840,23555,19.15.00,1,Collision with vehicle,3,Tuesday,163,VEHICLE STRIKES DOOR OF PARKED/STATIONARY VEHICLE      ,3,Dark Street lights on,2,3,0,1,0,2,1,Not at intersection,3,Other Injury,40,B,NE,Bicycle,NE,1,1,H,F,2,6,Stop-go lights,9999,COLLINS,STREET,ELIZABETH,STREET,15,W,289329,N,MELBOURNE,MELBOURNE,-37.81626,144.9639,3000
231165,T20150010772,19/05/2015,141840,23555,19.00.00,1,Collision with vehicle,3,Tuesday,163,VEHICLE STRIKES DOOR OF PARKED/STATIONARY VEHICLE      ,6,Dark Street lights unknown,2,3,0,1,0,2,2,Not at intersection,3,Other Injury,40,B,S ,Bicycle,S ,1,1,H,F,2,9,No control,9999,SMITH,STREET,ST DAVID,STREET,19,S,289691,N,YARRA,YARRA,-37.80139,144.98385,3066
231102,T20150010726,20/05/2015,141840,23555,19.20.00,1,Collision with vehicle,4,Wednesday,148,VEHICLE OFF FOOTPATH STRIKES VEH ON CARRIAGEWAY,3,Dark Street lights on,2,2,0,1,0,1,1,Cross intersection,3,Other Injury,60,B,W ,Bicycle,W ,1,1,H,5,1,1,Stop-go lights,5882,ST KILDA,ROAD,DOMAIN,ROAD,0,SE,290543,N,PORT PHILLIP,PORT PHILLIP,-37.8329,144.97208,3004
232060,T20150011693,20/05/2015,141840,23555,16.00.00,1,Collision with vehicle,4,Wednesday,121,RIGHT THROUGH                        ,2,Dusk/Dawn,2,2,0,1,0,1,2,Cross intersection,3,Other Injury,40,A,S ,Bicycle,S ,1,1,H,F,2,1,Stop-go lights,5853,JOHNSTON,STREET,GEORGE,STREET,0,W,36533,I,YARRA,YARRA,-37.7987,144.98188,3065
233768,T20150013521,20/05/2015,141840,23555,08.45.00,1,Collision with vehicle,4,Wednesday,121,RIGHT THROUGH                        ,1,Day,2,2,0,1,0,1,2,Cross intersection,3,Other Injury,50,B,S ,Bicycle,S ,1,1,H,F,2,1,Stop-go lights,5325,CITY,ROAD,CECIL,STREET,0,SW,36862,I,PORT PHILLIP,PORT PHILLIP,-37.82934,144.95608,3006
231191,T20150010808,21/05/2015,141840,23555,16.09.00,1,Collision with vehicle,5,Thursday,137,LEFT TURN SIDESWIPE                     ,2,Dusk/Dawn,2,2,0,1,0,1,1,Cross intersection,3,Other Injury,40,B,NE,Bicycle,NE,1,1,H,1,2,6,Stop-go lights,9999,ELIZABETH,STREET,LA TROBE,STREET,0,N,65743,I,MELBOURNE,MELBOURNE,-37.81032,144.96136,3000
231192,T20150010808,21/05/2015,141840,23555,16.09.00,1,Collision with vehicle,5,Thursday,137,LEFT TURN SIDESWIPE                     ,2,Dusk/Dawn,2,2,0,1,0,1,1,Cross intersection,3,Other Injury,40,B,NE,Bicycle,NE,1,1,H,1,2,6,Stop-go lights,9999,ELIZABETH,STREET,LA TROBE,STREET,0,N,65743,I,MELBOURNE,MELBOURNE,-37.81032,144.96136,3000
231520,T20150011106,21/05/2015,141840,23555,19.30.00,1,Collision with vehicle,5,Thursday,163,VEHICLE STRIKES DOOR OF PARKED/STATIONARY VEHICLE      ,3,Dark Street lights on,2,2,0,1,0,1,2,T intersection,3,Other Injury,999,B,NK,Bicycle,NK,1,1,H,F,2,1,No control,9999,SPRING,STREET,THROSSELL,LANE,0,S,289622,I,MELBOURNE,MELBOURNE,-37.81483,144.97466,3002
231521,T20150011106,21/05/2015,141840,23555,19.30.00,1,Collision with vehicle,5,Thursday,163,VEHICLE STRIKES DOOR OF PARKED/STATIONARY VEHICLE      ,3,Dark Street lights on,2,2,0,1,0,1,2,T intersection,3,Other Injury,999,B,NK,Bicycle,NK,1,1,H,F,2,1,No control,9999,SPRING,STREET,THROSSELL,LANE,0,S,289622,I,MELBOURNE,MELBOURNE,-37.81483,144.97466,3002
231257,T20150010867,22/05/2015,141840,23555,11.00.00,1,Collision with vehicle,6,Friday,137,LEFT TURN SIDESWIPE                     ,1,Day,2,2,0,1,0,1,1,Cross intersection,3,Other Injury,60,B,S ,Bicycle,S ,1,1,H,F,2,3,Stop-go lights,9999,LINLITHGOW,AVENUE,ST KILDA,ROAD,0,W,231563,I,MELBOURNE,MELBOURNE,-37.82326,144.97034,3004
231489,T20150011081,25/05/2015,141840,23555,08.41.00,1,Collision with vehicle,2,Monday,121,RIGHT THROUGH                        ,1,Day,2,2,0,1,0,1,1,T intersection,3,Other Injury,60,B,N ,Bicycle,N ,1,1,H,F,2,6,No control,5130,FERRARS,STREET,COVENTRY,STREET,0,N,35395,I,PORT PHILLIP,PORT PHILLIP,-37.83332,144.95511,3205
231537,T20150011125,25/05/2015,141840,23555,18.45.00,1,Collision with vehicle,2,Monday,116,LEFT NEAR (INTERSECTIONS ONLY)               ,3,Dark Street lights on,2,2,1,0,0,1,1,T intersection,2,Hospitilisation,40,B,N ,Bicycle,N ,1,1,H,5,1,1,No control,9999,PELHAM,STREET,RATHDOWNE,STREET,0,W,36379,I,MELBOURNE,MELBOURNE,-37.80314,144.96955,3053
231553,T20150011138,26/05/2015,141840,23555,07.00.00,1,Collision with vehicle,3,Tuesday,137,LEFT TURN SIDESWIPE                     ,2,Dusk/Dawn,2,2,0,1,0,1,1,T intersection,3,Other Injury,40,B,W ,Bicycle,W ,1,1,H,F,9,1,No control,9999,EAGLE,ALLEY,LA TROBE,STREET,0,N,270441,I,MELBOURNE,MELBOURNE,-37.81237,144.95428,3003
231554,T20150011138,26/05/2015,141840,23555,07.00.00,1,Collision with vehicle,3,Tuesday,137,LEFT TURN SIDESWIPE                     ,2,Dusk/Dawn,2,2,0,1,0,1,1,T intersection,3,Other Injury,40,B,W ,Bicycle,W ,1,1,H,F,9,1,No control,9999,EAGLE,ALLEY,LA TROBE,STREET,0,N,270441,I,MELBOURNE,MELBOURNE,-37.81237,144.95428,3003
231658,T20150011247,26/05/2015,141840,23555,17.45.00,1,Collision with vehicle,2,Tuesday,160,VEHICLE COLLIDES WITH VEHICLE PARKED ON LEFT OF ROAD    ,3,Dark Street lights on,2,3,0,1,0,2,1,T intersection,3,Other Injury,40,B,NE,Bicycle,NE,1,1,H,F,1,6,Stop-go lights,9999,FLINDERS,STREET,DEGRAVES,STREET,8,E,289630,N,MELBOURNE,MELBOURNE,-37.81784,144.96612,3000
231659,T20150011247,26/05/2015,141840,23555,17.45.00,1,Collision with vehicle,2,Tuesday,160,VEHICLE COLLIDES WITH VEHICLE PARKED ON LEFT OF ROAD    ,3,Dark Street lights on,2,3,0,1,0,2,1,T intersection,3,Other Injury,40,B,NE,Bicycle,NE,1,1,H,F,1,6,Stop-go lights,9999,FLINDERS,STREET,DEGRAVES,STREET,8,E,289630,N,MELBOURNE,MELBOURNE,-37.81784,144.96612,3000
231711,T20150011302,26/05/2015,141840,23555,11.45.00,1,Collision with vehicle,2,Tuesday,130,REAR END(VEHICLES IN SAME LANE)               ,1,Day,2,2,0,1,0,1,2,T intersection,3,Other Injury,40,B,W ,Bicycle,W ,1,1,H,8,0,3,No control,5285,BRIDGE,ROAD,TULLO,PLACE,7,W,294786,N,YARRA,YARRA,-37.81861,144.9996,3121
232517,T20150012168,26/05/2015,141840,23555,19.30.00,1,Collision with vehicle,3,Tuesday,140,U TURN                           ,3,Dark Street lights on,2,2,1,0,0,1,2,Not at intersection,2,Hospitilisation,50,B,S ,Bicycle,S ,1,1,H,F,2,1,No control,9999,NICHOLSON,STREET,VICTORIA,STREET,22,N,290423,N,YARRA,YARRA,-37.8099,144.99601,3067
236945,T20150016788,27/05/2015,141840,23555,08.30.00,1,Collision with vehicle,3,Wednesday,131,LEFT REAR                          ,2,Dusk/Dawn,2,2,1,0,0,1,2,Cross intersection,2,Hospitilisation,50,A,W ,Bicycle,W ,1,1,H,F,2,9,No control,9999,CARDIGAN,STREET,GRATTAN,STREET,0,S,100,I,MELBOURNE,MELBOURNE,-37.80059,144.96545,3053
231785,T20150011369,28/05/2015,141840,23555,15.00.00,1,Collision with vehicle,5,Thursday,147,VEHICLE STRIKES ANOTHER VEH WHILE EMERGING FROM DRIVEWAY,1,Day,2,2,0,1,0,1,1,Not at intersection,3,Other Injury,888,B,S ,Bicycle,S ,1,1,H,5,2,2,No control,2080,HODDLE,STREET,TRURO,STREET,35,N,123320,N,YARRA,YARRA,-37.79762,144.99334,3067
231819,T20150011414,28/05/2015,141840,23555,08.30.00,1,Collision with vehicle,5,Thursday,136,RIGHT TURN SIDESWIPE                    ,1,Day,2,2,0,1,0,1,2,T intersection,3,Other Injury,40,A,S ,Bicycle,S ,1,1,H,R,0,4,No control,9999,HARPER,STREET,NICHOLSON,STREET,0,W,178,I,YARRA,YARRA,-37.80381,144.99703,3067
238457,T20150018377,28/05/2015,141840,23555,19.00.00,1,Collision with vehicle,5,Thursday,163,VEHICLE STRIKES DOOR OF PARKED/STATIONARY VEHICLE      ,6,Dark Street lights unknown,2,2,0,1,0,1,2,Not at intersection,3,Other Injury,40,B,NE,Bicycle,NE,1,1,H,F,9,9,No control,9999,BOURKE,STREET,RUSSELL,STREET,27,E,293603,N,MELBOURNE,MELBOURNE,-37.81272,144.96839,3000
231851,T20150011460,29/05/2015,141840,23555,17.00.00,1,Collision with vehicle,5,Friday,121,RIGHT THROUGH                        ,2,Dusk/Dawn,2,2,0,1,0,1,1,Cross intersection,3,Other Injury,40,B,S ,Bicycle,S ,1,1,H,F,2,6,Stop-go lights,5287,SWAN,STREET,CHURCH,STREET,0,W,35383,I,YARRA,YARRA,-37.82569,144.99793,3121
232011,T20150011652,1/06/2015,141840,23555,15.30.00,1,Collision with vehicle,2,Monday,121,RIGHT THROUGH                        ,1,Day,2,3,0,1,0,2,1,T intersection,3,Other Injury,40,B,E ,Bicycle,E ,1,1,H,1,2,5,No control,5853,JOHNSTON,STREET,TRENERRY,CRESCENT,0,W,35344,I,YARRA,YARRA,-37.80052,144.99994,3067
232037,T20150011670,1/06/2015,141840,23555,08.15.00,1,Collision with vehicle,2,Monday,148,VEHICLE OFF FOOTPATH STRIKES VEH ON CARRIAGEWAY,2,Dusk/Dawn,2,2,0,1,0,1,2,Multiple intersection,3,Other Injury,60,A,S ,Bicycle,S ,1,1,H,5,9,9,Ped. crossing,7264,WEST GATE OUT-CITYLINK OUT,RAMP,KINGS-WEST GATE OUT ON,RAMP,14,E,289886,N,MELBOURNE,MELBOURNE,-37.82657,144.94688,3008
232118,T20150011748,2/06/2015,141840,23555,08.20.00,1,Collision with vehicle,3,Tuesday,148,VEHICLE OFF FOOTPATH STRIKES VEH ON CARRIAGEWAY,2,Dusk/Dawn,2,2,0,1,0,1,2,Cross intersection,3,Other Injury,60,B,NE,Bicycle,NE,1,1,H,5,2,6,Stop-go lights,5318,CLARENDON,STREET,NORMANBY,ROAD,0,N,54453,I,MELBOURNE,MELBOURNE,-37.82519,144.95697,3006
232985,T20150012684,3/06/2015,141840,23555,10.00.00,1,Collision with vehicle,4,Wednesday,147,VEHICLE STRIKES ANOTHER VEH WHILE EMERGING FROM DRIVEWAY,1,Day,2,2,1,0,0,1,2,Not at intersection,2,Hospitilisation,40,B,NE,Bicycle,NE,1,1,H,5,2,3,No control,9999,FLINDERS,STREET,CHAPTER HOUSE,LANE,20,W,291011,N,MELBOURNE,MELBOURNE,-37.81729,144.96801,3000
232986,T20150012684,3/06/2015,141840,23555,10.00.00,1,Collision with vehicle,4,Wednesday,147,VEHICLE STRIKES ANOTHER VEH WHILE EMERGING FROM DRIVEWAY,1,Day,2,2,1,0,0,1,2,Not at intersection,2,Hospitilisation,40,B,NE,Bicycle,NE,1,1,H,5,2,3,No control,9999,FLINDERS,STREET,CHAPTER HOUSE,LANE,20,W,291011,N,MELBOURNE,MELBOURNE,-37.81729,144.96801,3000
232689,T20150012360,10/06/2015,141840,23555,21.33.00,1,Collision with vehicle,4,Wednesday,116,LEFT NEAR (INTERSECTIONS ONLY)               ,3,Dark Street lights on,2,2,1,0,0,1,1,T intersection,2,Hospitilisation,60,B,NW,Bicycle,NW,1,1,H,F,1,1,No control,5044,FLEMINGTON,ROAD,ERROL,STREET,0,SE,289044,N,MELBOURNE,MELBOURNE,-37.79639,144.95067,3051
233346,T20150013041,11/06/2015,141840,23555,18.40.00,1,Collision with vehicle,5,Thursday,116,LEFT NEAR (INTERSECTIONS ONLY)               ,6,Dark Street lights unknown,2,2,0,1,0,1,2,T intersection,3,Other Injury,999,B,NE,Bicycle,NE,1,1,H,F,1,2,No control,9999,ADDERLEY,STREET,LA TROBE,STREET,0,NW,65879,I,MELBOURNE,MELBOURNE,-37.81348,144.95033,3008
232762,T20150012429,12/06/2015,141840,23555,10.30.00,1,Collision with vehicle,6,Friday,133,LANE SIDE SWIPE (VEHICLES IN PARALLEL LANES)        ,1,Day,2,2,0,1,0,1,1,Cross intersection,3,Other Injury,40,B,N ,Bicycle,N ,1,1,H,4,2,6,No control,9999,MARINE,PARADE,NICHOLSON,STREET,0,W,36712,I,YARRA,YARRA,-37.80297,144.9972,3067
232861,T20150012532,12/06/2015,141840,23555,18.30.00,1,Collision with vehicle,6,Friday,148,VEHICLE OFF FOOTPATH STRIKES VEH ON CARRIAGEWAY,3,Dark Street lights on,2,2,0,1,0,1,2,Not at intersection,3,Other Injury,40,B,S ,Bicycle,S ,1,1,H,F,2,4,Stop-go lights,5853,JOHNSTON,STREET,SPRING,STREET,16,E,295724,N,YARRA,YARRA,-37.79809,144.97615,3065
233109,T20150012824,12/06/2015,141840,23555,17.30.00,1,Collision with vehicle,5,Friday,121,RIGHT THROUGH                        ,2,Dusk/Dawn,2,2,0,1,0,1,2,T intersection,3,Other Injury,40,B,N ,Bicycle,N ,1,1,H,F,2,6,No control,9999,NAPOLEON,STREET,WELLINGTON,STREET,0,W,65351,I,YARRA,YARRA,-37.80164,144.98692,3066
233289,T20150012987,17/06/2015,141840,23555,17.20.00,1,Collision with vehicle,3,Wednesday,163,VEHICLE STRIKES DOOR OF PARKED/STATIONARY VEHICLE      ,2,Dusk/Dawn,2,3,0,1,0,2,2,Not at intersection,3,Other Injury,40,A,SW,Bicycle,SW,1,1,H,F,2,1,Stop-go lights,9999,FLINDERS,STREET,SWANSTON,STREET,25,E,292840,N,MELBOURNE,MELBOURNE,-37.81737,144.96771,3000
233290,T20150012987,17/06/2015,141840,23555,17.20.00,1,Collision with vehicle,3,Wednesday,163,VEHICLE STRIKES DOOR OF PARKED/STATIONARY VEHICLE      ,2,Dusk/Dawn,2,3,0,1,0,2,2,Not at intersection,3,Other Injury,40,A,SW,Bicycle,SW,1,1,H,F,2,1,Stop-go lights,9999,FLINDERS,STREET,SWANSTON,STREET,25,E,292840,N,MELBOURNE,MELBOURNE,-37.81737,144.96771,3000
233788,T20150013538,26/06/2015,141840,23555,14.30.00,1,Collision with vehicle,6,Friday,163,VEHICLE STRIKES DOOR OF PARKED/STATIONARY VEHICLE      ,1,Day,2,2,0,1,0,1,1,Not at intersection,3,Other Injury,60,B,SE,Bicycle,SE,1,1,H,F,0,1,No control,9999,CECIL,STREET,COVENTRY,STREET,57,S,291616,N,PORT PHILLIP,PORT PHILLIP,-37.83309,144.95781,3205
233937,T20150013710,26/06/2015,141840,23555,14.45.00,1,Collision with vehicle,6,Friday,121,RIGHT THROUGH                        ,1,Day,2,2,0,1,0,1,2,T intersection,3,Other Injury,40,B,N ,Bicycle,N ,1,1,H,F,2,1,No control,9999,SMITH,STREET,ROSE,STREET,0,S,36584,I,YARRA,YARRA,-37.79657,144.98468,3066
234397,T20150014169,26/06/2015,141840,23555,16.11.00,1,Collision with vehicle,6,Friday,116,LEFT NEAR (INTERSECTIONS ONLY)               ,2,Dusk/Dawn,2,2,0,1,0,1,1,T intersection,3,Other Injury,40,B,N ,Bicycle,N ,1,1,H,5,2,1,No control,9999,PELHAM,STREET,RATHDOWNE,STREET,0,W,36379,I,MELBOURNE,MELBOURNE,-37.80314,144.96955,3053
234028,T20150013799,27/06/2015,141840,23555,15.00.00,8,No collision and no object struck,7,Saturday,174,OUT OF CONTROL ON CARRIAGEWAY (ON STRAIGHT)         ,1,Day,1,1,0,1,0,0,2,Not at intersection,3,Other Injury,60,A,N ,Bicycle,N ,1,18,H,F,2,2,No control,5499,CHURCH,STREET,ADOLPH,STREET,0,N,37173,I,YARRA,YARRA,-37.82688,144.99772,3121
234055,T20150013829,1/07/2015,141840,23555,10.10.00,1,Collision with vehicle,4,Wednesday,137,LEFT TURN SIDESWIPE                     ,1,Day,2,2,0,1,0,1,1,T intersection,3,Other Injury,50,B,N ,Bicycle,W ,3,3,H,5,0,6,No control,9999,LAKESIDE,DRIVE,ALBERT ROAD,DRIVE,9,SE,291879,N,PORT PHILLIP,PORT PHILLIP,-37.83801,144.96801,3004
234146,T20150013908,2/07/2015,141840,23555,07.00.00,1,Collision with vehicle,5,Thursday,137,LEFT TURN SIDESWIPE                     ,6,Dark Street lights unknown,2,2,0,1,0,1,2,Cross intersection,3,Other Injury,50,B,E ,Bicycle,E ,1,1,H,F,1,1,No control,9999,BERKELEY,STREET,QUEENSBERRY,STREET,0,N,31046,I,MELBOURNE,MELBOURNE,-37.80414,144.95949,3053
245836,T20150025903,2/07/2015,141840,23555,16.00.00,1,Collision with vehicle,4,Thursday,163,VEHICLE STRIKES DOOR OF PARKED/STATIONARY VEHICLE      ,2,Dusk/Dawn,2,2,1,0,0,1,2,Multiple intersection,2,Hospitilisation,60,A,NE,Bicycle,NE,1,1,H,F,2,1,No control,5041,KING,STREET,CHETWYND,STREET,0,SE,36,I,MELBOURNE,MELBOURNE,-37.80816,144.95169,3003
234632,T20150014393,7/07/2015,141840,23555,15.00.00,1,Collision with vehicle,3,Tuesday,163,VEHICLE STRIKES DOOR OF PARKED/STATIONARY VEHICLE      ,1,Day,2,2,0,1,0,1,2,Not at intersection,3,Other Injury,60,B,SE,Bicycle,SE,1,1,H,F,2,6,No control,5882,ST KILDA,ROAD,SLATER,STREET,134,N,291450,N,MELBOURNE,MELBOURNE,-37.83788,144.97638,3004
234757,T20150014527,10/07/2015,141840,23555,21.50.00,8,No collision and no object struck,6,Friday,174,OUT OF CONTROL ON CARRIAGEWAY (ON STRAIGHT)         ,3,Dark Street lights on,1,1,0,1,0,0,1,Not at intersection,3,Other Injury,40,A,NW,Bicycle,NW,1,15,H,R,0,6,No control,9999,SWANSTON,STREET,FLINDERS,LANE,55,S,291484,N,MELBOURNE,MELBOURNE,-37.81695,144.96721,3000
234821,T20150014621,13/07/2015,141840,23555,08.20.00,1,Collision with vehicle,2,Monday,163,VEHICLE STRIKES DOOR OF PARKED/STATIONARY VEHICLE      ,2,Dusk/Dawn,2,2,0,1,0,1,2,Not at intersection,3,Other Injury,50,A,S ,Bicycle,S ,1,1,H,5,2,1,No control,5046,ELIZABETH,STREET,ROYAL,PARADE,31,S,291932,N,MELBOURNE,MELBOURNE,-37.80002,144.95771,3000
234882,T20150014674,14/07/2015,141840,23555,08.45.00,1,Collision with vehicle,2,Tuesday,163,VEHICLE STRIKES DOOR OF PARKED/STATIONARY VEHICLE      ,2,Dusk/Dawn,2,3,1,0,0,2,1,T intersection,2,Hospitilisation,40,B,S ,Bicycle,S ,1,1,H,F,9,6,No control,9999,SPRING,STREET,TREASURY,PLACE,0,N,65883,I,MELBOURNE,MELBOURNE,-37.81365,144.97411,3002
234883,T20150014674,14/07/2015,141840,23555,08.45.00,1,Collision with vehicle,2,Tuesday,163,VEHICLE STRIKES DOOR OF PARKED/STATIONARY VEHICLE      ,2,Dusk/Dawn,2,3,1,0,0,2,1,T intersection,2,Hospitilisation,40,B,S ,Bicycle,S ,1,1,H,F,9,6,No control,9999,SPRING,STREET,TREASURY,PLACE,0,N,65883,I,MELBOURNE,MELBOURNE,-37.81365,144.97411,3002
235175,T20150014964,17/07/2015,141840,23555,08.49.00,1,Collision with vehicle,6,Friday,136,RIGHT TURN SIDESWIPE                    ,2,Dusk/Dawn,2,2,0,1,0,1,1,Cross intersection,3,Other Injury,40,B,N ,Bicycle,E ,2,2,H,1,9,1,Stop-go lights,9999,BOURKE,STREET,WILLIAM,STREET,0,E,29419,I,MELBOURNE,MELBOURNE,-37.81568,144.95821,3000
235881,T20150015660,17/07/2015,141840,23555,11.55.00,1,Collision with vehicle,6,Friday,134,LANE CHANGE RIGHT (NOT OVERTAKING)             ,1,Day,2,2,0,1,0,1,1,Not at intersection,3,Other Injury,40,A,NW,Bicycle,NW,1,6,H,1,2,9,No control,9999,SWANSTON,STREET,FLINDERS,STREET,40,N,75135,N,MELBOURNE,MELBOURNE,-37.81711,144.96728,3000
235287,T20150015093,20/07/2015,141840,23555,06.10.00,1,Collision with vehicle,2,Monday,110,CROSS TRAFFIC(INTERSECTIONS ONLY)              ,3,Dark Street lights on,2,2,1,0,0,1,1,Cross intersection,2,Hospitilisation,40,B,S ,Bicycle,S ,1,1,H,1,1,1,No control,9999,BRUNSWICK,STREET,KERR,STREET,0,N,36495,I,YARRA,YARRA,-37.79675,144.97874,3065
236344,T20150016131,20/07/2015,141840,23555,18.00.00,8,No collision and no object struck,1,Monday,174,OUT OF CONTROL ON CARRIAGEWAY (ON STRAIGHT)         ,3,Dark Street lights on,1,1,1,0,0,0,9,Not at intersection,2,Hospitilisation,40,A,SE,Bicycle,SE,6,18,H,5,1,6,No control,9999,SWANSTON,STREET,COLLINS,STREET,44,N,292404,N,MELBOURNE,MELBOURNE,-37.81512,144.96637,3000
235372,T20150015177,21/07/2015,141840,23555,10.04.00,5,collision with some other object,3,Tuesday,166,STRUCK OBJECT ON CARRIAGEWAY                ,1,Day,2,1,0,1,0,0,2,Not at intersection,3,Other Injury,40,A,SW,Bicycle,SW,1,1,H,F,2,6,No control,9999,COLLINS,STREET,KING,STREET,63,W,292027,N,MELBOURNE,MELBOURNE,-37.81855,144.95596,3000
236063,T20150015839,22/07/2015,141840,23555,18.30.00,1,Collision with vehicle,4,Wednesday,136,RIGHT TURN SIDESWIPE                    ,3,Dark Street lights on,2,2,0,1,0,1,2,Not at intersection,3,Other Injury,777,A,W ,Bicycle,N ,2,2,H,1,9,1,No control,9999,TIN,ALLEY,SPENCER,ROAD,52,W,292254,N,MELBOURNE,MELBOURNE,-37.79648,144.96269,3052
236064,T20150015839,22/07/2015,141840,23555,18.30.00,1,Collision with vehicle,4,Wednesday,136,RIGHT TURN SIDESWIPE                    ,3,Dark Street lights on,2,2,0,1,0,1,2,Not at intersection,3,Other Injury,777,B,W ,Bicycle,W ,1,1,H,F,2,9,No control,9999,TIN,ALLEY,SPENCER,ROAD,52,W,292254,N,MELBOURNE,MELBOURNE,-37.79648,144.96269,3052
235766,T20150015534,24/07/2015,141840,23555,09.20.00,1,Collision with vehicle,6,Friday,163,VEHICLE STRIKES DOOR OF PARKED/STATIONARY VEHICLE      ,1,Day,2,3,0,1,0,2,2,Cross intersection,3,Other Injury,40,B,E ,Bicycle,E ,1,17,H,1,2,2,Stop-go lights,9999,LA TROBE,STREET,SWANSTON,STREET,0,W,35358,I,MELBOURNE,MELBOURNE,-37.80959,144.96383,3000
235767,T20150015534,24/07/2015,141840,23555,09.20.00,1,Collision with vehicle,6,Friday,163,VEHICLE STRIKES DOOR OF PARKED/STATIONARY VEHICLE      ,1,Day,2,3,0,1,0,2,2,Cross intersection,3,Other Injury,40,B,E ,Bicycle,E ,1,17,H,1,2,2,Stop-go lights,9999,LA TROBE,STREET,SWANSTON,STREET,0,W,35358,I,MELBOURNE,MELBOURNE,-37.80959,144.96383,3000