,ACCIDENT_NO,ACCIDENTDATE,CYCLISTS,CYCLISTS_COUNT_LS,ACCIDENTTIME,ACCIDENT_TYPE,ACCIDENT_TYPE_DESC,DAY_OF_WEEK,DAY_WEEK_DESC,DCA_CODE,DCA Description,LIGHT_CONDITION,LIGHT_CONDITION_DEC,NO_OF_VEHICLES,NO_PERSONS,NO_PERSONS_INJ_2,NO_PERSONS_INJ_3,NO_PERSONS_KILLED,NO_PERSONS_NOT_INJ,POLICE_ATTEND,ROAD_GEOMETRY_DESC,SEVERITY,SEVERITY_DESC,SPEED_ZONE,VEHICLE_ID,INITIAL_DIRECTION,Vehicle Type Desc,FINAL_DIRECTION,DRIVER_INTENT,VEHICLE_MOVEMENT,TRAILER_TYPE,INITIAL_IMPACT,LAMPS,LEVEL_OF_DAMAGE,TRAFFIC_CONTROL_DESC,ROAD_ROUTE_1,ROAD_NAME,ROAD_TYPE,ROAD_NAME_INT,ROAD_TYPE_INT,DISTANCE_LOCATION,DIRECTION_LOCATION,NODE_ID,NODE_TYPE,LGA_NAME,Lga Name All,Lat,Long,Postcode No
235849,T20150015629,24/07/2015,141840,23555,16.00.00,8,No collision and no object struck,6,Friday,174,OUT OF CONTROL ON CARRIAGEWAY (ON STRAIGHT)         ,2,Dusk/Dawn,2,2,1,0,0,1,2,T intersection,2,Hospitilisation,40,A,N ,Bicycle,N ,1,17,H,N,9,1,No control,9999,SMITH,STREET,ST DAVID,STREET,0,S,36563,I,YARRA,YARRA,-37.80123,144.98388,3066
235753,T20150015524,25/07/2015,141840,23555,13.36.00,1,Collision with vehicle,7,Saturday,147,VEHICLE STRIKES ANOTHER VEH WHILE EMERGING FROM DRIVEWAY,1,Day,2,2,0,1,0,1,1,Not at intersection,3,Other Injury,40,A,SW,Bicycle,SW,1,1,H,F,2,1,No control,9999,LA TROBE,STREET,ELIZABETH,STREET,92,E,293451,N,MELBOURNE,MELBOURNE,-37.81003,144.96234,3000
235754,T20150015524,25/07/2015,141840,23555,13.36.00,1,Collision with vehicle,7,Saturday,147,VEHICLE STRIKES ANOTHER VEH WHILE EMERGING FROM DRIVEWAY,1,Day,2,2,0,1,0,1,1,Not at intersection,3,Other Injury,40,A,SW,Bicycle,SW,1,1,H,F,2,1,No control,9999,LA TROBE,STREET,ELIZABETH,STREET,92,E,293451,N,MELBOURNE,MELBOURNE,-37.81003,144.96234,3000
236396,T20150016181,25/07/2015,141840,23555,08.48.00,8,No collision and no object struck,6,Saturday,174,OUT OF CONTROL ON CARRIAGEWAY (ON STRAIGHT)         ,2,Dusk/Dawn,1,1,1,0,0,0,1,Cross intersection,2,Hospitilisation,999,A,SW,Bicycle,SW,1,1,H,N,2,6,No control,9999,FENNELL,STREET,INGLES,STREET,9,SW,292434,N,PORT PHILLIP,PORT PHILLIP,-37.8275,144.9393,3207
235913,T20150015699,28/07/2015,141840,23555,12.30.00,1,Collision with vehicle,3,Tuesday,121,RIGHT THROUGH                        ,1,Day,2,2,1,0,0,1,1,Cross intersection,2,Hospitilisation,50,B,W ,Bicycle,N ,2,2,H,8,2,3,Stop-go lights,5046,ELIZABETH,STREET,ROYAL,PARADE,0,S,36210,I,MELBOURNE,MELBOURNE,-37.79972,144.95756,3052
236470,T20150016260,28/07/2015,141840,23555,15.15.00,1,Collision with vehicle,2,Tuesday,163,VEHICLE STRIKES DOOR OF PARKED/STATIONARY VEHICLE      ,1,Day,2,2,0,1,0,1,2,Not at intersection,3,Other Injury,40,B,W ,Bicycle,W ,1,1,H,F,9,3,No control,9999,COLLINS,STREET,COLLINS,PLACE,19,W,292566,N,MELBOURNE,MELBOURNE,-37.81362,144.97291,3000
236829,T20150016654,28/07/2015,141840,23555,19.35.00,1,Collision with vehicle,2,Tuesday,143,ENTERING PARKING                      ,6,Dark Street lights unknown,2,2,0,1,0,1,2,Not at intersection,3,Other Injury,60,B,SE,Bicycle,SE,1,1,H,F,1,1,No control,5046,ELIZABETH,STREET,QUEENSBERRY,STREET,111,S,292748,N,MELBOURNE,MELBOURNE,-37.80493,144.95909,3000
237439,T20150017304,30/07/2015,141840,23555,11.10.00,1,Collision with vehicle,5,Thursday,163,VEHICLE STRIKES DOOR OF PARKED/STATIONARY VEHICLE      ,1,Day,2,2,0,1,0,1,2,Not at intersection,3,Other Injury,60,B,W ,Bicycle,W ,1,1,H,F,2,6,No control,9999,GERTRUDE,STREET,YOUNG,STREET,44,W,293079,N,YARRA,YARRA,-37.80582,144.97785,3065
236582,T20150016384,31/07/2015,141840,23555,09.00.00,1,Collision with vehicle,6,Friday,137,LEFT TURN SIDESWIPE                     ,1,Day,2,2,0,1,0,1,2,T intersection,3,Other Injury,60,B,S ,Bicycle,S ,1,1,H,F,2,6,No control,9999,VERE,STREET,WELLINGTON,STREET,0,W,65367,I,YARRA,YARRA,-37.80195,144.98687,3066
236317,T20150016100,2/08/2015,141840,23555,13.48.00,1,Collision with vehicle,0,Sunday,110,CROSS TRAFFIC(INTERSECTIONS ONLY)              ,1,Day,2,2,0,1,0,1,1,Cross intersection,3,Other Injury,40,B,N ,Bicycle,N ,1,1,H,5,2,5,Roundabout,9999,GIPPS,STREET,SIMPSON,STREET,0,E,37037,I,MELBOURNE,MELBOURNE,-37.8133,144.98837,3002
237237,T20150017092,3/08/2015,141840,23555,16.30.00,1,Collision with vehicle,2,Monday,163,VEHICLE STRIKES DOOR OF PARKED/STATIONARY VEHICLE      ,1,Day,2,2,0,1,0,1,2,Not at intersection,3,Other Injury,999,A,NE,Bicycle,NE,1,1,H,F,9,9,No control,9999,COLLINS,STREET,COLLINS,PLACE,54,W,75741,N,MELBOURNE,MELBOURNE,-37.81373,144.97254,3000
239567,T20150019606,6/08/2015,141840,23555,20.30.00,1,Collision with vehicle,5,Thursday,163,VEHICLE STRIKES DOOR OF PARKED/STATIONARY VEHICLE      ,3,Dark Street lights on,2,2,0,1,0,1,2,Not at intersection,3,Other Injury,30,A,S ,Bicycle,S ,1,1,H,F,9,6,No control,9999,SWANSTON,STREET,FLINDERS,LANE,50,S,294152,N,MELBOURNE,MELBOURNE,-37.81691,144.96719,3000
236765,T20150016591,7/08/2015,141840,23555,17.48.00,1,Collision with vehicle,6,Friday,148,VEHICLE OFF FOOTPATH STRIKES VEH ON CARRIAGEWAY,2,Dusk/Dawn,2,2,0,1,0,1,1,Cross intersection,3,Other Injury,60,A,E ,Bicycle,E ,1,1,H,5,2,9,No control,9999,MORAY,STREET,BANK,STREET,4,N,292699,N,PORT PHILLIP,PORT PHILLIP,-37.83336,144.96355,3205
236747,T20150016567,9/08/2015,141840,23555,10.30.00,8,No collision and no object struck,0,Sunday,170,OFF CARRIAGEWAY TO LEFT                   ,1,Day,1,1,0,1,0,0,1,T intersection,3,Other Injury,60,A,E ,Bicycle,W ,1,18,H,F,1,6,Stop-go lights,5287,SWAN,STREET,CREMORNE,STREET,0,W,37071,I,YARRA,YARRA,-37.82491,144.99116,3121
237017,T20150016857,12/08/2015,141840,23555,06.10.00,1,Collision with vehicle,4,Wednesday,116,LEFT NEAR (INTERSECTIONS ONLY)               ,2,Dusk/Dawn,2,2,0,1,0,1,2,T intersection,3,Other Injury,50,B,NW,Bicycle,NW,1,1,H,5,2,2,No control,9999,ROSSLYN,STREET,WILLIAM,STREET,0,SW,36196,I,MELBOURNE,MELBOURNE,-37.80692,144.9542,3003
237437,T20150017302,13/08/2015,141840,23555,08.30.00,1,Collision with vehicle,4,Thursday,163,VEHICLE STRIKES DOOR OF PARKED/STATIONARY VEHICLE      ,9,Unknown,2,3,0,1,0,2,2,T intersection,3,Other Injury,60,B,E ,Bicycle,E ,1,1,H,F,9,1,Stop-go lights,9999,GRATTAN,STREET,BERKELEY,STREET,7,W,293035,N,MELBOURNE,MELBOURNE,-37.79985,144.95875,3052
237231,T20150017085,16/08/2015,141840,23555,16.45.00,1,Collision with vehicle,1,Sunday,121,RIGHT THROUGH                        ,1,Day,2,2,0,1,0,1,1,Cross intersection,3,Other Injury,50,B,S ,Bicycle,S ,1,1,H,1,2,3,Stop-go lights,9999,ELGIN,STREET,RATHDOWNE,STREET,0,W,36370,I,MELBOURNE,MELBOURNE,-37.79748,144.97049,3053
241161,T20150021250,19/08/2015,141840,23555,06.45.00,8,No collision and no object struck,4,Wednesday,170,OFF CARRIAGEWAY TO LEFT                   ,2,Dusk/Dawn,2,2,1,0,0,1,2,T intersection,2,Hospitilisation,40,A,S ,Bicycle,S ,6,6,H,5,2,1,Stop-go lights,9999,BOURKE,STREET,ELIZABETH,STREET,0,E,35359,I,MELBOURNE,MELBOURNE,-37.81425,144.96316,3000
237822,T20150017705,20/08/2015,141840,23555,17.00.00,1,Collision with vehicle,5,Thursday,148,VEHICLE OFF FOOTPATH STRIKES VEH ON CARRIAGEWAY,2,Dusk/Dawn,2,2,0,1,0,1,1,T intersection,3,Other Injury,70,B,E ,Bicycle,E ,1,1,H,F,2,3,Ped. crossing,2080,HODDLE,STREET,TRURO,STREET,0,S,36694,I,YARRA,YARRA,-37.79794,144.99328,3067
237602,T20150017474,21/08/2015,141840,23555,13.15.00,1,Collision with vehicle,6,Friday,148,VEHICLE OFF FOOTPATH STRIKES VEH ON CARRIAGEWAY,1,Day,2,2,0,1,0,1,2,Cross intersection,3,Other Injury,70,A,W ,Bicycle,W ,1,13,H,1,2,1,Stop-go lights,2080,HODDLE,STREET,VICTORIA,PARADE,33,S,225085,I,MELBOURNE,"MELBOURNE,YARRA",-37.80991,144.99132,3121
237670,T20150017534,23/08/2015,141840,23555,11.55.00,1,Collision with vehicle,1,Sunday,133,LANE SIDE SWIPE (VEHICLES IN PARALLEL LANES)        ,1,Day,2,3,0,1,0,2,1,Not at intersection,3,Other Injury,40,B,NE,Bicycle,NE,1,1,H,N,2,6,No control,9999,FLINDERS,STREET,ELIZABETH,STREET,49,E,188182,N,MELBOURNE,MELBOURNE,-37.81802,144.96549,3000
237671,T20150017534,23/08/2015,141840,23555,11.55.00,1,Collision with vehicle,1,Sunday,133,LANE SIDE SWIPE (VEHICLES IN PARALLEL LANES)        ,1,Day,2,3,0,1,0,2,1,Not at intersection,3,Other Injury,40,B,NE,Bicycle,NE,1,1,H,N,2,6,No control,9999,FLINDERS,STREET,ELIZABETH,STREET,49,E,188182,N,MELBOURNE,MELBOURNE,-37.81802,144.96549,3000
237739,T20150017608,24/08/2015,141840,23555,16.00.00,1,Collision with vehicle,2,Monday,137,LEFT TURN SIDESWIPE                     ,2,Dusk/Dawn,2,3,0,1,0,2,1,T intersection,3,Other Injury,40,B,N ,Bicycle,N ,1,1,H,F,1,1,No control,9999,DERBY,STREET,WELLINGTON,STREET,0,E,36610,I,YARRA,YARRA,-37.80711,144.98599,3066
237944,T20150017843,26/08/2015,141840,23555,11.30.00,1,Collision with vehicle,4,Wednesday,163,VEHICLE STRIKES DOOR OF PARKED/STATIONARY VEHICLE      ,1,Day,2,2,0,1,0,1,2,T intersection,3,Other Injury,60,B,W ,Bicycle,W ,1,1,H,F,2,6,No control,5285,BRIDGE,ROAD,MOORHOUSE,STREET,5,W,293506,N,YARRA,YARRA,-37.81765,144.99088,3121
238075,T20150017983,28/08/2015,141840,23555,08.35.00,1,Collision with vehicle,6,Friday,137,LEFT TURN SIDESWIPE                     ,9,Unknown,2,2,0,1,0,1,2,Not at intersection,3,Other Injury,999,B,SW,Bicycle,SW,1,1,H,F,9,1,No control,9999,LA TROBE,STREET,ELIZABETH,STREET,109,E,293381,N,MELBOURNE,MELBOURNE,-37.80998,144.96252,3000
238076,T20150017983,28/08/2015,141840,23555,08.35.00,1,Collision with vehicle,6,Friday,137,LEFT TURN SIDESWIPE                     ,9,Unknown,2,2,0,1,0,1,2,Not at intersection,3,Other Injury,999,B,SW,Bicycle,SW,1,1,H,F,9,1,No control,9999,LA TROBE,STREET,ELIZABETH,STREET,109,E,293381,N,MELBOURNE,MELBOURNE,-37.80998,144.96252,3000
239987,T20150020065,28/08/2015,141840,23555,17.00.00,1,Collision with vehicle,5,Friday,163,VEHICLE STRIKES DOOR OF PARKED/STATIONARY VEHICLE      ,2,Dusk/Dawn,2,2,0,1,0,1,2,T intersection,3,Other Injury,40,B,NE,Bicycle,NE,1,1,H,5,2,6,No control,9999,COLLINS,STREET,CHURCH,LANE,4,E,294482,N,MELBOURNE,MELBOURNE,-37.81798,144.95795,3000
238251,T20150018172,1/09/2015,141840,23555,11.55.00,1,Collision with vehicle,2,Tuesday,121,RIGHT THROUGH                        ,1,Day,2,2,0,1,0,1,2,Not at intersection,3,Other Injury,50,B,SW,Bicycle,SW,1,1,H,F,2,1,No control,9999,LA TROBE,STREET,ELIZABETH,STREET,70,E,293965,N,MELBOURNE,MELBOURNE,-37.8101,144.9621,3000
238252,T20150018172,1/09/2015,141840,23555,11.55.00,1,Collision with vehicle,2,Tuesday,121,RIGHT THROUGH                        ,1,Day,2,2,0,1,0,1,2,Not at intersection,3,Other Injury,50,B,SW,Bicycle,SW,1,1,H,F,2,1,No control,9999,LA TROBE,STREET,ELIZABETH,STREET,70,E,293965,N,MELBOURNE,MELBOURNE,-37.8101,144.9621,3000
238319,T20150018220,1/09/2015,141840,23555,23.40.00,1,Collision with vehicle,2,Tuesday,133,LANE SIDE SWIPE (VEHICLES IN PARALLEL LANES)        ,3,Dark Street lights on,2,2,0,1,0,1,1,Cross intersection,3,Other Injury,40,B,SE,Bicycle,SE,1,1,H,1,2,9,Stop-go lights,9999,LITTLE BOURKE,STREET,RUSSELL,STREET,0,E,36951,I,MELBOURNE,MELBOURNE,-37.81182,144.96765,3000
238336,T20150018238,2/09/2015,141840,23555,09.55.00,8,No collision and no object struck,4,Wednesday,174,OUT OF CONTROL ON CARRIAGEWAY (ON STRAIGHT)         ,1,Day,1,1,1,0,0,0,1,Not at intersection,2,Hospitilisation,60,A,W ,Bicycle,W ,1,8,H,N,2,1,No control,9999,DOMAIN,ROAD,PARK,STREET,35,W,293513,N,MELBOURNE,MELBOURNE,-37.83409,144.98213,3141
238603,T20150018549,6/09/2015,141840,23555,04.25.00,1,Collision with vehicle,0,Sunday,160,VEHICLE COLLIDES WITH VEHICLE PARKED ON LEFT OF ROAD    ,3,Dark Street lights on,2,1,0,1,0,0,1,Not at intersection,3,Other Injury,40,A,N ,Bicycle,N ,1,18,H,F,2,6,No control,9999,GEORGE,STREET,GERTRUDE,STREET,18,N,293748,N,YARRA,YARRA,-37.80595,144.98064,3065
240982,T20150021091,6/09/2015,141840,23555,19.00.00,1,Collision with vehicle,1,Sunday,130,REAR END(VEHICLES IN SAME LANE)               ,3,Dark Street lights on,2,2,1,0,0,1,2,Not at intersection,2,Hospitilisation,40,B,SW,Bicycle,SW,1,1,H,R,1,1,No control,9999,FLINDERS,STREET,HIGHLANDER,LANE,26,W,295917,N,MELBOURNE,MELBOURNE,-37.82024,144.958,3000
240983,T20150021091,6/09/2015,141840,23555,19.00.00,1,Collision with vehicle,1,Sunday,130,REAR END(VEHICLES IN SAME LANE)               ,3,Dark Street lights on,2,2,1,0,0,1,2,Not at intersection,2,Hospitilisation,40,B,SW,Bicycle,SW,1,1,H,R,1,1,No control,9999,FLINDERS,STREET,HIGHLANDER,LANE,26,W,295917,N,MELBOURNE,MELBOURNE,-37.82024,144.958,3000
238638,T20150018593,7/09/2015,141840,23555,08.00.00,8,No collision and no object struck,1,Monday,174,OUT OF CONTROL ON CARRIAGEWAY (ON STRAIGHT)         ,1,Day,2,2,1,0,0,1,1,Not at intersection,2,Hospitilisation,40,B,SW,Bicycle,SW,1,1,H,N,2,6,No control,9999,LA TROBE,STREET,ELIZABETH,STREET,57,E,293667,N,MELBOURNE,MELBOURNE,-37.81014,144.96197,3000
238639,T20150018593,7/09/2015,141840,23555,08.00.00,8,No collision and no object struck,1,Monday,174,OUT OF CONTROL ON CARRIAGEWAY (ON STRAIGHT)         ,1,Day,2,2,1,0,0,1,1,Not at intersection,2,Hospitilisation,40,B,SW,Bicycle,SW,1,1,H,N,2,6,No control,9999,LA TROBE,STREET,ELIZABETH,STREET,57,E,293667,N,MELBOURNE,MELBOURNE,-37.81014,144.96197,3000
241097,T20150021187,9/09/2015,141840,23555,08.50.00,1,Collision with vehicle,4,Wednesday,163,VEHICLE STRIKES DOOR OF PARKED/STATIONARY VEHICLE      ,1,Day,2,3,0,1,0,2,2,Not at intersection,3,Other Injury,40,B,SE,Bicycle,SE,7,7,H,F,2,1,No control,9999,WILLIAM,STREET,LONSDALE,STREET,37,N,296203,N,MELBOURNE,MELBOURNE,-37.81339,144.95718,3000
238955,T20150018924,11/09/2015,141840,23555,15.20.00,1,Collision with vehicle,6,Friday,142,LEAVING PARKING                       ,1,Day,2,2,1,0,0,1,1,T intersection,2,Hospitilisation,50,B,NE,Bicycle,NE,1,1,H,F,9,6,No control,9999,BARKLY,STREET,SHIELS,LANE,3,SW,294145,N,MELBOURNE,MELBOURNE,-37.79974,144.97175,3053
238989,T20150018966,12/09/2015,141840,23555,09.38.00,1,Collision with vehicle,7,Saturday,147,VEHICLE STRIKES ANOTHER VEH WHILE EMERGING FROM DRIVEWAY,1,Day,2,2,1,0,0,1,1,Not at intersection,2,Hospitilisation,50,B,E ,Bicycle,E ,1,1,H,F,2,1,No control,5019,ALEXANDRA,AVENUE,CHAPEL,STREET,108,NW,293882,N,STONNINGTON,STONNINGTON,-37.83454,144.99539,3141
239198,T20150019186,12/09/2015,141840,23555,03.29.00,1,Collision with vehicle,6,Saturday,130,REAR END(VEHICLES IN SAME LANE)               ,3,Dark Street lights on,2,2,1,0,0,1,2,T intersection,2,Hospitilisation,60,A,S ,Bicycle,S ,1,17,H,N,2,6,Roundabout,5065,PEEL,STREET,DUDLEY,STREET,0,S,295553,I,MELBOURNE,MELBOURNE,-37.80846,144.95556,3003
239235,T20150019219,15/09/2015,141840,23555,17.57.00,1,Collision with vehicle,3,Tuesday,121,RIGHT THROUGH                        ,2,Dusk/Dawn,2,2,0,1,0,1,1,T intersection,3,Other Injury,60,B,N ,Bicycle,N ,1,1,H,F,1,5,No control,9999,LITTLE PALMERSTON,STREET,RATHDOWNE,STREET,0,W,36498,I,MELBOURNE,MELBOURNE,-37.79668,144.97064,3053
239686,T20150019739,15/09/2015,141840,23555,17.20.00,1,Collision with vehicle,2,Tuesday,163,VEHICLE STRIKES DOOR OF PARKED/STATIONARY VEHICLE      ,2,Dusk/Dawn,2,2,0,1,0,1,2,Not at intersection,3,Other Injury,60,B,N ,Bicycle,N ,1,1,H,F,2,2,No control,9999,RATHDOWNE,STREET,PELHAM,STREET,106,N,294258,N,MELBOURNE,MELBOURNE,-37.8022,144.96971,3053
239559,T20150019592,20/09/2015,141840,23555,15.30.00,1,Collision with vehicle,1,Sunday,163,VEHICLE STRIKES DOOR OF PARKED/STATIONARY VEHICLE      ,1,Day,2,2,0,1,0,1,2,Not at intersection,3,Other Injury,40,B,N ,Bicycle,N ,1,1,H,F,2,2,No control,9999,NICHOLSON,STREET,LANGRIDGE,STREET,38,S,294618,N,YARRA,YARRA,-37.80797,144.99631,3067
239628,T20150019682,20/09/2015,141840,23555,14.00.00,1,Collision with vehicle,1,Sunday,163,VEHICLE STRIKES DOOR OF PARKED/STATIONARY VEHICLE      ,1,Day,2,2,0,1,0,1,2,Cross intersection,3,Other Injury,60,A,S ,Bicycle,S ,1,1,H,F,2,9,Stop-go lights,9999,SLATER,STREET,ST KILDA,ROAD,19,E,229693,I,MELBOURNE,MELBOURNE,-37.83903,144.97679,3004
239783,T20150019839,22/09/2015,141840,23555,21.50.00,2,Struck Pedestrian,3,Tuesday,100,PED NEAR SIDE. PED HIT BY VEHICLE FROM THE RIGHT.      ,3,Dark Street lights on,1,2,0,2,0,0,1,Not at intersection,3,Other Injury,40,A,W ,Bicycle,W ,1,18,H,F,1,1,Stop-go lights,5287,SWAN,STREET,CHURCH,STREET,13,W,294300,N,YARRA,YARRA,-37.82567,144.99778,3121
239774,T20150019821,23/09/2015,141840,23555,21.50.00,1,Collision with vehicle,3,Wednesday,121,RIGHT THROUGH                        ,3,Dark Street lights on,2,2,1,0,0,1,1,Cross intersection,2,Hospitilisation,60,B,S ,Bicycle,S ,1,1,H,F,2,1,No control,9999,JOHNSON,STREET,MUNRO,STREET,0,N,36804,I,PORT PHILLIP,PORT PHILLIP,-37.82948,144.9461,3205
239884,T20150019950,26/09/2015,141840,23555,10.45.00,8,No collision and no object struck,6,Saturday,174,OUT OF CONTROL ON CARRIAGEWAY (ON STRAIGHT)         ,1,Day,1,1,1,0,0,0,1,T intersection,2,Hospitilisation,40,B,N ,Bicycle,N ,3,18,H,N,2,1,No control,9999,SMITH,STREET,KERR,STREET,0,S,36135,I,YARRA,YARRA,-37.79736,144.98455,3066
239915,T20150019975,26/09/2015,141840,23555,08.40.00,1,Collision with vehicle,7,Saturday,133,LANE SIDE SWIPE (VEHICLES IN PARALLEL LANES)        ,1,Day,2,2,0,1,0,1,2,Not at intersection,3,Other Injury,40,A,S ,Bicycle,S ,1,1,H,1,0,1,No control,9999,ST KILDA,ROAD,ST KILDA,ROAD,40,SE,294805,N,MELBOURNE,MELBOURNE,-37.8203,144.9689,3004
240083,T20150020182,29/09/2015,141840,23555,19.33.00,1,Collision with vehicle,2,Tuesday,110,CROSS TRAFFIC(INTERSECTIONS ONLY)              ,3,Dark Street lights on,2,2,0,1,0,1,1,Cross intersection,3,Other Injury,60,B,W ,Bicycle,W ,1,1,H,5,2,1,Stop-go lights,5046,ELIZABETH,STREET,QUEENSBERRY,STREET,0,S,83,I,MELBOURNE,MELBOURNE,-37.80404,144.95847,3000
240246,T20150020326,1/10/2015,141840,23555,19.07.00,2,Struck Pedestrian,5,Thursday,108,PED STRUCK WALKING TO/FROM OR BOARDING/ALIGHTING VEHICLE.  ,3,Dark Street lights on,1,2,0,1,0,1,1,Cross intersection,3,Other Injury,999,A,N ,Bicycle,N ,1,1,H,F,1,6,No control,9999,RATHDOWNE,STREET,VICTORIA,STREET,8,N,294547,N,MELBOURNE,MELBOURNE,-37.80722,144.96886,3053
240297,T20150020384,1/10/2015,141840,23555,07.30.00,1,Collision with vehicle,5,Thursday,121,RIGHT THROUGH                        ,1,Day,2,2,1,0,0,1,1,Not at intersection,2,Hospitilisation,40,A,SW,Bicycle,SW,1,1,H,F,0,1,No control,9999,LA TROBE,STREET,SWANSTON,STREET,114,W,269267,N,MELBOURNE,MELBOURNE,-37.80995,144.96261,3000
240298,T20150020384,1/10/2015,141840,23555,07.30.00,1,Collision with vehicle,5,Thursday,121,RIGHT THROUGH                        ,1,Day,2,2,1,0,0,1,1,Not at intersection,2,Hospitilisation,40,A,SW,Bicycle,SW,1,1,H,F,0,1,No control,9999,LA TROBE,STREET,SWANSTON,STREET,114,W,269267,N,MELBOURNE,MELBOURNE,-37.80995,144.96261,3000
241102,T20150021191,1/10/2015,141840,23555,12.15.00,1,Collision with vehicle,5,Thursday,163,VEHICLE STRIKES DOOR OF PARKED/STATIONARY VEHICLE      ,1,Day,2,2,0,1,0,1,2,Not at intersection,3,Other Injury,40,B,S ,Bicycle,S ,1,1,H,5,2,9,No control,5499,CHURCH,STREET,SWAN,STREET,30,N,78244,N,YARRA,YARRA,-37.82542,144.99798,3121
240438,T20150020535,5/10/2015,141840,23555,00.30.00,1,Collision with vehicle,1,Monday,113,RIGHT NEAR (INTERSECTIONS ONLY)               ,3,Dark Street lights on,2,2,0,1,0,1,1,T intersection,3,Other Injury,60,B,W ,Bicycle,W ,1,1,H,5,2,2,Stop-go lights,5082,VICTORIA,STREET,LA TROBE,STREET,0,W,65610,I,MELBOURNE,MELBOURNE,-37.80749,144.9707,3053
240439,T20150020535,5/10/2015,141840,23555,00.30.00,1,Collision with vehicle,1,Monday,113,RIGHT NEAR (INTERSECTIONS ONLY)               ,3,Dark Street lights on,2,2,0,1,0,1,1,T intersection,3,Other Injury,60,B,W ,Bicycle,W ,1,1,H,5,2,2,Stop-go lights,5082,VICTORIA,STREET,LA TROBE,STREET,0,W,65610,I,MELBOURNE,MELBOURNE,-37.80749,144.9707,3053
240461,T20150020567,5/10/2015,141840,23555,10.35.00,1,Collision with vehicle,2,Monday,130,REAR END(VEHICLES IN SAME LANE)               ,1,Day,3,4,0,1,0,3,1,Not at intersection,3,Other Injury,40,C,SW,Bicycle,SW,1,8,H,F,2,9,No control,9999,LONSDALE,STREET,SPRING,STREET,67,W,295066,N,MELBOURNE,MELBOURNE,-37.80961,144.97143,3000
240465,T20150020569,5/10/2015,141840,23555,08.15.00,1,Collision with vehicle,2,Monday,163,VEHICLE STRIKES DOOR OF PARKED/STATIONARY VEHICLE      ,1,Day,3,4,0,1,0,3,1,Cross intersection,3,Other Injury,40,B,SE,Bicycle,S ,1,1,H,F,2,1,No control,9999,SACKVILLE,STREET,WELLINGTON,STREET,0,W,36627,I,YARRA,YARRA,-37.79857,144.98746,3066
240538,T20150020640,6/10/2015,141840,23555,09.20.00,1,Collision with vehicle,3,Tuesday,163,VEHICLE STRIKES DOOR OF PARKED/STATIONARY VEHICLE      ,1,Day,2,3,0,1,0,2,1,Not at intersection,3,Other Injury,40,B,SW,Bicycle,SW,1,1,H,F,2,6,Stop-go lights,9999,MACARTHUR,STREET,SPRING,STREET,84,NE,295467,N,MELBOURNE,MELBOURNE,-37.81263,144.97435,3002
240776,T20150020875,7/10/2015,141840,23555,06.30.00,8,No collision and no object struck,4,Wednesday,174,OUT OF CONTROL ON CARRIAGEWAY (ON STRAIGHT)         ,2,Dusk/Dawn,2,2,0,1,0,1,2,Cross intersection,3,Other Injury,60,A,N ,Bicycle,N ,6,6,H,F,1,1,Stop-go lights,2240,CITY,ROAD,SOUTHBANK,BOULEVARD,0,SW,29425,I,MELBOURNE,MELBOURNE,-37.8227,144.96395,3006
241478,T20150021561,8/10/2015,141840,23555,17.45.00,1,Collision with vehicle,5,Thursday,142,LEAVING PARKING                       ,2,Dusk/Dawn,2,2,0,1,0,1,2,Not at intersection,3,Other Injury,60,A,S ,Bicycle,S ,1,1,H,F,0,5,No control,5882,ST KILDA,ROAD,COVENTRY,STREET,37,S,296153,N,MELBOURNE,MELBOURNE,-37.82899,144.97155,3004
241571,T20150021664,9/10/2015,141840,23555,21.00.00,1,Collision with vehicle,6,Friday,163,VEHICLE STRIKES DOOR OF PARKED/STATIONARY VEHICLE      ,1,Day,2,2,0,1,0,1,2,Not at intersection,3,Other Injury,60,A,W ,Bicycle,W ,1,1,H,5,2,1,No control,9999,ELGIN,STREET,DAVID,STREET,18,E,297672,N,MELBOURNE,MELBOURNE,-37.79765,144.97202,3053
245145,T20150025279,9/10/2015,141840,23555,18.00.00,1,Collision with vehicle,6,Friday,163,VEHICLE STRIKES DOOR OF PARKED/STATIONARY VEHICLE      ,2,Dusk/Dawn,2,2,1,0,0,1,2,Not at intersection,2,Hospitilisation,40,B,N ,Bicycle,N ,1,18,H,F,9,9,No control,9999,RATHDOWNE,STREET,RENTAL,TERRACE,79,N,298214,N,MELBOURNE,MELBOURNE,-37.80606,144.96906,3053
240967,T20150021078,12/10/2015,141840,23555,14.25.00,1,Collision with vehicle,2,Monday,110,CROSS TRAFFIC(INTERSECTIONS ONLY)              ,1,Day,2,2,1,0,0,1,1,Cross intersection,2,Hospitilisation,50,B,SE,Bicycle,SE,1,1,H,F,2,1,Stop-go lights,9999,EXHIBITION,STREET,LA TROBE,STREET,0,N,29396,I,MELBOURNE,MELBOURNE,-37.80816,144.96874,3000