,ACCIDENT_NO,ACCIDENTDATE,CYCLISTS,CYCLISTS_COUNT_LS,ACCIDENTTIME,ACCIDENT_TYPE,ACCIDENT_TYPE_DESC,DAY_OF_WEEK,DAY_WEEK_DESC,DCA_CODE,DCA Description,LIGHT_CONDITION,LIGHT_CONDITION_DEC,NO_OF_VEHICLES,NO_PERSONS,NO_PERSONS_INJ_2,NO_PERSONS_INJ_3,NO_PERSONS_KILLED,NO_PERSONS_NOT_INJ,POLICE_ATTEND,ROAD_GEOMETRY_DESC,SEVERITY,SEVERITY_DESC,SPEED_ZONE,VEHICLE_ID,INITIAL_DIRECTION,Vehicle Type Desc,FINAL_DIRECTION,DRIVER_INTENT,VEHICLE_MOVEMENT,TRAILER_TYPE,INITIAL_IMPACT,LAMPS,LEVEL_OF_DAMAGE,TRAFFIC_CONTROL_DESC,ROAD_ROUTE_1,ROAD_NAME,ROAD_TYPE,ROAD_NAME_INT,ROAD_TYPE_INT,DISTANCE_LOCATION,DIRECTION_LOCATION,NODE_ID,NODE_TYPE,LGA_NAME,Lga Name All,Lat,Long,Postcode No
250855,T20160003809,19/02/2016,152712,23555,18.00.00,1,Collision with vehicle,6,Friday,110,CROSS TRAFFIC(INTERSECTIONS ONLY)              ,1,Day,2,2,0,1,0,1,2,Cross intersection,3,Other Injury,60,B,N ,Bicycle,N ,1,1,H,1,2,1,Giveway sign,5853,JOHNSTON,STREET,GORE,STREET,0,W,29403,I,YARRA,YARRA,-37.79883,144.98308,3065
250817,T20160003781,20/02/2016,152712,23555,13.00.00,1,Collision with vehicle,6,Saturday,121,RIGHT THROUGH                        ,1,Day,2,2,0,1,0,1,1,Cross intersection,3,Other Injury,60,B,S ,Bicycle,S ,1,1,H,1,2,1,Stop-go lights,9999,ELGIN,STREET,RATHDOWNE,STREET,0,W,36370,I,MELBOURNE,MELBOURNE,-37.79748,144.97049,3053
251079,T20160004029,23/02/2016,152712,23555,08.45.00,1,Collision with vehicle,2,Tuesday,116,LEFT NEAR (INTERSECTIONS ONLY)               ,1,Day,2,2,0,1,0,1,2,T intersection,3,Other Injury,60,B,S ,Bicycle,S ,1,1,H,R,2,2,Stop sign,9999,BARKLY,STREET,RATHDOWNE,STREET,0,NE,36377,I,MELBOURNE,MELBOURNE,-37.80076,144.96994,3053
251100,T20160004044,23/02/2016,152712,23555,08.30.00,1,Collision with vehicle,2,Tuesday,119,OTHER ADJACENT (INTERSECTIONS ONLY)             ,1,Day,2,2,0,1,0,1,2,T intersection,3,Other Injury,999,B,N ,Bicycle,N ,1,1,H,F,2,5,Stop sign,9999,LINCOLN,SQUARE,SWANSTON,STREET,0,W,36277,I,MELBOURNE,MELBOURNE,-37.80322,144.96349,3053
251701,T20160004685,23/02/2016,152712,23555,08.00.00,1,Collision with vehicle,3,Tuesday,163,VEHICLE STRIKES DOOR OF PARKED/STATIONARY VEHICLE      ,1,Day,2,2,0,1,0,1,2,Not at intersection,3,Other Injury,999,B,W ,Bicycle,W ,1,1,H,F,2,1,No control,9999,BRADY,STREET,WHITE,STREET,33,W,300309,N,PORT PHILLIP,PORT PHILLIP,-37.82639,144.94421,3205
251319,T20160004252,24/02/2016,152712,23555,16.00.00,1,Collision with vehicle,4,Wednesday,140,U TURN                           ,1,Day,2,2,0,1,0,1,2,Not at intersection,3,Other Injury,50,A,SE,Bicycle,SE,1,1,H,F,2,1,No control,9999,VICTORIA,CRESCENT,ZETLAND,STREET,85,NW,302147,N,YARRA,YARRA,-37.80682,144.99843,3067
251353,T20160004298,26/02/2016,152712,23555,11.22.00,1,Collision with vehicle,5,Friday,137,LEFT TURN SIDESWIPE                     ,1,Day,2,2,0,1,0,1,1,Not at intersection,3,Other Injury,60,B,S ,Bicycle,S ,1,13,H,F,2,1,No control,-1,ROYAL,PARADE,,,0,NK,314330,O,MELBOURNE,MELBOURNE,-37.79744,144.95801,3052
251467,T20160004453,27/02/2016,152712,23555,17.50.00,1,Collision with vehicle,7,Saturday,110,CROSS TRAFFIC(INTERSECTIONS ONLY)              ,2,Dusk/Dawn,2,2,0,1,0,1,1,Cross intersection,3,Other Injury,40,B,W ,Bicycle,W ,1,1,H,F,2,1,Stop-go lights,9999,FLINDERS,LANE,SWANSTON,STREET,0,E,35364,I,MELBOURNE,MELBOURNE,-37.81649,144.96699,3000
251487,T20160004481,28/02/2016,152712,23555,15.59.00,1,Collision with vehicle,1,Sunday,163,VEHICLE STRIKES DOOR OF PARKED/STATIONARY VEHICLE      ,1,Day,2,2,0,1,0,1,1,Not at intersection,3,Other Injury,60,B,E ,Bicycle,E ,1,1,H,F,2,6,No control,5082,VICTORIA,STREET,COBDEN,STREET,47,E,300324,N,MELBOURNE,MELBOURNE,-37.80606,144.95764,3051
251601,T20160004606,29/02/2016,152712,23555,12.30.00,1,Collision with vehicle,2,Monday,137,LEFT TURN SIDESWIPE                     ,1,Day,2,2,0,1,0,1,2,Cross intersection,3,Other Injury,60,A,S ,Bicycle,S ,1,1,H,1,2,1,Stop-go lights,5019,ALEXANDRA,AVENUE,CHAPEL,STREET,0,NW,35414,I,STONNINGTON,STONNINGTON,-37.83484,144.99656,3141
251723,T20160004706,29/02/2016,152712,23555,17.50.00,1,Collision with vehicle,2,Monday,163,VEHICLE STRIKES DOOR OF PARKED/STATIONARY VEHICLE      ,1,Day,3,3,1,1,0,1,2,Not at intersection,2,Hospitilisation,40,A,S ,Bicycle,S ,6,1,H,F,2,3,No control,5318,CLARENDON,STREET,CHESSELL,STREET,25,S,300473,N,PORT PHILLIP,PORT PHILLIP,-37.82933,144.95888,3006
251724,T20160004706,29/02/2016,152712,23555,17.50.00,1,Collision with vehicle,2,Monday,163,VEHICLE STRIKES DOOR OF PARKED/STATIONARY VEHICLE      ,1,Day,3,3,1,1,0,1,2,Not at intersection,2,Hospitilisation,40,B,S ,Bicycle,S ,1,1,H,F,2,1,No control,5318,CLARENDON,STREET,CHESSELL,STREET,25,S,300473,N,PORT PHILLIP,PORT PHILLIP,-37.82933,144.95888,3006
251785,T20160004765,2/03/2016,152712,23555,18.00.00,1,Collision with vehicle,4,Wednesday,137,LEFT TURN SIDESWIPE                     ,5,Dark No street lights,2,3,0,1,0,2,2,Cross intersection,3,Other Injury,40,A,NE,Bicycle,NE,1,1,H,F,2,2,Stop-go lights,9999,EXHIBITION,STREET,LA TROBE,STREET,0,N,29396,I,MELBOURNE,MELBOURNE,-37.80816,144.96874,3000
251786,T20160004765,2/03/2016,152712,23555,18.00.00,1,Collision with vehicle,4,Wednesday,137,LEFT TURN SIDESWIPE                     ,5,Dark No street lights,2,3,0,1,0,2,2,Cross intersection,3,Other Injury,40,A,NE,Bicycle,NE,1,1,H,F,2,2,Stop-go lights,9999,EXHIBITION,STREET,LA TROBE,STREET,0,N,29396,I,MELBOURNE,MELBOURNE,-37.80816,144.96874,3000
251900,T20160004883,4/03/2016,152712,23555,08.30.00,1,Collision with vehicle,6,Friday,121,RIGHT THROUGH                        ,1,Day,2,2,0,1,0,1,1,Cross intersection,3,Other Injury,50,B,SE,Bicycle,SE,1,1,H,F,0,1,Giveway sign,5061,SPENCER,STREET,ROSSLYN,STREET,0,SE,36815,I,MELBOURNE,MELBOURNE,-37.80928,144.94939,3003
252494,T20160005492,4/03/2016,152712,23555,15.30.00,1,Collision with vehicle,5,Friday,120,HEAD ON (NOT OVERTAKING)                  ,1,Day,2,2,1,0,0,1,2,Cross intersection,2,Hospitilisation,50,B,E ,Bicycle,E ,1,1,H,F,2,1,No control,9999,MOOR,STREET,FITZROY,STREET,0,W,305763,I,YARRA,YARRA,-37.8015,144.97682,3065
252021,T20160004996,5/03/2016,152712,23555,13.09.00,1,Collision with vehicle,7,Saturday,134,LANE CHANGE RIGHT (NOT OVERTAKING)             ,1,Day,2,2,0,1,0,1,2,Not at intersection,3,Other Injury,30,A,N ,Bicycle,N ,6,6,H,R,2,6,No control,9999,SWANSTON,STREET,FLINDERS,LANE,33,S,306373,N,MELBOURNE,MELBOURNE,-37.81676,144.96712,3000
252133,T20160005107,7/03/2016,152712,23555,08.25.00,1,Collision with vehicle,2,Monday,130,REAR END(VEHICLES IN SAME LANE)               ,1,Day,2,2,0,1,0,1,2,Not at intersection,3,Other Injury,40,B,E ,Bicycle,E ,1,1,H,F,9,1,Unknown,9999,COLLINS,STREET,MANCHESTER,LANE,37,W,300714,N,MELBOURNE,MELBOURNE,-37.81584,144.96536,3000
252340,T20160005318,8/03/2016,152712,23555,17.45.00,1,Collision with vehicle,3,Tuesday,163,VEHICLE STRIKES DOOR OF PARKED/STATIONARY VEHICLE      ,1,Day,2,2,0,1,0,1,2,Not at intersection,3,Other Injury,40,B,E ,Bicycle,E ,1,1,H,F,2,9,No control,9999,QUEENSBERRY,STREET,SWANSTON,STREET,23,E,301059,N,MELBOURNE,MELBOURNE,-37.80459,144.96352,3053
253755,T20160006866,9/03/2016,152712,23555,17.30.00,1,Collision with vehicle,3,Wednesday,137,LEFT TURN SIDESWIPE                     ,1,Day,2,2,0,1,0,1,2,T intersection,3,Other Injury,50,B,N ,Bicycle,N ,1,1,H,5,2,2,No control,9999,DERBY,STREET,WELLINGTON,STREET,0,E,36610,I,YARRA,YARRA,-37.80711,144.98599,3066
254171,T20160007292,10/03/2016,152712,23555,08.35.00,1,Collision with vehicle,5,Thursday,163,VEHICLE STRIKES DOOR OF PARKED/STATIONARY VEHICLE      ,1,Day,2,2,1,0,0,1,2,Not at intersection,2,Hospitilisation,60,A,NW,Bicycle,NW,1,1,H,5,2,9,No control,5987,MONTAGUE,STREET,BUCKHURST,STREET,12,SE,303301,N,PORT PHILLIP,PORT PHILLIP,-37.83107,144.95047,3205
254885,T20160008045,10/03/2016,152712,23555,20.00.00,1,Collision with vehicle,5,Thursday,163,VEHICLE STRIKES DOOR OF PARKED/STATIONARY VEHICLE      ,6,Dark Street lights unknown,2,2,0,1,0,1,2,Not at intersection,3,Other Injury,999,B,N ,Bicycle,N ,1,1,H,F,2,1,No control,9999,GRANT,STREET,STURT,STREET,31,E,302487,N,MELBOURNE,MELBOURNE,-37.82614,144.96685,3006
252466,T20160005454,11/03/2016,152712,23555,09.10.00,1,Collision with vehicle,5,Friday,135,LANE CHANGE LEFT (NOT OVERTAKING)              ,1,Day,3,3,1,0,0,2,1,Cross intersection,2,Hospitilisation,40,B,S ,Bicycle,S ,6,1,H,F,2,1,Stop-go lights,9999,EXHIBITION,STREET,LITTLE LONSDALE,STREET,0,N,35365,I,MELBOURNE,MELBOURNE,-37.80914,144.9692,3000
253366,T20160006429,14/03/2016,152712,23555,14.20.00,1,Collision with vehicle,2,Monday,119,OTHER ADJACENT (INTERSECTIONS ONLY)             ,1,Day,2,2,0,1,0,1,2,T intersection,3,Other Injury,60,A,N ,Bicycle,N ,1,1,H,8,2,2,No control,9999,DERBY,STREET,WELLINGTON,STREET,0,E,36610,I,YARRA,YARRA,-37.80711,144.98599,3066
252767,T20160005787,15/03/2016,152712,23555,08.30.00,1,Collision with vehicle,2,Tuesday,163,VEHICLE STRIKES DOOR OF PARKED/STATIONARY VEHICLE      ,1,Day,2,2,0,1,0,1,2,Not at intersection,3,Other Injury,60,A,N ,Bicycle,N ,7,7,H,F,0,1,Stop-go lights,5065,PEEL,STREET,VICTORIA,STREET,95,S,301789,N,MELBOURNE,MELBOURNE,-37.80672,144.95585,3003
253000,T20160006047,16/03/2016,152712,23555,21.03.00,1,Collision with vehicle,4,Wednesday,136,RIGHT TURN SIDESWIPE                    ,3,Dark Street lights on,2,2,0,1,0,1,1,Cross intersection,3,Other Injury,60,B,S ,Bicycle,W ,2,2,H,F,1,2,Stop-go lights,5065,PEEL,STREET,QUEENSBERRY,STREET,0,S,36214,I,MELBOURNE,MELBOURNE,-37.8038,144.95636,3051
252948,T20160005976,17/03/2016,152712,23555,10.15.00,1,Collision with vehicle,5,Thursday,137,LEFT TURN SIDESWIPE                     ,1,Day,2,2,0,1,0,1,2,Cross intersection,3,Other Injury,40,B,SW,Bicycle,SW,1,1,H,F,2,5,Stop-go lights,5041,KING,STREET,LA TROBE,STREET,0,S,65831,I,MELBOURNE,MELBOURNE,-37.81247,144.95392,3003
252949,T20160005976,17/03/2016,152712,23555,10.15.00,1,Collision with vehicle,5,Thursday,137,LEFT TURN SIDESWIPE                     ,1,Day,2,2,0,1,0,1,2,Cross intersection,3,Other Injury,40,B,SW,Bicycle,SW,1,1,H,F,2,5,Stop-go lights,5041,KING,STREET,LA TROBE,STREET,0,S,65831,I,MELBOURNE,MELBOURNE,-37.81247,144.95392,3003
253988,T20160007113,17/03/2016,152712,23555,19.40.00,1,Collision with vehicle,5,Thursday,163,VEHICLE STRIKES DOOR OF PARKED/STATIONARY VEHICLE      ,2,Dusk/Dawn,2,2,0,1,0,1,2,Not at intersection,3,Other Injury,40,B,N ,Bicycle,N ,1,1,H,F,2,2,No control,9999,SMITH,STREET,HODGSON,STREET,20,N,301661,N,YARRA,YARRA,-37.80157,144.98382,3066
253282,T20160006342,21/03/2016,152712,23555,18.25.00,1,Collision with vehicle,1,Monday,121,RIGHT THROUGH                        ,2,Dusk/Dawn,2,2,0,1,0,1,1,T intersection,3,Other Injury,60,B,E ,Bicycle,E ,1,1,H,F,2,5,No control,9999,DALLAS BROOKS,DRIVE,DOMAIN,ROAD,0,N,373,I,MELBOURNE,MELBOURNE,-37.83332,144.97617,3004
254036,T20160007153,21/03/2016,152712,23555,14.35.00,1,Collision with vehicle,2,Monday,110,CROSS TRAFFIC(INTERSECTIONS ONLY)              ,1,Day,2,2,0,1,0,1,2,Cross intersection,3,Other Injury,60,B,NE,Bicycle,NE,1,1,H,F,2,1,Stop-go lights,9999,LINLITHGOW,AVENUE,ST KILDA,ROAD,0,W,231563,I,MELBOURNE,MELBOURNE,-37.82326,144.97034,3004
253713,T20160006833,22/03/2016,152712,23555,18.25.00,1,Collision with vehicle,3,Tuesday,160,VEHICLE COLLIDES WITH VEHICLE PARKED ON LEFT OF ROAD    ,1,Day,2,2,1,0,0,1,1,Not at intersection,2,Hospitilisation,40,A,SW,Bicycle,SW,7,7,H,F,2,6,No control,5490,CHAPEL,STREET,MALCOLM,STREET,103,N,301408,N,STONNINGTON,STONNINGTON,-37.83591,144.99635,3141
253491,T20160006555,23/03/2016,152712,23555,08.50.00,1,Collision with vehicle,4,Wednesday,163,VEHICLE STRIKES DOOR OF PARKED/STATIONARY VEHICLE      ,1,Day,2,2,0,1,0,1,2,T intersection,3,Other Injury,999,B,E ,Bicycle,E ,1,1,H,F,2,1,No control,9999,ELGIN,STREET,COCHRANE,PLACE,4,E,301743,N,MELBOURNE,MELBOURNE,-37.79724,144.96825,3053
253606,T20160006709,23/03/2016,152712,23555,10.40.00,1,Collision with vehicle,4,Wednesday,137,LEFT TURN SIDESWIPE                     ,1,Day,2,2,1,0,0,1,2,T intersection,2,Hospitilisation,50,A,S ,Bicycle,S ,1,13,H,F,9,1,No control,9999,ROBERT,STREET,WELLINGTON,STREET,0,E,36607,I,YARRA,YARRA,-37.8056,144.98624,3066
253664,T20160006775,24/03/2016,152712,23555,19.30.00,1,Collision with vehicle,4,Thursday,137,LEFT TURN SIDESWIPE                     ,2,Dusk/Dawn,2,2,0,1,0,1,2,T intersection,3,Other Injury,60,A,E ,Bicycle,E ,1,1,H,F,0,1,No control,5083,VICTORIA,PARADE,CAMBRIDGE,STREET,0,W,57453,I,YARRA,YARRA,-37.80895,144.98479,3066
254761,T20160007909,26/03/2016,152712,23555,09.40.00,1,Collision with vehicle,6,Saturday,163,VEHICLE STRIKES DOOR OF PARKED/STATIONARY VEHICLE      ,1,Day,2,3,0,1,0,2,2,Not at intersection,3,Other Injury,60,B,S ,Bicycle,S ,1,1,H,F,2,1,No control,9999,WELLINGTON,STREET,GIPPS,STREET,35,N,303155,N,YARRA,YARRA,-37.80412,144.9865,3066
253634,T20160006744,27/03/2016,152712,23555,10.30.00,2,Struck Pedestrian,0,Sunday,108,PED STRUCK WALKING TO/FROM OR BOARDING/ALIGHTING VEHICLE.  ,1,Day,1,2,0,1,0,1,2,T intersection,3,Other Injury,40,A,N ,Bicycle,N ,1,1,H,F,9,9,No control,5499,CHURCH,STREET,WILLIS,STREET,5,S,301387,N,YARRA,YARRA,-37.82965,144.99722,3121
253811,T20160006931,30/03/2016,152712,23555,07.45.00,1,Collision with vehicle,4,Wednesday,163,VEHICLE STRIKES DOOR OF PARKED/STATIONARY VEHICLE      ,2,Dusk/Dawn,2,2,0,1,0,1,1,Not at intersection,3,Other Injury,40,B,SE,Bicycle,SE,1,1,H,F,1,1,No control,9999,WILLIAM,STREET,WILLIAM,STREET,46,N,301544,N,MELBOURNE,MELBOURNE,-37.81922,144.95984,3000
253910,T20160007043,31/03/2016,152712,23555,15.30.00,1,Collision with vehicle,5,Thursday,116,LEFT NEAR (INTERSECTIONS ONLY)               ,1,Day,2,2,0,1,0,1,2,T intersection,3,Other Injury,60,A,S ,Bicycle,S ,1,1,H,F,2,1,Giveway sign,5736,NICHOLSON,STREET,PRINCES,STREET,0,S,36445,I,MELBOURNE,"MELBOURNE,YARRA",-37.80677,144.97338,3065
254023,T20160007140,1/04/2016,152712,23555,07.40.00,1,Collision with vehicle,5,Friday,163,VEHICLE STRIKES DOOR OF PARKED/STATIONARY VEHICLE      ,1,Day,2,2,0,1,0,1,2,Not at intersection,3,Other Injury,999,B,E ,Bicycle,E ,1,1,H,F,2,9,No control,8009,WELLINGTON,PARADE,SIMPSON,STREET,35,E,301888,N,MELBOURNE,MELBOURNE,-37.81666,144.98817,3002
254092,T20160007206,2/04/2016,152712,23555,19.00.00,1,Collision with vehicle,7,Saturday,121,RIGHT THROUGH                        ,2,Dusk/Dawn,2,2,0,1,0,1,1,Cross intersection,3,Other Injury,50,B,N ,Bicycle,N ,1,1,H,1,2,1,Stop-go lights,9999,ELGIN,STREET,RATHDOWNE,STREET,0,W,36370,I,MELBOURNE,MELBOURNE,-37.79748,144.97049,3053
254123,T20160007245,3/04/2016,152712,23555,10.50.00,1,Collision with vehicle,0,Sunday,137,LEFT TURN SIDESWIPE                     ,1,Day,2,2,0,1,0,1,2,T intersection,3,Other Injury,60,A,NE,Bicycle,NE,1,1,H,1,2,1,No control,5738,BAY,STREET,POOL,STREET,0,SW,37416,I,PORT PHILLIP,PORT PHILLIP,-37.83727,144.94356,3207
254185,T20160007305,4/04/2016,152712,23555,08.20.00,1,Collision with vehicle,2,Monday,137,LEFT TURN SIDESWIPE                     ,1,Day,2,2,0,1,0,1,1,T intersection,3,Other Injury,60,B,E ,Bicycle,E ,1,1,H,F,9,6,No control,9999,ARDEN,STREET,LANGFORD,STREET,0,W,36065,I,MELBOURNE,MELBOURNE,-37.7996,144.93746,3051
254402,T20160007542,6/04/2016,152712,23555,17.30.00,1,Collision with vehicle,3,Wednesday,163,VEHICLE STRIKES DOOR OF PARKED/STATIONARY VEHICLE      ,2,Dusk/Dawn,2,2,0,1,0,1,1,Not at intersection,3,Other Injury,50,B,E ,Bicycle,E ,1,13,H,5,2,6,No control,9999,GRATTAN,STREET,WATT,LANE,15,E,301895,N,MELBOURNE,MELBOURNE,-37.80081,144.96755,3053
257205,T20160010451,6/04/2016,152712,23555,09.10.00,1,Collision with vehicle,4,Wednesday,130,REAR END(VEHICLES IN SAME LANE)               ,1,Day,2,2,0,1,0,1,1,T intersection,3,Other Injury,40,A,S ,Bicycle,S ,1,1,H,F,2,2,No control,9999,ERIN,STREET,LENNOX,STREET,0,W,37121,I,YARRA,YARRA,-37.81681,144.99484,3121
254428,T20160007575,7/04/2016,152712,23555,08.30.00,1,Collision with vehicle,5,Thursday,111,RIGHT FAR (INTERSECTIONS ONLY)               ,1,Day,2,2,0,1,0,1,2,Cross intersection,3,Other Injury,50,B,E ,Bicycle,E ,1,1,H,F,2,1,Unknown,9999,EASEY,STREET,GOLD,STREET,0,W,65180,I,YARRA,YARRA,-37.79806,144.9893,3066
254467,T20160007623,7/04/2016,152712,23555,18.50.00,1,Collision with vehicle,5,Thursday,121,RIGHT THROUGH                        ,3,Dark Street lights on,2,2,0,1,0,1,1,Cross intersection,3,Other Injury,60,B,N ,Bicycle,N ,1,1,H,F,2,2,Stop-go lights,9999,ELGIN,STREET,RATHDOWNE,STREET,0,W,36370,I,MELBOURNE,MELBOURNE,-37.79748,144.97049,3053
254509,T20160007660,8/04/2016,152712,23555,09.30.00,1,Collision with vehicle,5,Friday,133,LANE SIDE SWIPE (VEHICLES IN PARALLEL LANES)        ,1,Day,2,2,1,0,0,1,1,Cross intersection,2,Hospitilisation,60,A,S ,Bicycle,S ,1,8,H,4,2,1,Stop-go lights,5082,VICTORIA,STREET,RATHDOWNE,STREET,0,W,29397,I,MELBOURNE,MELBOURNE,-37.80729,144.96885,3053
254568,T20160007712,8/04/2016,152712,23555,16.00.00,1,Collision with vehicle,6,Friday,163,VEHICLE STRIKES DOOR OF PARKED/STATIONARY VEHICLE      ,1,Day,3,3,0,1,0,2,2,T intersection,3,Other Injury,40,B,SW,Bicycle,SW,1,1,H,F,2,1,No control,9999,COLLINS,STREET,ALFRED,PLACE,9,W,302545,N,MELBOURNE,MELBOURNE,-37.81444,144.97015,3000
254684,T20160007843,10/04/2016,152712,23555,17.35.00,1,Collision with vehicle,1,Sunday,133,LANE SIDE SWIPE (VEHICLES IN PARALLEL LANES)        ,3,Dark Street lights on,2,2,0,1,0,1,1,Multiple intersection,3,Other Injury,50,B,W ,Bicycle,W ,1,1,H,5,2,1,Stop-go lights,5736,NICHOLSON,STREET,JOHNSTON,STREET,15,S,142118,N,MELBOURNE,"MELBOURNE,YARRA",-37.79808,144.97485,3065
254972,T20160008131,14/04/2016,152712,23555,06.45.00,1,Collision with vehicle,5,Thursday,110,CROSS TRAFFIC(INTERSECTIONS ONLY)              ,1,Day,2,2,0,1,0,1,1,Cross intersection,3,Other Injury,40,B,N ,Bicycle,N ,1,1,H,F,2,5,Stop-go lights,5490,CHAPEL,STREET,TOORAK,ROAD,0,N,37719,I,STONNINGTON,STONNINGTON,-37.8395,144.99562,3141
255143,T20160008297,15/04/2016,152712,23555,17.15.00,1,Collision with vehicle,6,Friday,163,VEHICLE STRIKES DOOR OF PARKED/STATIONARY VEHICLE      ,1,Day,2,2,0,2,0,0,2,T intersection,3,Other Injury,999,B,S ,Bicycle,S ,1,1,H,F,2,1,No control,9999,RATHDOWNE,STREET,PITT,STREET,7,N,304409,N,MELBOURNE,MELBOURNE,-37.79557,144.97084,3053
257624,T20160010876,15/04/2016,152712,23555,08.40.00,1,Collision with vehicle,6,Friday,139,OTHER SAME DIRECTION-MANOUEVRES NOT INCLUDED IN DCAs 130-137,1,Day,2,2,0,2,0,0,2,Cross intersection,3,Other Injury,60,A,S ,Bicycle,S ,1,1,H,R,2,3,Stop-go lights,5083,VICTORIA,PARADE,BRUNSWICK,STREET,0,W,222037,I,YARRA,YARRA,-37.80811,144.97682,3065
255310,T20160008482,18/04/2016,152712,23555,19.05.00,1,Collision with vehicle,2,Monday,137,LEFT TURN SIDESWIPE                     ,3,Dark Street lights on,2,2,1,0,0,1,1,Cross intersection,2,Hospitilisation,60,A,W ,Bicycle,W ,1,1,H,2,1,9,Stop-go lights,5082,VICTORIA,STREET,RATHDOWNE,STREET,0,W,29397,I,MELBOURNE,MELBOURNE,-37.80729,144.96885,3053
255316,T20160008497,18/04/2016,152712,23555,14.00.00,1,Collision with vehicle,2,Monday,143,ENTERING PARKING                      ,1,Day,2,2,0,1,0,1,1,T intersection,3,Other Injury,50,B,E ,Bicycle,E ,1,1,H,F,9,1,No control,9999,ELGIN,STREET,MARKOV,PLACE,0,W,248878,I,MELBOURNE,MELBOURNE,-37.79737,144.9695,3053
255342,T20160008514,19/04/2016,152712,23555,09.27.00,1,Collision with vehicle,3,Tuesday,135,LANE CHANGE LEFT (NOT OVERTAKING)              ,1,Day,2,2,0,1,0,1,1,Not at intersection,3,Other Injury,60,B,S ,Bicycle,S ,1,1,H,F,2,1,No control,5979,ROYAL,PARADE,ELIZABETH,STREET,79,N,302563,N,MELBOURNE,MELBOURNE,-37.79901,144.95765,3052
255440,T20160008596,20/04/2016,152712,23555,09.35.00,1,Collision with vehicle,4,Wednesday,133,LANE SIDE SWIPE (VEHICLES IN PARALLEL LANES)        ,1,Day,3,2,0,1,0,1,1,Not at intersection,3,Other Injury,40,D,SE,Bicycle,SE,6,6,H,4,0,1,No control,9999,SWANSTON,STREET,FLINDERS,LANE,27,S,302436,N,MELBOURNE,MELBOURNE,-37.81672,144.9671,3000
256562,T20160009779,20/04/2016,152712,23555,11.55.00,1,Collision with vehicle,4,Wednesday,163,VEHICLE STRIKES DOOR OF PARKED/STATIONARY VEHICLE      ,1,Day,2,2,0,1,0,1,2,Cross intersection,3,Other Injury,40,A,SW,Bicycle,SW,15,1,H,F,2,9,Stop-go lights,9999,SPRING,STREET,COLLINS,STREET,0,N,36999,I,MELBOURNE,MELBOURNE,-37.81332,144.97395,3002
256563,T20160009779,20/04/2016,152712,23555,11.55.00,1,Collision with vehicle,4,Wednesday,163,VEHICLE STRIKES DOOR OF PARKED/STATIONARY VEHICLE      ,1,Day,2,2,0,1,0,1,2,Cross intersection,3,Other Injury,40,A,SW,Bicycle,SW,15,1,H,F,2,9,Stop-go lights,9999,SPRING,STREET,COLLINS,STREET,0,N,36999,I,MELBOURNE,MELBOURNE,-37.81332,144.97395,3002
255540,T20160008689,21/04/2016,152712,23555,06.00.00,1,Collision with vehicle,5,Thursday,133,LANE SIDE SWIPE (VEHICLES IN PARALLEL LANES)        ,3,Dark Street lights on,2,2,0,1,0,1,1,Not at intersection,3,Other Injury,60,B,NW,Bicycle,NW,1,1,H,1,1,6,No control,5597,LORIMER,STREET,ROGERS,STREET,44,W,302531,N,MELBOURNE,MELBOURNE,-37.82309,144.93735,3207
255543,T20160008691,21/04/2016,152712,23555,08.45.00,1,Collision with vehicle,5,Thursday,121,RIGHT THROUGH                        ,1,Day,2,2,0,1,0,1,2,Multiple intersection,3,Other Injury,50,A,S ,Bicycle,SW,2,2,H,5,2,9,Roundabout,9999,ANZAC,AVENUE,GOVERNMENT HOUSE,DRIVE,0,SW,29881,I,MELBOURNE,MELBOURNE,-37.82663,144.97238,3004
255614,T20160008761,22/04/2016,152712,23555,08.45.00,1,Collision with vehicle,6,Friday,133,LANE SIDE SWIPE (VEHICLES IN PARALLEL LANES)        ,1,Day,2,2,0,1,0,1,1,Not at intersection,3,Other Injury,40,B,SW,Bicycle,SW,1,1,H,F,2,6,No control,9999,COLLINS,STREET,COLLINS,PLACE,39,E,75748,N,MELBOURNE,MELBOURNE,-37.81344,144.97353,3000
255670,T20160008812,22/04/2016,152712,23555,20.05.00,1,Collision with vehicle,5,Friday,163,VEHICLE STRIKES DOOR OF PARKED/STATIONARY VEHICLE      ,3,Dark Street lights on,2,2,0,1,0,1,1,Not at intersection,3,Other Injury,40,B,NE,Bicycle,NE,1,1,H,F,2,6,No control,9999,BOURKE,STREET,RUSSELL,PLACE,22,E,302564,N,MELBOURNE,MELBOURNE,-37.81304,144.96732,3000
255783,T20160008947,24/04/2016,152712,23555,14.22.00,1,Collision with vehicle,1,Sunday,121,RIGHT THROUGH                        ,1,Day,2,2,0,1,0,1,1,Cross intersection,3,Other Injury,50,B,E ,Bicycle,E ,1,1,H,4,2,2,No control,5027,CURZON,STREET,QUEENSBERRY,STREET,0,S,36102,I,MELBOURNE,MELBOURNE,-37.80289,144.94815,3051