,ACCIDENT_NO,ACCIDENTDATE,CYCLISTS,CYCLISTS_COUNT_LS,ACCIDENTTIME,ACCIDENT_TYPE,ACCIDENT_TYPE_DESC,DAY_OF_WEEK,DAY_WEEK_DESC,DCA_CODE,DCA Description,LIGHT_CONDITION,LIGHT_CONDITION_DEC,NO_OF_VEHICLES,NO_PERSONS,NO_PERSONS_INJ_2,NO_PERSONS_INJ_3,NO_PERSONS_KILLED,NO_PERSONS_NOT_INJ,POLICE_ATTEND,ROAD_GEOMETRY_DESC,SEVERITY,SEVERITY_DESC,SPEED_ZONE,VEHICLE_ID,INITIAL_DIRECTION,Vehicle Type Desc,FINAL_DIRECTION,DRIVER_INTENT,VEHICLE_MOVEMENT,TRAILER_TYPE,INITIAL_IMPACT,LAMPS,LEVEL_OF_DAMAGE,TRAFFIC_CONTROL_DESC,ROAD_ROUTE_1,ROAD_NAME,ROAD_TYPE,ROAD_NAME_INT,ROAD_TYPE_INT,DISTANCE_LOCATION,DIRECTION_LOCATION,NODE_ID,NODE_TYPE,LGA_NAME,Lga Name All,Lat,Long,Postcode No
255960,T20160009144,26/04/2016,152712,23555,17.40.00,1,Collision with vehicle,3,Tuesday,163,VEHICLE STRIKES DOOR OF PARKED/STATIONARY VEHICLE      ,2,Dusk/Dawn,2,2,0,1,0,1,2,Not at intersection,3,Other Injury,60,B,S ,Bicycle,S ,1,1,H,F,0,1,No control,5128,ALBERT,ROAD,STEAD,STREET,95,NE,304782,N,PORT PHILLIP,PORT PHILLIP,-37.83594,144.97033,3205
256105,T20160009289,29/04/2016,152712,23555,08.30.00,1,Collision with vehicle,6,Friday,137,LEFT TURN SIDESWIPE                     ,1,Day,2,3,0,1,0,2,1,Not at intersection,3,Other Injury,40,B,NE,Bicycle,NE,1,1,H,F,9,1,No control,9999,LA TROBE,STREET,SUTHERLAND,STREET,20,E,303250,N,MELBOURNE,MELBOURNE,-37.81049,144.96077,3000
256106,T20160009289,29/04/2016,152712,23555,08.30.00,1,Collision with vehicle,6,Friday,137,LEFT TURN SIDESWIPE                     ,1,Day,2,3,0,1,0,2,1,Not at intersection,3,Other Injury,40,B,NE,Bicycle,NE,1,1,H,F,9,1,No control,9999,LA TROBE,STREET,SUTHERLAND,STREET,20,E,303250,N,MELBOURNE,MELBOURNE,-37.81049,144.96077,3000
256168,T20160009362,29/04/2016,152712,23555,06.00.00,1,Collision with vehicle,6,Friday,163,VEHICLE STRIKES DOOR OF PARKED/STATIONARY VEHICLE      ,3,Dark Street lights on,2,2,0,1,0,1,2,Not at intersection,3,Other Injury,40,B,SE,Bicycle,SE,1,1,H,F,9,1,No control,9999,WILLIAM,STREET,GRICE,ALLEY,14,N,302837,N,MELBOURNE,MELBOURNE,-37.81503,144.95791,3000
256266,T20160009474,29/04/2016,152712,23555,15.00.00,1,Collision with vehicle,6,Friday,148,VEHICLE OFF FOOTPATH STRIKES VEH ON CARRIAGEWAY,1,Day,2,2,0,1,0,1,2,Cross intersection,3,Other Injury,40,B,SW,Bicycle,SW,1,1,H,5,2,6,Other,9999,BANK,STREET,CECIL,STREET,0,E,37533,I,PORT PHILLIP,PORT PHILLIP,-37.83483,144.95861,3205
256369,T20160009565,2/05/2016,152712,23555,09.00.00,1,Collision with vehicle,2,Monday,121,RIGHT THROUGH                        ,1,Day,2,2,0,1,0,1,1,T intersection,3,Other Injury,60,B,NW,Bicycle,NW,1,1,H,F,9,1,No control,5130,FERRARS,STREET,COVENTRY,STREET,0,N,35395,I,PORT PHILLIP,PORT PHILLIP,-37.83332,144.95511,3205
256607,T20160009824,2/05/2016,152712,23555,07.35.00,1,Collision with vehicle,1,Monday,163,VEHICLE STRIKES DOOR OF PARKED/STATIONARY VEHICLE      ,1,Day,2,2,0,1,0,1,2,Cross intersection,3,Other Injury,40,A,NE,Bicycle,NE,1,1,H,F,2,1,Stop-go lights,9999,COLLINS,STREET,RUSSELL,STREET,0,E,36972,I,MELBOURNE,MELBOURNE,-37.81477,144.969,3000
256838,T20160010058,2/05/2016,152712,23555,08.20.00,1,Collision with vehicle,2,Monday,137,LEFT TURN SIDESWIPE                     ,1,Day,2,2,0,1,0,1,2,T intersection,3,Other Injury,40,A,SW,Bicycle,SW,1,1,H,F,0,5,No control,9999,LA TROBE,STREET,EXPLORATION,LANE,3,E,304446,N,MELBOURNE,MELBOURNE,-37.80838,144.96798,3000
256839,T20160010058,2/05/2016,152712,23555,08.20.00,1,Collision with vehicle,2,Monday,137,LEFT TURN SIDESWIPE                     ,1,Day,2,2,0,1,0,1,2,T intersection,3,Other Injury,40,A,SW,Bicycle,SW,1,1,H,F,0,5,No control,9999,LA TROBE,STREET,EXPLORATION,LANE,3,E,304446,N,MELBOURNE,MELBOURNE,-37.80838,144.96798,3000
256427,T20160009624,3/05/2016,152712,23555,08.22.00,1,Collision with vehicle,3,Tuesday,136,RIGHT TURN SIDESWIPE                    ,1,Day,2,2,0,1,0,1,1,Cross intersection,3,Other Injury,40,A,SE,Bicycle,SE,1,1,H,F,2,1,Stop-go lights,9999,ELIZABETH,STREET,FRANKLIN,STREET,0,N,36267,I,MELBOURNE,MELBOURNE,-37.80818,144.96038,3000
256535,T20160009737,4/05/2016,152712,23555,10.50.00,1,Collision with vehicle,4,Wednesday,163,VEHICLE STRIKES DOOR OF PARKED/STATIONARY VEHICLE      ,1,Day,2,2,0,1,0,1,2,Not at intersection,3,Other Injury,999,B,S ,Bicycle,S ,1,1,H,F,9,1,No control,9999,GISBORNE,STREET,ALBERT,STREET,68,N,306590,N,MELBOURNE,MELBOURNE,-37.80893,144.97575,3002
256573,T20160009788,5/05/2016,152712,23555,07.35.00,1,Collision with vehicle,5,Thursday,116,LEFT NEAR (INTERSECTIONS ONLY)               ,1,Day,2,3,0,1,0,2,1,T intersection,3,Other Injury,50,B,NE,Bicycle,NE,1,1,H,F,2,1,Giveway sign,5128,ALBERT,ROAD,STEAD,STREET,0,NE,35346,I,PORT PHILLIP,PORT PHILLIP,-37.83654,144.96955,3205
256679,T20160009892,6/05/2016,152712,23555,10.20.00,1,Collision with vehicle,5,Friday,112,LEFT FAR (INTERSECTIONS ONLY)                ,1,Day,2,2,0,1,0,1,1,T intersection,3,Other Injury,40,A,N ,Bicycle,N ,2,19,H,F,2,3,No control,9999,PEEL,STREET,SMITH,STREET,0,W,36571,I,YARRA,YARRA,-37.80498,144.98323,3066
256992,T20160010238,6/05/2016,152712,23555,17.00.00,1,Collision with vehicle,6,Friday,163,VEHICLE STRIKES DOOR OF PARKED/STATIONARY VEHICLE      ,1,Day,2,3,0,1,0,2,2,Not at intersection,3,Other Injury,50,B,NE,Bicycle,NE,1,1,H,F,2,1,Stop-go lights,9999,COLLINS,STREET,ELIZABETH,STREET,45,W,304790,N,MELBOURNE,MELBOURNE,-37.81636,144.96358,3000
258667,T20160011991,6/05/2016,152712,23555,18.40.00,1,Collision with vehicle,5,Friday,163,VEHICLE STRIKES DOOR OF PARKED/STATIONARY VEHICLE      ,2,Dusk/Dawn,2,3,1,0,0,2,2,Not at intersection,2,Hospitilisation,40,A,N ,Bicycle,N ,1,1,H,F,2,2,No control,5499,CHURCH,STREET,BERRY,STREET,22,N,307553,N,YARRA,YARRA,-37.81914,144.99907,3121
256951,T20160010195,9/05/2016,152712,23555,09.30.00,1,Collision with vehicle,2,Monday,143,ENTERING PARKING                      ,1,Day,2,2,0,1,0,1,2,Not at intersection,3,Other Injury,60,B,SE,Bicycle,SE,1,1,H,F,2,9,No control,5046,ELIZABETH,STREET,QUEENSBERRY,STREET,102,S,303206,N,MELBOURNE,MELBOURNE,-37.80492,144.95887,3000
257005,T20160010250,10/05/2016,152712,23555,07.30.00,1,Collision with vehicle,3,Tuesday,137,LEFT TURN SIDESWIPE                     ,1,Day,2,2,0,1,0,1,2,Not at intersection,3,Other Injury,999,B,E ,Bicycle,E ,1,1,H,1,2,9,Unknown,9999,ALBERT,STREET,MORRISON,PLACE,39,E,303626,N,MELBOURNE,MELBOURNE,-37.80968,144.977,3002
257649,T20160010901,12/05/2016,152712,23555,08.35.00,1,Collision with vehicle,5,Thursday,143,ENTERING PARKING                      ,1,Day,2,2,0,1,0,1,2,Not at intersection,3,Other Injury,60,A,S ,Bicycle,S ,1,1,H,5,2,1,No control,5979,ROYAL,PARADE,STORY,STREET,69,N,303567,N,MELBOURNE,MELBOURNE,-37.7965,144.95795,3052
257455,T20160010711,13/05/2016,152712,23555,17.10.00,1,Collision with vehicle,6,Friday,163,VEHICLE STRIKES DOOR OF PARKED/STATIONARY VEHICLE      ,2,Dusk/Dawn,2,3,0,1,0,2,2,T intersection,3,Other Injury,60,B,S ,Bicycle,S ,17,17,H,1,2,6,Stop-go lights,5490,CHAPEL,STREET,MALCOLM,STREET,0,N,37717,I,STONNINGTON,STONNINGTON,-37.83683,144.99616,3141
258481,T20160011793,13/05/2016,152712,23555,12.00.00,1,Collision with vehicle,5,Friday,163,VEHICLE STRIKES DOOR OF PARKED/STATIONARY VEHICLE      ,1,Day,3,3,0,1,0,2,2,Not at intersection,3,Other Injury,40,A,E ,Bicycle,E ,1,1,H,F,2,1,No control,9999,COLLINS,STREET,COLLINS,PLACE,36,W,304401,N,MELBOURNE,MELBOURNE,-37.81368,144.97272,3000
257440,T20160010694,14/05/2016,152712,23555,19.15.00,1,Collision with vehicle,6,Saturday,163,VEHICLE STRIKES DOOR OF PARKED/STATIONARY VEHICLE      ,3,Dark Street lights on,2,2,0,2,0,0,1,T intersection,3,Other Injury,60,B,E ,Bicycle,E ,1,1,H,5,2,1,No control,9999,ALBERT,STREET,GOTCH,LANE,0,E,250541,I,MELBOURNE,MELBOURNE,-37.81063,144.98552,3002
257401,T20160010652,15/05/2016,152712,23555,01.59.00,1,Collision with vehicle,1,Sunday,116,LEFT NEAR (INTERSECTIONS ONLY)               ,3,Dark Street lights on,2,2,0,1,0,1,2,Cross intersection,3,Other Injury,40,A,E ,Bicycle,E ,1,1,H,5,1,1,No control,2080,PUNT,ROAD,OLYMPIC,BOULEVARD,0,S,260,I,MELBOURNE,"MELBOURNE,YARRA",-37.82463,144.98884,3121
258387,T20160011677,15/05/2016,152712,23555,18.50.00,1,Collision with vehicle,1,Sunday,163,VEHICLE STRIKES DOOR OF PARKED/STATIONARY VEHICLE      ,3,Dark Street lights on,2,5,0,1,0,4,1,Not at intersection,3,Other Injury,40,B,N ,Bicycle,N ,1,1,H,F,2,9,No control,9999,SMITH,STREET,PEEL,STREET,23,S,303965,N,YARRA,YARRA,-37.80519,144.9832,3066
258081,T20160011371,16/05/2016,152712,23555,11.30.00,1,Collision with vehicle,2,Monday,137,LEFT TURN SIDESWIPE                     ,1,Day,2,3,0,1,0,2,2,Cross intersection,3,Other Injury,60,B,NW,Bicycle,NW,1,1,H,F,2,1,Stop-go lights,5839,NORMANBY,ROAD,MONTAGUE,STREET,0,SW,36813,I,PORT PHILLIP,PORT PHILLIP,-37.82896,144.94844,3205
257595,T20160010849,17/05/2016,152712,23555,19.15.00,1,Collision with vehicle,3,Tuesday,129,OTHER OPPOSING MANOEUVRES NOT INCLUDED IN DCAs 120-125.   ,3,Dark Street lights on,2,2,0,1,0,1,1,Y intersection,3,Other Injury,50,B,NE,Bicycle,NE,1,1,H,F,1,6,Stop sign,9999,LINLITHGOW,AVENUE,LINLITHGOW,AVENUE,0,NW,303525,I,MELBOURNE,MELBOURNE,-37.82357,144.97128,3004
257601,T20160010852,17/05/2016,152712,23555,08.30.00,1,Collision with vehicle,3,Tuesday,143,ENTERING PARKING                      ,1,Day,2,2,0,1,0,1,2,Not at intersection,3,Other Injury,60,B,NW,Bicycle,NW,1,1,H,F,1,9,No control,9999,ST KILDA,ROAD,ALEXANDRA,AVENUE,33,N,303555,N,MELBOURNE,MELBOURNE,-37.82045,144.96871,3006
257715,T20160010957,19/05/2016,152712,23555,06.50.00,1,Collision with vehicle,4,Thursday,121,RIGHT THROUGH                        ,3,Dark Street lights on,2,2,0,1,0,1,1,T intersection,3,Other Injury,40,B,N ,Bicycle,N ,1,1,H,F,1,1,No control,9999,SMITH,STREET,KERR,STREET,0,S,36135,I,YARRA,YARRA,-37.79736,144.98455,3066
257749,T20160010991,19/05/2016,152712,23555,08.45.00,2,Struck Pedestrian,4,Thursday,102,FAR SIDE. PED HIT BY VEHICLE FROM THE LEFT         ,1,Day,1,2,0,1,0,1,2,Not at intersection,3,Other Injury,40,A,SE,Bicycle,SE,1,1,H,1,2,1,No control,9999,EXHIBITION,STREET,LITTLE LONSDALE,STREET,47,S,303625,N,MELBOURNE,MELBOURNE,-37.80953,144.96938,3000
258055,T20160011342,23/05/2016,152712,23555,19.00.00,1,Collision with vehicle,1,Monday,121,RIGHT THROUGH                        ,3,Dark Street lights on,2,2,0,1,0,1,1,Cross intersection,3,Other Injury,40,B,N ,Bicycle,N ,1,1,H,F,1,1,No control,9999,BRUNSWICK,STREET,LEICESTER,STREET,0,N,36490,I,YARRA,YARRA,-37.79536,144.97897,3065
258057,T20160011343,23/05/2016,152712,23555,18.25.00,1,Collision with vehicle,2,Monday,137,LEFT TURN SIDESWIPE                     ,5,Dark No street lights,2,2,1,0,0,1,1,T intersection,2,Hospitilisation,50,B,N ,Bicycle,N ,1,1,H,F,2,6,No control,9999,CANNING,STREET,MACARTHUR S,PLACE,0,S,303767,I,MELBOURNE,MELBOURNE,-37.79868,144.97273,3053
258145,T20160011424,24/05/2016,152712,23555,19.10.00,1,Collision with vehicle,3,Tuesday,110,CROSS TRAFFIC(INTERSECTIONS ONLY)              ,3,Dark Street lights on,2,2,0,1,0,1,1,Cross intersection,3,Other Injury,50,B,N ,Bicycle,N ,1,1,H,F,1,6,Roundabout,9999,LEVESON,STREET,QUEENSBERRY,STREET,0,N,36122,I,MELBOURNE,MELBOURNE,-37.80322,144.9511,3051
258267,T20160011534,26/05/2016,152712,23555,09.15.00,1,Collision with vehicle,4,Thursday,110,CROSS TRAFFIC(INTERSECTIONS ONLY)              ,1,Day,2,2,0,1,0,1,1,Cross intersection,3,Other Injury,40,B,S ,Bicycle,S ,1,1,H,F,2,2,No control,9999,EASEY,STREET,WELLINGTON,STREET,0,W,36625,I,YARRA,YARRA,-37.79788,144.98758,3066
258466,T20160011775,29/05/2016,152712,23555,17.45.00,1,Collision with vehicle,1,Sunday,133,LANE SIDE SWIPE (VEHICLES IN PARALLEL LANES)        ,3,Dark Street lights on,2,3,0,1,0,2,1,Not at intersection,3,Other Injury,40,B,W ,Bicycle,W ,7,7,H,8,9,1,No control,9999,GERTRUDE,STREET,ROYAL,LANE,64,E,304465,N,YARRA,YARRA,-37.80554,144.97517,3065
258695,T20160012019,31/05/2016,152712,23555,08.30.00,1,Collision with vehicle,2,Tuesday,137,LEFT TURN SIDESWIPE                     ,1,Day,2,2,0,1,0,1,2,Not at intersection,3,Other Injury,50,B,SW,Bicycle,SW,1,1,H,F,9,1,No control,5839,NORMANBY,ROAD,MONTAGUE,STREET,70,SW,130309,N,PORT PHILLIP,PORT PHILLIP,-37.82933,144.9478,3205
258743,T20160012062,2/06/2016,152712,23555,05.50.00,1,Collision with vehicle,5,Thursday,111,RIGHT FAR (INTERSECTIONS ONLY)               ,3,Dark Street lights on,2,2,0,1,0,1,1,T intersection,3,Other Injury,60,B,E ,Bicycle,S ,2,2,H,R,9,1,No control,5065,PEEL,STREET,DUDLEY,STREET,0,S,295553,I,MELBOURNE,MELBOURNE,-37.80846,144.95556,3003
258747,T20160012065,2/06/2016,152712,23555,07.17.00,1,Collision with vehicle,4,Thursday,121,RIGHT THROUGH                        ,2,Dusk/Dawn,2,2,1,1,0,0,1,Cross intersection,2,Hospitilisation,40,B,S ,Bicycle,S ,1,1,H,F,1,1,No control,9999,EASEY,STREET,WELLINGTON,STREET,0,W,36625,I,YARRA,YARRA,-37.79788,144.98758,3066
258759,T20160012078,2/06/2016,152712,23555,08.28.00,1,Collision with vehicle,5,Thursday,121,RIGHT THROUGH                        ,1,Day,2,2,1,0,0,1,1,Cross intersection,2,Hospitilisation,40,B,SE,Bicycle,SE,1,1,H,F,2,5,Stop-go lights,9999,EXHIBITION,STREET,LITTLE LONSDALE,STREET,0,N,35365,I,MELBOURNE,MELBOURNE,-37.80914,144.9692,3000
258939,T20160012247,3/06/2016,152712,23555,19.08.00,1,Collision with vehicle,6,Friday,121,RIGHT THROUGH                        ,3,Dark Street lights on,2,2,0,1,0,1,1,Not at intersection,3,Other Injury,40,B,SW,Bicycle,SW,1,1,H,F,1,1,No control,9999,LA TROBE,STREET,EXHIBITION,STREET,56,E,304342,N,MELBOURNE,MELBOURNE,-37.80798,144.96934,3000
258940,T20160012247,3/06/2016,152712,23555,19.08.00,1,Collision with vehicle,6,Friday,121,RIGHT THROUGH                        ,3,Dark Street lights on,2,2,0,1,0,1,1,Not at intersection,3,Other Injury,40,B,SW,Bicycle,SW,1,1,H,F,1,1,No control,9999,LA TROBE,STREET,EXHIBITION,STREET,56,E,304342,N,MELBOURNE,MELBOURNE,-37.80798,144.96934,3000
259046,T20160012345,5/06/2016,152712,23555,00.43.00,1,Collision with vehicle,1,Sunday,130,REAR END(VEHICLES IN SAME LANE)               ,3,Dark Street lights on,2,2,0,1,0,1,1,Not at intersection,3,Other Injury,40,B,S ,Bicycle,S ,1,1,H,R,2,1,Other,2997,BATMAN,AVENUE,TENNIS CENTRE ACCESS,ROAD,69,SE,306258,N,MELBOURNE,MELBOURNE,-37.81901,144.97609,3004
259332,T20160012652,8/06/2016,152712,23555,17.30.00,1,Collision with vehicle,3,Wednesday,110,CROSS TRAFFIC(INTERSECTIONS ONLY)              ,2,Dusk/Dawn,2,2,0,1,0,1,2,Cross intersection,3,Other Injury,50,A,N ,Bicycle,N ,1,1,H,F,1,2,Roundabout,9999,GORE,STREET,WESTGARTH,STREET,0,N,258514,I,YARRA,YARRA,-37.79522,144.9837,3065
260382,T20160013836,8/06/2016,152712,23555,16.30.00,1,Collision with vehicle,4,Wednesday,136,RIGHT TURN SIDESWIPE                    ,9,Unknown,2,2,0,1,0,1,2,T intersection,3,Other Injury,40,B,W ,Bicycle,W ,1,1,H,5,2,5,Stop-go lights,5736,NICHOLSON,STREET,GERTRUDE,STREET,0,S,129,I,MELBOURNE,"YARRA,MELBOURNE",-37.80538,144.97362,3065
259689,T20160013096,12/06/2016,152712,23555,11.00.00,1,Collision with vehicle,0,Sunday,163,VEHICLE STRIKES DOOR OF PARKED/STATIONARY VEHICLE      ,9,Unknown,2,2,0,1,0,1,2,Not at intersection,3,Other Injury,50,B,S ,Bicycle,S ,1,99,H,F,9,1,Unknown,5490,CHAPEL,STREET,DALY,STREET,23,N,305102,N,STONNINGTON,STONNINGTON,-37.83798,144.99593,3141
259836,T20160013251,14/06/2016,152712,23555,17.50.00,1,Collision with vehicle,3,Tuesday,110,CROSS TRAFFIC(INTERSECTIONS ONLY)              ,2,Dusk/Dawn,2,2,1,0,0,1,2,Multiple intersection,2,Hospitilisation,999,B,SW,Bicycle,SW,1,1,H,F,2,1,Stop sign,9999,DODDS,STREET,MILES,STREET,0,N,36962,I,MELBOURNE,MELBOURNE,-37.82857,144.96717,3006
259881,T20160013294,17/06/2016,152712,23555,09.50.00,1,Collision with vehicle,6,Friday,121,RIGHT THROUGH                        ,1,Day,2,2,0,1,0,1,1,T intersection,3,Other Injury,40,B,N ,Bicycle,N ,1,1,H,F,9,1,No control,5499,CHURCH,STREET,WILLIAM,STREET,0,N,37184,I,YARRA,YARRA,-37.82842,144.99744,3121
260236,T20160013679,22/06/2016,152712,23555,08.25.00,1,Collision with vehicle,4,Wednesday,137,LEFT TURN SIDESWIPE                     ,1,Day,2,2,0,1,0,1,1,T intersection,3,Other Injury,40,B,W ,Bicycle,W ,1,1,H,F,2,6,No control,5285,BRIDGE,ROAD,ROTHERWOOD,STREET,0,W,37089,I,YARRA,YARRA,-37.81781,144.99231,3121
260254,T20160013694,22/06/2016,152712,23555,08.35.00,1,Collision with vehicle,4,Wednesday,130,REAR END(VEHICLES IN SAME LANE)               ,1,Day,3,4,1,0,0,3,1,T intersection,2,Hospitilisation,50,B,S ,Bicycle,S ,1,1,H,F,2,2,Roundabout,5065,PEEL,STREET,DUDLEY,STREET,0,S,295553,I,MELBOURNE,MELBOURNE,-37.80846,144.95556,3003
260437,T20160013906,23/06/2016,152712,23555,18.00.00,1,Collision with vehicle,5,Thursday,163,VEHICLE STRIKES DOOR OF PARKED/STATIONARY VEHICLE      ,3,Dark Street lights on,2,2,0,1,0,1,2,Not at intersection,3,Other Injury,50,B,W ,Bicycle,W ,1,1,H,F,1,1,No control,9999,HIGHETT,STREET,LENNOX,STREET,25,E,305113,N,YARRA,YARRA,-37.81539,144.99535,3121
260372,T20160013823,24/06/2016,152712,23555,09.31.00,8,No collision and no object struck,6,Friday,174,OUT OF CONTROL ON CARRIAGEWAY (ON STRAIGHT)         ,1,Day,2,2,0,1,0,1,1,Not at intersection,3,Other Injury,40,B,SW,Bicycle,SW,1,18,H,N,9,1,No control,9999,COLLINS,STREET,EXHIBITION,STREET,23,W,305156,N,MELBOURNE,MELBOURNE,-37.81412,144.97122,3000
260387,T20160013843,24/06/2016,152712,23555,09.45.00,1,Collision with vehicle,6,Friday,110,CROSS TRAFFIC(INTERSECTIONS ONLY)              ,1,Day,2,2,0,1,0,1,2,Cross intersection,3,Other Injury,60,B,W ,Bicycle,W ,1,1,H,5,9,1,No control,9999,LEICESTER,STREET,PELHAM,STREET,0,N,65381,I,MELBOURNE,MELBOURNE,-37.80217,144.96065,3053
260401,T20160013855,24/06/2016,152712,23555,14.40.00,1,Collision with vehicle,6,Friday,135,LANE CHANGE LEFT (NOT OVERTAKING)              ,1,Day,2,2,0,1,0,1,1,Not at intersection,3,Other Injury,50,B,SE,Bicycle,SE,1,6,H,1,2,1,No control,9999,VICTORIA,CRESCENT,ZETLAND,STREET,111,NW,305095,N,YARRA,YARRA,-37.80661,144.99831,3067
260750,T20160014244,27/06/2016,152712,23555,08.45.00,1,Collision with vehicle,2,Monday,134,LANE CHANGE RIGHT (NOT OVERTAKING)             ,1,Day,3,3,1,0,0,2,2,Not at intersection,2,Hospitilisation,50,B,NW,Bicycle,NW,7,7,H,9,2,9,Unknown,5882,ST KILDA,ROAD,TOORAK,ROAD,96,S,305303,N,MELBOURNE,"PORT PHILLIP,MELBOURNE",-37.83705,144.97584,3004
260751,T20160014244,27/06/2016,152712,23555,08.45.00,1,Collision with vehicle,2,Monday,134,LANE CHANGE RIGHT (NOT OVERTAKING)             ,1,Day,3,3,1,0,0,2,2,Not at intersection,2,Hospitilisation,50,C,NW,Bicycle,NW,1,1,H,9,2,1,Unknown,5882,ST KILDA,ROAD,TOORAK,ROAD,96,S,305303,N,MELBOURNE,"PORT PHILLIP,MELBOURNE",-37.83705,144.97584,3004
261237,T20160014816,30/06/2016,152712,23555,18.30.00,1,Collision with vehicle,5,Thursday,130,REAR END(VEHICLES IN SAME LANE)               ,3,Dark Street lights on,2,2,0,1,0,1,2,Cross intersection,3,Other Injury,50,A,E ,Bicycle,E ,1,1,H,4,1,1,No control,9999,ELIZABETH,STREET,SHELLEY,STREET,0,W,37115,I,YARRA,YARRA,-37.81119,144.99365,3121
261935,T20160015614,1/07/2016,152712,23555,09.30.00,9,Other accident,6,Friday,198,OTHER ACCIDENTS NOT CLASSIFIABLE ELSEWHERE         ,1,Day,1,1,1,0,0,0,2,Cross intersection,2,Hospitilisation,60,A,N ,Bicycle,NW,3,3,H,N,9,9,Unknown,5736,NICHOLSON,STREET,CARLTON,STREET,0,S,36432,I,MELBOURNE,"YARRA,MELBOURNE",-37.80122,144.97433,3065
261128,T20160014688,6/07/2016,152712,23555,08.30.00,1,Collision with vehicle,4,Wednesday,121,RIGHT THROUGH                        ,1,Day,2,2,0,1,0,1,2,Not at intersection,3,Other Injury,999,A,W ,Bicycle,W ,1,1,H,F,2,1,No control,9999,LA TROBE,STREET,HARBOUR,ESPLANADE,75,E,305548,N,MELBOURNE,MELBOURNE,-37.81477,144.9458,3008
261214,T20160014782,6/07/2016,152712,23555,18.05.00,1,Collision with vehicle,4,Wednesday,143,ENTERING PARKING                      ,3,Dark Street lights on,2,2,0,1,0,1,2,T intersection,3,Other Injury,777,B,NW,Bicycle,NW,1,1,H,F,1,1,No control,9999,TRENERRY,CRESCENT,BATH,STREET,7,NW,305997,N,YARRA,YARRA,-37.798,144.998,3067
261201,T20160014769,7/07/2016,152712,23555,10.45.00,1,Collision with vehicle,4,Thursday,130,REAR END(VEHICLES IN SAME LANE)               ,1,Day,2,2,0,1,0,1,1,Cross intersection,3,Other Injury,60,A,S ,Bicycle,SW,2,2,H,R,2,1,Stop-go lights,5065,PEEL,STREET,QUEENSBERRY,STREET,0,S,36214,I,MELBOURNE,MELBOURNE,-37.8038,144.95636,3051
261261,T20160014849,8/07/2016,152712,23555,07.10.00,2,Struck Pedestrian,6,Friday,100,PED NEAR SIDE. PED HIT BY VEHICLE FROM THE RIGHT.      ,1,Day,1,2,0,2,0,0,1,Cross intersection,3,Other Injury,40,A,NE,Bicycle,NE,1,1,H,F,2,1,Stop-go lights,5041,KING,STREET,LA TROBE,STREET,0,S,65831,I,MELBOURNE,MELBOURNE,-37.81247,144.95392,3003
261262,T20160014849,8/07/2016,152712,23555,07.10.00,2,Struck Pedestrian,6,Friday,100,PED NEAR SIDE. PED HIT BY VEHICLE FROM THE RIGHT.      ,1,Day,1,2,0,2,0,0,1,Cross intersection,3,Other Injury,40,A,NE,Bicycle,NE,1,1,H,F,2,1,Stop-go lights,5041,KING,STREET,LA TROBE,STREET,0,S,65831,I,MELBOURNE,MELBOURNE,-37.81247,144.95392,3003
261319,T20160014917,8/07/2016,152712,23555,17.20.00,1,Collision with vehicle,5,Friday,147,VEHICLE STRIKES ANOTHER VEH WHILE EMERGING FROM DRIVEWAY,1,Day,2,2,0,1,0,1,1,Not at intersection,3,Other Injury,777,B,E ,Bicycle,E ,1,1,H,F,2,2,No control,9999,TIN,ALLEY,PROFESSORS,ROAD,210,W,308275,N,MELBOURNE,MELBOURNE,-37.79601,144.95829,3052
261403,T20160015015,9/07/2016,152712,23555,19.20.00,1,Collision with vehicle,6,Saturday,121,RIGHT THROUGH                        ,3,Dark Street lights on,2,2,0,1,0,1,2,Cross intersection,3,Other Injury,40,A,N ,Bicycle,N ,1,1,H,1,1,5,No control,9999,GLASSHOUSE,ROAD,PEEL,STREET,0,W,36604,I,YARRA,YARRA,-37.80528,144.9863,3066
262025,T20160015715,9/07/2016,152712,23555,19.30.00,1,Collision with vehicle,7,Saturday,121,RIGHT THROUGH                        ,9,Unknown,2,2,1,0,0,1,2,Cross intersection,2,Hospitilisation,40,B,S ,Bicycle,S ,1,1,H,R,2,6,No control,9999,PERRY,STREET,WELLINGTON,STREET,0,E,36629,I,YARRA,YARRA,-37.80016,144.98719,3066