,ACCIDENT_NO,ACCIDENTDATE,CYCLISTS,CYCLISTS_COUNT_LS,ACCIDENTTIME,ACCIDENT_TYPE,ACCIDENT_TYPE_DESC,DAY_OF_WEEK,DAY_WEEK_DESC,DCA_CODE,DCA Description,LIGHT_CONDITION,LIGHT_CONDITION_DEC,NO_OF_VEHICLES,NO_PERSONS,NO_PERSONS_INJ_2,NO_PERSONS_INJ_3,NO_PERSONS_KILLED,NO_PERSONS_NOT_INJ,POLICE_ATTEND,ROAD_GEOMETRY_DESC,SEVERITY,SEVERITY_DESC,SPEED_ZONE,VEHICLE_ID,INITIAL_DIRECTION,Vehicle Type Desc,FINAL_DIRECTION,DRIVER_INTENT,VEHICLE_MOVEMENT,TRAILER_TYPE,INITIAL_IMPACT,LAMPS,LEVEL_OF_DAMAGE,TRAFFIC_CONTROL_DESC,ROAD_ROUTE_1,ROAD_NAME,ROAD_TYPE,ROAD_NAME_INT,ROAD_TYPE_INT,DISTANCE_LOCATION,DIRECTION_LOCATION,NODE_ID,NODE_TYPE,LGA_NAME,Lga Name All,Lat,Long,Postcode No
261413,T20160015022,10/07/2016,152712,23555,09.15.00,1,Collision with vehicle,1,Sunday,137,LEFT TURN SIDESWIPE                     ,1,Day,2,3,0,1,0,2,1,T intersection,3,Other Injury,60,B,NE,Bicycle,NE,1,1,H,F,9,2,No control,5325,CITY,ROAD,QUEENS BRIDGE,STREET,1,NE,306604,I,MELBOURNE,MELBOURNE,-37.82628,144.9597,3006
261455,T20160015075,11/07/2016,152712,23555,08.00.00,1,Collision with vehicle,1,Monday,110,CROSS TRAFFIC(INTERSECTIONS ONLY)              ,1,Day,2,2,0,1,0,1,1,Cross intersection,3,Other Injury,50,B,N ,Bicycle,N ,1,1,H,F,9,3,Roundabout,9999,COVENTRY,STREET,WELLS,STREET,0,W,36963,I,MELBOURNE,MELBOURNE,-37.82933,144.9689,3006
261540,T20160015168,11/07/2016,152712,23555,18.15.00,1,Collision with vehicle,1,Monday,121,RIGHT THROUGH                        ,3,Dark Street lights on,2,2,0,1,0,1,1,T intersection,3,Other Injury,40,B,SW,Bicycle,SW,1,1,H,F,1,3,No control,9999,EXPLORATION,LANE,LA TROBE,STREET,0,N,65647,I,MELBOURNE,MELBOURNE,-37.80839,144.96796,3000
261541,T20160015168,11/07/2016,152712,23555,18.15.00,1,Collision with vehicle,1,Monday,121,RIGHT THROUGH                        ,3,Dark Street lights on,2,2,0,1,0,1,1,T intersection,3,Other Injury,40,B,SW,Bicycle,SW,1,1,H,F,1,3,No control,9999,EXPLORATION,LANE,LA TROBE,STREET,0,N,65647,I,MELBOURNE,MELBOURNE,-37.80839,144.96796,3000
261514,T20160015144,12/07/2016,152712,23555,08.08.00,1,Collision with vehicle,3,Tuesday,121,RIGHT THROUGH                        ,1,Day,2,2,0,1,0,1,2,T intersection,3,Other Injury,60,B,NW,Bicycle,NW,1,1,H,F,2,9,No control,5019,ALEXANDRA,AVENUE,CAROLINE,STREET,0,NW,37642,I,STONNINGTON,STONNINGTON,-37.8328,144.99004,3141
262307,T20160016025,12/07/2016,152712,23555,08.45.00,8,No collision and no object struck,2,Tuesday,174,OUT OF CONTROL ON CARRIAGEWAY (ON STRAIGHT)         ,9,Unknown,1,1,0,1,0,0,2,T intersection,3,Other Injury,40,A,NW,Bicycle,NW,1,18,H,N,9,1,No control,9999,SWANSTON,STREET,TURNER,ALLEY,9,S,306151,N,MELBOURNE,MELBOURNE,-37.81333,144.96554,3000
262960,T20160016790,18/07/2016,152712,23555,20.30.00,8,No collision and no object struck,2,Monday,174,OUT OF CONTROL ON CARRIAGEWAY (ON STRAIGHT)         ,3,Dark Street lights on,2,2,0,1,0,1,2,Multiple intersection,3,Other Injury,50,B,NW,Bicycle,W ,1,1,H,N,2,6,Roundabout,9999,COURTNEY,STREET,CHETWYND,STREET,0,NW,308382,I,MELBOURNE,MELBOURNE,-37.80138,144.95294,3051
262067,T20160015764,19/07/2016,152712,23555,17.30.00,1,Collision with vehicle,3,Tuesday,121,RIGHT THROUGH                        ,3,Dark Street lights on,2,2,0,1,0,1,1,T intersection,3,Other Injury,60,B,N ,Bicycle,N ,1,1,H,F,1,2,No control,9999,PINKYS,LANE,RATHDOWNE,STREET,0,W,270316,I,MELBOURNE,MELBOURNE,-37.79798,144.97039,3053
262668,T20160016460,20/07/2016,152712,23555,13.30.00,1,Collision with vehicle,3,Wednesday,135,LANE CHANGE LEFT (NOT OVERTAKING)              ,1,Day,2,2,0,1,0,1,2,T intersection,3,Other Injury,40,A,W ,Bicycle,W ,1,1,H,1,0,2,No control,9999,LANGRIDGE,STREET,OXFORD,STREET,5,E,308009,N,YARRA,YARRA,-37.80653,144.98437,3066
263289,T20160017167,21/07/2016,152712,23555,16.10.00,1,Collision with vehicle,5,Thursday,133,LANE SIDE SWIPE (VEHICLES IN PARALLEL LANES)        ,9,Unknown,2,2,0,1,0,1,2,Not at intersection,3,Other Injury,40,B,E ,Bicycle,E ,1,1,H,1,2,6,No control,9999,FLINDERS,STREET,SWANSTON,STREET,65,W,307658,N,MELBOURNE,MELBOURNE,-37.81765,144.96675,3000
263290,T20160017167,21/07/2016,152712,23555,16.10.00,1,Collision with vehicle,5,Thursday,133,LANE SIDE SWIPE (VEHICLES IN PARALLEL LANES)        ,9,Unknown,2,2,0,1,0,1,2,Not at intersection,3,Other Injury,40,B,E ,Bicycle,E ,1,1,H,1,2,6,No control,9999,FLINDERS,STREET,SWANSTON,STREET,65,W,307658,N,MELBOURNE,MELBOURNE,-37.81765,144.96675,3000
262302,T20160016020,22/07/2016,152712,23555,11.30.00,8,No collision and no object struck,6,Friday,174,OUT OF CONTROL ON CARRIAGEWAY (ON STRAIGHT)         ,1,Day,2,2,1,0,0,1,2,Cross intersection,2,Hospitilisation,50,A,E ,Bicycle,E ,1,18,H,F,2,9,No control,9999,GERTRUDE,STREET,FITZROY,STREET,7,W,306888,N,YARRA,YARRA,-37.80563,144.97604,3065
263058,T20160016898,2/08/2016,152712,23555,19.35.00,1,Collision with vehicle,3,Tuesday,110,CROSS TRAFFIC(INTERSECTIONS ONLY)              ,3,Dark Street lights on,2,2,0,1,0,1,1,Cross intersection,3,Other Injury,40,B,W ,Bicycle,W ,1,1,H,5,1,1,Roundabout,9999,COVENTRY,STREET,WELLS,STREET,0,W,36963,I,MELBOURNE,MELBOURNE,-37.82933,144.9689,3006
263168,T20160017019,3/08/2016,152712,23555,06.30.00,2,Struck Pedestrian,4,Wednesday,100,PED NEAR SIDE. PED HIT BY VEHICLE FROM THE RIGHT.      ,2,Dusk/Dawn,1,2,0,1,0,1,1,T intersection,3,Other Injury,30,A,S ,Bicycle,S ,1,1,H,F,9,9,Stop-go lights,9999,BOURKE,STREET,SWANSTON,STREET,0,E,229,I,MELBOURNE,MELBOURNE,-37.81353,144.96563,3000
267421,T20160021825,5/08/2016,152712,23555,08.50.00,1,Collision with vehicle,5,Friday,110,CROSS TRAFFIC(INTERSECTIONS ONLY)              ,1,Day,2,3,0,1,0,2,2,Cross intersection,3,Other Injury,50,B,W ,Bicycle,W ,1,1,H,1,2,6,Unknown,9999,GEORGE,STREET,MOOR,STREET,0,N,313151,I,YARRA,YARRA,-37.80195,144.98132,3065
263435,T20160017329,8/08/2016,152712,23555,08.30.00,1,Collision with vehicle,2,Monday,137,LEFT TURN SIDESWIPE                     ,1,Day,2,2,0,1,0,1,1,Cross intersection,3,Other Injury,40,B,S ,Bicycle,S ,1,1,H,F,0,1,No control,9999,ABBOTSFORD,STREET,NICHOLSON,STREET,0,W,36344,I,YARRA,YARRA,-37.80165,144.9974,3067
263444,T20160017337,8/08/2016,152712,23555,08.07.00,1,Collision with vehicle,1,Monday,135,LANE CHANGE LEFT (NOT OVERTAKING)              ,1,Day,2,2,1,0,0,1,1,T intersection,2,Hospitilisation,60,B,E ,Bicycle,E ,1,1,H,1,2,1,No control,5083,VICTORIA,PARADE,LANSDOWNE,STREET,0,W,36514,I,YARRA,YARRA,-37.80831,144.9786,3065
263483,T20160017371,8/08/2016,152712,23555,17.15.00,1,Collision with vehicle,2,Monday,137,LEFT TURN SIDESWIPE                     ,2,Dusk/Dawn,2,2,0,1,0,1,1,Cross intersection,3,Other Injury,50,B,W ,Bicycle,W ,1,1,H,1,2,6,No control,9999,FLINDERS,STREET,QUEENS BRIDGE,STREET,0,W,35356,I,MELBOURNE,MELBOURNE,-37.8193,144.96109,3000
263484,T20160017371,8/08/2016,152712,23555,17.15.00,1,Collision with vehicle,2,Monday,137,LEFT TURN SIDESWIPE                     ,2,Dusk/Dawn,2,2,0,1,0,1,1,Cross intersection,3,Other Injury,50,B,W ,Bicycle,W ,1,1,H,1,2,6,No control,9999,FLINDERS,STREET,QUEENS BRIDGE,STREET,0,W,35356,I,MELBOURNE,MELBOURNE,-37.8193,144.96109,3000
263584,T20160017467,9/08/2016,152712,23555,17.00.00,1,Collision with vehicle,3,Tuesday,137,LEFT TURN SIDESWIPE                     ,1,Day,2,2,0,1,0,1,1,Cross intersection,3,Other Injury,50,A,SE,Bicycle,SE,1,1,H,1,2,1,Stop-go lights,5046,ELIZABETH,STREET,VICTORIA,STREET,0,S,36230,I,MELBOURNE,MELBOURNE,-37.80629,144.9595,3000
263789,T20160017690,13/08/2016,152712,23555,03.30.00,1,Collision with vehicle,7,Saturday,160,VEHICLE COLLIDES WITH VEHICLE PARKED ON LEFT OF ROAD    ,3,Dark Street lights on,2,1,1,0,0,0,1,Not at intersection,2,Hospitilisation,60,B,E ,Bicycle,E ,1,1,H,5,2,2,Unknown,5127,TOORAK,ROAD,PARK,STREET,56,W,307089,N,MELBOURNE,MELBOURNE,-37.83764,144.98114,3141
263916,T20160017841,14/08/2016,152712,23555,16.00.00,1,Collision with vehicle,1,Sunday,121,RIGHT THROUGH                        ,1,Day,2,2,0,1,0,1,2,Not at intersection,3,Other Injury,40,B,W ,Bicycle,W ,1,1,H,F,2,9,No control,9999,COLLINS,STREET,REGENT,PLACE,0,E,47658,I,MELBOURNE,MELBOURNE,-37.81527,144.96732,3000
263903,T20160017830,15/08/2016,152712,23555,08.20.00,1,Collision with vehicle,2,Monday,121,RIGHT THROUGH                        ,1,Day,2,2,0,1,0,1,1,Cross intersection,3,Other Injury,40,B,S ,Bicycle,S ,1,1,H,F,2,1,Stop-go lights,9999,EXHIBITION,STREET,LITTLE LONSDALE,STREET,0,N,35365,I,MELBOURNE,MELBOURNE,-37.80914,144.9692,3000
264277,T20160018225,16/08/2016,152712,23555,16.35.00,8,No collision and no object struck,3,Tuesday,174,OUT OF CONTROL ON CARRIAGEWAY (ON STRAIGHT)         ,9,Unknown,1,1,0,1,0,0,2,Not at intersection,3,Other Injury,999,A,N ,Bicycle,N ,1,6,H,N,2,9,Unknown,9999,BRUNSWICK,STREET,VICTORIA,PARADE,18,N,307320,N,YARRA,YARRA,-37.80795,144.97684,3065
264101,T20160018028,17/08/2016,152712,23555,09.08.00,1,Collision with vehicle,4,Wednesday,147,VEHICLE STRIKES ANOTHER VEH WHILE EMERGING FROM DRIVEWAY,1,Day,2,2,0,1,0,1,1,Multiple intersection,3,Other Injury,60,B,N ,Bicycle,N ,1,1,H,1,2,2,No control,9999,SWANSTON,STREET,MONASH,ROAD,67,S,308323,N,MELBOURNE,MELBOURNE,-37.79913,144.96421,3053
264204,T20160018132,18/08/2016,152712,23555,20.01.00,1,Collision with vehicle,5,Thursday,121,RIGHT THROUGH                        ,3,Dark Street lights on,2,2,0,1,0,1,1,Cross intersection,3,Other Injury,50,B,W ,Bicycle,W ,2,2,H,1,1,2,Stop-go lights,9999,ALBERT,STREET,GISBORNE,STREET,0,E,29430,I,MELBOURNE,MELBOURNE,-37.80954,144.97565,3002
264254,T20160018190,19/08/2016,152712,23555,13.30.00,1,Collision with vehicle,5,Friday,137,LEFT TURN SIDESWIPE                     ,1,Day,2,2,0,1,0,1,2,Cross intersection,3,Other Injury,40,A,S ,Bicycle,S ,1,1,H,F,1,1,Unknown,9999,BRUNSWICK,STREET,KING WILLIAM,STREET,0,N,36464,I,YARRA,YARRA,-37.80234,144.97778,3065
264294,T20160018247,20/08/2016,152712,23555,12.58.00,9,Other accident,7,Saturday,139,OTHER SAME DIRECTION-MANOUEVRES NOT INCLUDED IN DCAs 130-137,1,Day,2,2,0,1,0,1,1,Not at intersection,3,Other Injury,40,B,NW,Bicycle,NW,1,1,H,N,2,6,No control,5061,SPENCER,STREET,SIDDELEY,STREET,74,S,307346,N,MELBOURNE,MELBOURNE,-37.82233,144.95565,3008
264703,T20160018666,22/08/2016,152712,23555,06.45.00,1,Collision with vehicle,2,Monday,163,VEHICLE STRIKES DOOR OF PARKED/STATIONARY VEHICLE      ,2,Dusk/Dawn,2,2,0,1,0,1,2,Not at intersection,3,Other Injury,60,A,SW,Bicycle,SW,1,1,H,F,2,1,No control,5838,WILLIAMSTOWN,ROAD,SALMON,STREET,100,E,309735,N,PORT PHILLIP,PORT PHILLIP,-37.83477,144.92608,3207
264638,T20160018579,23/08/2016,152712,23555,09.20.00,1,Collision with vehicle,2,Tuesday,133,LANE SIDE SWIPE (VEHICLES IN PARALLEL LANES)        ,1,Day,2,2,1,0,0,1,2,Not at intersection,2,Hospitilisation,50,B,E ,Bicycle,E ,1,1,H,5,2,1,No control,9999,HIGHETT,STREET,BANK,STREET,40,E,308949,N,YARRA,YARRA,-37.81576,144.99875,3121
264507,T20160018464,24/08/2016,152712,23555,02.35.00,1,Collision with vehicle,4,Wednesday,148,VEHICLE OFF FOOTPATH STRIKES VEH ON CARRIAGEWAY,3,Dark Street lights on,3,3,0,1,0,2,1,Not at intersection,3,Other Injury,50,A,S ,Bicycle,S ,1,17,H,F,2,1,No control,9999,ALBERT,STREET,GOTCH,LANE,29,W,307742,N,MELBOURNE,MELBOURNE,-37.8106,144.98519,3002
264509,T20160018464,24/08/2016,152712,23555,02.35.00,1,Collision with vehicle,4,Wednesday,148,VEHICLE OFF FOOTPATH STRIKES VEH ON CARRIAGEWAY,3,Dark Street lights on,3,3,0,1,0,2,1,Not at intersection,3,Other Injury,50,C,S ,Bicycle,S ,1,17,H,N,2,6,No control,9999,ALBERT,STREET,GOTCH,LANE,29,W,307742,N,MELBOURNE,MELBOURNE,-37.8106,144.98519,3002
266773,T20160021059,24/08/2016,152712,23555,06.30.00,1,Collision with vehicle,4,Wednesday,135,LANE CHANGE LEFT (NOT OVERTAKING)              ,1,Day,2,2,1,0,0,1,2,Not at intersection,2,Hospitilisation,60,A,SE,Bicycle,SE,1,1,H,F,9,6,Other,5044,FLEMINGTON,ROAD,BEDFORD,PLACE,43,NW,310522,N,MELBOURNE,MELBOURNE,-37.80054,144.95645,3000
265043,T20160019067,25/08/2016,152712,23555,09.28.00,8,No collision and no object struck,5,Thursday,174,OUT OF CONTROL ON CARRIAGEWAY (ON STRAIGHT)         ,1,Day,1,1,0,1,0,0,1,Not at intersection,3,Other Injury,60,A,S ,Bicycle,S ,1,1,H,N,9,9,No control,5103,WELLINGTON,PARADE,WELLINGTON,PARADE,15,W,142764,N,MELBOURNE,MELBOURNE,-37.81661,144.98725,3002
264787,T20160018769,27/08/2016,152712,23555,12.33.00,1,Collision with vehicle,7,Saturday,143,ENTERING PARKING                      ,1,Day,2,5,0,2,0,3,1,Not at intersection,3,Other Injury,60,B,N ,Bicycle,N ,1,1,H,F,2,1,No control,9999,SMITH,STREET,CONDELL,STREET,12,N,308010,N,YARRA,YARRA,-37.8027,144.98363,3066
264803,T20160018785,27/08/2016,152712,23555,12.50.00,1,Collision with vehicle,7,Saturday,137,LEFT TURN SIDESWIPE                     ,1,Day,2,2,0,1,0,1,1,Cross intersection,3,Other Injury,40,A,E ,Bicycle,E ,3,3,H,F,2,9,No control,5287,SWAN,STREET,BYRON,STREET,0,W,37140,I,YARRA,YARRA,-37.8253,144.99451,3121
265151,T20160019178,1/09/2016,152712,23555,02.40.00,1,Collision with vehicle,5,Thursday,130,REAR END(VEHICLES IN SAME LANE)               ,3,Dark Street lights on,2,2,0,1,0,1,2,Not at intersection,3,Other Injury,60,A,S ,Bicycle,S ,1,1,H,5,1,2,No control,2080,PUNT,ROAD,TANNER,STREET,27,N,309023,N,MELBOURNE,"MELBOURNE,YARRA",-37.82256,144.98919,3121
265220,T20160019248,1/09/2016,152712,23555,08.20.00,1,Collision with vehicle,4,Thursday,163,VEHICLE STRIKES DOOR OF PARKED/STATIONARY VEHICLE      ,1,Day,2,2,0,1,0,1,2,Not at intersection,3,Other Injury,999,B,S ,Bicycle,S ,1,1,H,F,9,1,No control,9999,CANNING,STREET,SPUR,LANE,18,N,308126,N,MELBOURNE,MELBOURNE,-37.80016,144.97247,3053
265245,T20160019276,2/09/2016,152712,23555,18.30.00,1,Collision with vehicle,6,Friday,160,VEHICLE COLLIDES WITH VEHICLE PARKED ON LEFT OF ROAD    ,3,Dark Street lights on,2,1,0,1,0,0,1,Not at intersection,3,Other Injury,60,B,E ,Bicycle,E ,1,1,H,F,2,6,No control,5103,WELLINGTON,PARADE,JOLIMONT,ROAD,123,E,309263,N,MELBOURNE,MELBOURNE,-37.81586,144.98049,3002
265703,T20160019811,5/09/2016,152712,23555,09.42.00,1,Collision with vehicle,2,Monday,133,LANE SIDE SWIPE (VEHICLES IN PARALLEL LANES)        ,1,Day,2,2,0,1,0,1,1,Cross intersection,3,Other Injury,60,B,W ,Bicycle,W ,1,1,H,1,2,1,No control,2080,PUNT,ROAD,OLYMPIC,BOULEVARD,0,S,260,I,MELBOURNE,"MELBOURNE,YARRA",-37.82463,144.98884,3121
267181,T20160021539,5/09/2016,152712,23555,08.45.00,1,Collision with vehicle,2,Monday,131,LEFT REAR                          ,1,Day,2,2,0,1,0,1,2,Not at intersection,3,Other Injury,50,A,W ,Bicycle,W ,1,1,H,F,0,5,Unknown,9999,GRATTAN,STREET,BARRY,STREET,37,W,309112,N,MELBOURNE,MELBOURNE,-37.79994,144.95948,3053
266290,T20160020495,8/09/2016,152712,23555,07.15.00,8,No collision and no object struck,5,Thursday,174,OUT OF CONTROL ON CARRIAGEWAY (ON STRAIGHT)         ,1,Day,2,2,1,0,0,1,1,Cross intersection,2,Hospitilisation,60,A,S ,Bicycle,S ,1,1,H,N,2,1,No control,9999,KEELE,STREET,WELLINGTON,STREET,0,W,36622,I,YARRA,YARRA,-37.79719,144.98769,3066
266660,T20160020942,17/09/2016,152712,23555,20.00.00,1,Collision with vehicle,7,Saturday,163,VEHICLE STRIKES DOOR OF PARKED/STATIONARY VEHICLE      ,3,Dark Street lights on,3,3,1,0,0,2,2,T intersection,2,Hospitilisation,40,B,E ,Bicycle,E ,1,7,H,6,9,6,No control,5287,SWAN,STREET,GREEN,STREET,0,W,37143,I,YARRA,YARRA,-37.82539,144.99525,3121
266661,T20160020942,17/09/2016,152712,23555,20.00.00,1,Collision with vehicle,7,Saturday,163,VEHICLE STRIKES DOOR OF PARKED/STATIONARY VEHICLE      ,3,Dark Street lights on,3,3,1,0,0,2,2,T intersection,2,Hospitilisation,40,C,E ,Bicycle,NK,7,99,H,N,9,6,No control,5287,SWAN,STREET,GREEN,STREET,0,W,37143,I,YARRA,YARRA,-37.82539,144.99525,3121
266427,T20160020658,19/09/2016,152712,23555,14.00.00,1,Collision with vehicle,2,Monday,163,VEHICLE STRIKES DOOR OF PARKED/STATIONARY VEHICLE      ,1,Day,2,2,0,1,0,1,2,Not at intersection,3,Other Injury,40,B,W ,Bicycle,W ,1,1,H,F,2,1,No control,9999,ST ANDREWS,PLACE,PARLIAMENT,PLACE,87,E,308800,N,MELBOURNE,MELBOURNE,-37.81196,144.97637,3002
272064,T20160027647,19/09/2016,152712,23555,21.30.00,1,Collision with vehicle,1,Monday,132,RIGHT REAR.                         ,3,Dark Street lights on,2,2,0,1,0,1,1,T intersection,3,Other Injury,40,B,W ,Bicycle,W ,2,2,H,R,1,1,No control,5853,JOHNSTON,STREET,LULIE,STREET,0,W,36695,I,YARRA,YARRA,-37.80004,144.99495,3067
266922,T20160021233,20/09/2016,152712,23555,08.30.00,1,Collision with vehicle,3,Tuesday,121,RIGHT THROUGH                        ,1,Day,2,2,0,1,0,1,2,Not at intersection,3,Other Injury,50,B,NE,Bicycle,NE,1,1,H,F,2,9,Unknown,9999,LONSDALE,STREET,HAYWARD,LANE,34,E,309087,N,MELBOURNE,MELBOURNE,-37.81062,144.96796,3000
266361,T20160020576,21/09/2016,152712,23555,09.26.00,1,Collision with vehicle,4,Wednesday,121,RIGHT THROUGH                        ,1,Day,2,3,0,1,0,2,1,Cross intersection,3,Other Injury,40,B,SE,Bicycle,SE,1,1,H,F,2,2,Stop-go lights,9999,EXHIBITION,STREET,LITTLE LONSDALE,STREET,0,N,35365,I,MELBOURNE,MELBOURNE,-37.80914,144.9692,3000
266510,T20160020752,23/09/2016,152712,23555,15.15.00,8,No collision and no object struck,5,Friday,174,OUT OF CONTROL ON CARRIAGEWAY (ON STRAIGHT)         ,1,Day,2,2,0,1,0,1,2,Not at intersection,3,Other Injury,60,A,NW,Bicycle,NW,1,1,H,N,2,1,No control,5044,FLEMINGTON,ROAD,GRATTAN,STREET,15,SE,309410,N,MELBOURNE,MELBOURNE,-37.79975,144.95515,3051
266566,T20160020813,24/09/2016,152712,23555,12.00.00,1,Collision with vehicle,7,Saturday,148,VEHICLE OFF FOOTPATH STRIKES VEH ON CARRIAGEWAY,1,Day,2,2,0,1,0,1,1,Not at intersection,3,Other Injury,40,B,E ,Bicycle,E ,1,1,H,F,2,5,Ped. crossing,9999,ST KILDA,ROAD,SOUTHBANK,PROMENADE BIKE,4,S,308882,N,MELBOURNE,MELBOURNE,-37.81975,144.96849,3006
266685,T20160020963,26/09/2016,152712,23555,15.45.00,1,Collision with vehicle,2,Monday,110,CROSS TRAFFIC(INTERSECTIONS ONLY)              ,1,Day,2,2,0,1,0,1,1,Cross intersection,3,Other Injury,50,B,S ,Bicycle,S ,1,1,H,5,2,9,Roundabout,9999,BEACH,STREET,PIER,STREET,0,E,48666,I,PORT PHILLIP,PORT PHILLIP,-37.83946,144.92746,3207
266817,T20160021112,28/09/2016,152712,23555,15.50.00,1,Collision with vehicle,4,Wednesday,121,RIGHT THROUGH                        ,1,Day,2,2,0,1,0,1,1,T intersection,3,Other Injury,40,B,SW,Bicycle,SW,1,1,H,F,0,1,No control,9999,LA TROBE,STREET,PARK,STREET,0,W,265474,I,MELBOURNE,MELBOURNE,-37.81218,144.95495,3003
266818,T20160021112,28/09/2016,152712,23555,15.50.00,1,Collision with vehicle,4,Wednesday,121,RIGHT THROUGH                        ,1,Day,2,2,0,1,0,1,1,T intersection,3,Other Injury,40,B,SW,Bicycle,SW,1,1,H,F,0,1,No control,9999,LA TROBE,STREET,PARK,STREET,0,W,265474,I,MELBOURNE,MELBOURNE,-37.81218,144.95495,3003
266915,T20160021218,29/09/2016,152712,23555,20.50.00,1,Collision with vehicle,5,Thursday,163,VEHICLE STRIKES DOOR OF PARKED/STATIONARY VEHICLE      ,9,Unknown,2,3,0,1,0,2,2,Not at intersection,3,Other Injury,40,A,SW,Bicycle,SW,1,1,H,F,9,1,Unknown,9999,COLLINS,STREET,REGENT,PLACE,67,E,310480,N,MELBOURNE,MELBOURNE,-37.81505,144.96803,3000
267022,T20160021359,2/10/2016,152712,23555,10.20.00,1,Collision with vehicle,1,Sunday,160,VEHICLE COLLIDES WITH VEHICLE PARKED ON LEFT OF ROAD    ,1,Day,2,2,1,0,0,1,2,Not at intersection,2,Hospitilisation,50,A,E ,Bicycle,E ,1,18,H,F,9,5,No control,9999,DOMAIN,ROAD,PARK,STREET,59,W,309195,N,MELBOURNE,MELBOURNE,-37.83406,144.98187,3141
267053,T20160021394,3/10/2016,152712,23555,08.20.00,1,Collision with vehicle,2,Monday,135,LANE CHANGE LEFT (NOT OVERTAKING)              ,1,Day,2,2,0,1,0,1,2,Not at intersection,3,Other Injury,999,B,N ,Bicycle,N ,1,1,H,1,2,1,Unknown,5127,TOORAK,ROAD,,,17,NK,230630,I,PORT PHILLIP,PORT PHILLIP,-37.83693,144.97561,3004
268443,T20160022984,3/10/2016,152712,23555,10.00.00,1,Collision with vehicle,2,Monday,134,LANE CHANGE RIGHT (NOT OVERTAKING)             ,1,Day,2,2,0,1,0,1,2,Cross intersection,3,Other Injury,40,B,S ,Bicycle,S ,6,6,H,1,9,1,No control,9999,FLINDERS,LANE,QUEEN,STREET,0,E,35357,I,MELBOURNE,MELBOURNE,-37.81791,144.96203,3000
267235,T20160021604,6/10/2016,152712,23555,06.20.00,1,Collision with vehicle,5,Thursday,163,VEHICLE STRIKES DOOR OF PARKED/STATIONARY VEHICLE      ,1,Day,2,2,1,0,0,1,1,Not at intersection,2,Hospitilisation,40,B,W ,Bicycle,W ,1,1,H,F,2,1,No control,5853,JOHNSTON,STREET,BRUNSWICK,STREET,25,W,310015,N,YARRA,YARRA,-37.79831,144.97818,3065
267403,T20160021804,8/10/2016,152712,23555,15.00.00,1,Collision with vehicle,7,Saturday,163,VEHICLE STRIKES DOOR OF PARKED/STATIONARY VEHICLE      ,1,Day,2,2,0,1,0,1,2,Not at intersection,3,Other Injury,60,A,N ,Bicycle,N ,1,1,H,F,2,9,Unknown,9999,SMITH,STREET,CHARLES,STREET,25,S,309201,N,YARRA,YARRA,-37.80368,144.98346,3066
267786,T20160022223,8/10/2016,152712,23555,11.30.00,1,Collision with vehicle,6,Saturday,163,VEHICLE STRIKES DOOR OF PARKED/STATIONARY VEHICLE      ,1,Day,2,2,0,1,0,1,2,Not at intersection,3,Other Injury,60,B,W ,Bicycle,W ,1,1,H,F,2,6,No control,5853,JOHNSTON,STREET,FITZROY,STREET,20,E,122153,N,YARRA,YARRA,-37.79825,144.97761,3065
267532,T20160021944,10/10/2016,152712,23555,16.52.00,1,Collision with vehicle,2,Monday,139,OTHER SAME DIRECTION-MANOUEVRES NOT INCLUDED IN DCAs 130-137,1,Day,2,2,0,1,0,1,1,Cross intersection,3,Other Injury,60,B,SE,Bicycle,SE,1,1,H,F,2,1,Stop-go lights,5061,SPENCER,STREET,HAWKE,STREET,0,SE,36105,I,MELBOURNE,MELBOURNE,-37.80709,144.94697,3003
267636,T20160022069,10/10/2016,152712,23555,08.30.00,8,No collision and no object struck,2,Monday,174,OUT OF CONTROL ON CARRIAGEWAY (ON STRAIGHT)         ,1,Day,2,2,0,1,0,1,2,T intersection,3,Other Injury,40,A,N ,Bicycle,N ,1,1,H,N,2,2,No control,9999,ANDERSON,STREET,ST LEONARDS,COURT,0,S,56567,I,MELBOURNE,MELBOURNE,-37.8293,144.98467,3141
267610,T20160022036,11/10/2016,152712,23555,09.30.00,1,Collision with vehicle,3,Tuesday,163,VEHICLE STRIKES DOOR OF PARKED/STATIONARY VEHICLE      ,1,Day,2,2,0,1,0,1,2,Not at intersection,3,Other Injury,40,A,N ,Bicycle,N ,1,17,H,5,2,1,No control,5490,CHAPEL,STREET,DALY,STREET,19,N,309719,N,STONNINGTON,STONNINGTON,-37.83801,144.99592,3141