,ACCIDENT_NO,ACCIDENTDATE,CYCLISTS,CYCLISTS_COUNT_LS,ACCIDENTTIME,ACCIDENT_TYPE,ACCIDENT_TYPE_DESC,DAY_OF_WEEK,DAY_WEEK_DESC,DCA_CODE,DCA Description,LIGHT_CONDITION,LIGHT_CONDITION_DEC,NO_OF_VEHICLES,NO_PERSONS,NO_PERSONS_INJ_2,NO_PERSONS_INJ_3,NO_PERSONS_KILLED,NO_PERSONS_NOT_INJ,POLICE_ATTEND,ROAD_GEOMETRY_DESC,SEVERITY,SEVERITY_DESC,SPEED_ZONE,VEHICLE_ID,INITIAL_DIRECTION,Vehicle Type Desc,FINAL_DIRECTION,DRIVER_INTENT,VEHICLE_MOVEMENT,TRAILER_TYPE,INITIAL_IMPACT,LAMPS,LEVEL_OF_DAMAGE,TRAFFIC_CONTROL_DESC,ROAD_ROUTE_1,ROAD_NAME,ROAD_TYPE,ROAD_NAME_INT,ROAD_TYPE_INT,DISTANCE_LOCATION,DIRECTION_LOCATION,NODE_ID,NODE_TYPE,LGA_NAME,Lga Name All,Lat,Long,Postcode No
267698,T20160022133,13/10/2016,152712,23555,07.50.00,1,Collision with vehicle,5,Thursday,121,RIGHT THROUGH                        ,1,Day,2,2,1,0,0,1,1,T intersection,2,Hospitilisation,60,B,S ,Bicycle,SW,1,1,H,5,2,1,No control,9999,EASTERN,ROAD,HEATHER,STREET,0,N,47362,I,PORT PHILLIP,PORT PHILLIP,-37.83305,144.96542,3205
268657,T20160023248,13/10/2016,152712,23555,10.15.00,1,Collision with vehicle,5,Thursday,140,U TURN                           ,1,Day,2,2,0,1,0,1,2,Not at intersection,3,Other Injury,60,A,W ,Bicycle,W ,1,1,H,F,2,2,No control,5285,BRIDGE,ROAD,NORMANBY,PLACE,15,E,313708,N,YARRA,YARRA,-37.81777,144.99194,3121
269375,T20160024181,13/10/2016,152712,23555,08.20.00,1,Collision with vehicle,4,Thursday,143,ENTERING PARKING                      ,1,Day,2,2,0,1,0,1,2,Not at intersection,3,Other Injury,40,A,S ,Bicycle,S ,1,1,H,F,2,1,No control,9999,LENNOX,STREET,SWAN,STREET,79,N,313914,N,YARRA,YARRA,-37.82447,144.99351,3121
267801,T20160022242,14/10/2016,152712,23555,10.45.00,1,Collision with vehicle,6,Friday,121,RIGHT THROUGH                        ,1,Day,2,2,0,1,0,1,1,T intersection,3,Other Injury,40,A,S ,Bicycle,S ,1,1,H,F,2,1,No control,5736,NICHOLSON,STREET,PRINCES,STREET,0,S,36445,I,MELBOURNE,"MELBOURNE,YARRA",-37.80677,144.97338,3065
267811,T20160022258,14/10/2016,152712,23555,09.40.00,1,Collision with vehicle,6,Friday,137,LEFT TURN SIDESWIPE                     ,1,Day,2,2,0,1,0,1,1,Not at intersection,3,Other Injury,60,B,S ,Bicycle,S ,1,1,H,F,2,2,No control,5102,LANSDOWNE,STREET,BIONIC EAR,LANE,21,N,309455,N,MELBOURNE,MELBOURNE,-37.80904,144.97847,3002
267898,T20160022363,15/10/2016,152712,23555,20.30.00,1,Collision with vehicle,6,Saturday,121,RIGHT THROUGH                        ,3,Dark Street lights on,2,2,0,1,0,1,1,T intersection,3,Other Injury,40,B,S ,Bicycle,S ,1,1,H,4,1,3,Stop-go lights,9999,GIPPS,STREET,WELLINGTON,STREET,0,W,36601,I,YARRA,YARRA,-37.80443,144.98644,3066
268033,T20160022484,17/10/2016,152712,23555,17.15.00,8,No collision and no object struck,2,Monday,174,OUT OF CONTROL ON CARRIAGEWAY (ON STRAIGHT)         ,1,Day,1,1,1,0,0,0,1,T intersection,2,Hospitilisation,60,A,NW,Bicycle,NW,3,18,H,N,2,6,No control,5065,PEEL,STREET,DUDLEY,STREET,0,S,295553,I,MELBOURNE,MELBOURNE,-37.80846,144.95556,3003
268131,T20160022612,19/10/2016,152712,23555,11.00.00,1,Collision with vehicle,4,Wednesday,163,VEHICLE STRIKES DOOR OF PARKED/STATIONARY VEHICLE      ,1,Day,3,3,1,0,0,2,1,Not at intersection,2,Hospitilisation,40,B,N ,Bicycle,N ,1,1,H,F,2,9,No control,9999,ELIZABETH,STREET,COLLINS,STREET,28,S,309625,N,MELBOURNE,MELBOURNE,-37.81646,144.96418,3000
268149,T20160022630,19/10/2016,152712,23555,14.50.00,1,Collision with vehicle,4,Wednesday,134,LANE CHANGE RIGHT (NOT OVERTAKING)             ,1,Day,2,2,0,1,0,1,1,Not at intersection,3,Other Injury,60,A,NW,Bicycle,NW,6,6,H,1,2,6,No control,2510,KINGS,WAY,YORK,STREET,29,NW,309639,N,PORT PHILLIP,PORT PHILLIP,-37.82934,144.96358,3205
268201,T20160022673,19/10/2016,152712,23555,17.40.00,1,Collision with vehicle,4,Wednesday,137,LEFT TURN SIDESWIPE                     ,1,Day,2,2,0,1,0,1,2,Not at intersection,3,Other Injury,999,B,NE,Bicycle,NE,1,1,H,F,9,2,No control,9999,LA TROBE,STREET,QUEEN,STREET,19,E,309634,N,MELBOURNE,MELBOURNE,-37.81098,144.95909,3000
268202,T20160022673,19/10/2016,152712,23555,17.40.00,1,Collision with vehicle,4,Wednesday,137,LEFT TURN SIDESWIPE                     ,1,Day,2,2,0,1,0,1,2,Not at intersection,3,Other Injury,999,B,NE,Bicycle,NE,1,1,H,F,9,2,No control,9999,LA TROBE,STREET,QUEEN,STREET,19,E,309634,N,MELBOURNE,MELBOURNE,-37.81098,144.95909,3000
268262,T20160022738,20/10/2016,152712,23555,19.34.00,1,Collision with vehicle,5,Thursday,110,CROSS TRAFFIC(INTERSECTIONS ONLY)              ,2,Dusk/Dawn,2,2,1,0,0,1,1,Cross intersection,2,Hospitilisation,40,B,E ,Bicycle,E ,1,1,H,F,1,3,Roundabout,9999,HOTHAM,STREET,SIMPSON,STREET,0,E,37041,I,MELBOURNE,MELBOURNE,-37.81442,144.98818,3002
268886,T20160023547,21/10/2016,152712,23555,15.30.00,1,Collision with vehicle,6,Friday,110,CROSS TRAFFIC(INTERSECTIONS ONLY)              ,1,Day,2,2,0,1,0,1,2,Cross intersection,3,Other Injury,40,A,NE,Bicycle,NE,1,1,H,F,2,6,Stop-go lights,9999,ELIZABETH,STREET,LA TROBE,STREET,0,N,65743,I,MELBOURNE,MELBOURNE,-37.81032,144.96136,3000
268887,T20160023547,21/10/2016,152712,23555,15.30.00,1,Collision with vehicle,6,Friday,110,CROSS TRAFFIC(INTERSECTIONS ONLY)              ,1,Day,2,2,0,1,0,1,2,Cross intersection,3,Other Injury,40,A,NE,Bicycle,NE,1,1,H,F,2,6,Stop-go lights,9999,ELIZABETH,STREET,LA TROBE,STREET,0,N,65743,I,MELBOURNE,MELBOURNE,-37.81032,144.96136,3000
268535,T20160023109,24/10/2016,152712,23555,18.00.00,1,Collision with vehicle,2,Monday,163,VEHICLE STRIKES DOOR OF PARKED/STATIONARY VEHICLE      ,1,Day,2,2,0,1,0,1,2,T intersection,3,Other Injury,999,B,E ,Bicycle,E ,1,1,H,F,2,9,No control,9999,BOURKE,STREET,CROSSLEY,STREET,6,E,310066,N,MELBOURNE,MELBOURNE,-37.81185,144.97139,3000
268604,T20160023193,25/10/2016,152712,23555,11.50.00,2,Struck Pedestrian,2,Tuesday,108,PED STRUCK WALKING TO/FROM OR BOARDING/ALIGHTING VEHICLE.  ,1,Day,1,2,0,1,0,1,2,Not at intersection,3,Other Injury,40,A,S ,Bicycle,S ,1,1,H,F,0,9,No control,9999,SWANSTON,STREET,BOURKE,STREET,43,S,311167,N,MELBOURNE,MELBOURNE,-37.8139,144.9658,3000
268609,T20160023196,26/10/2016,152712,23555,16.45.00,1,Collision with vehicle,4,Wednesday,163,VEHICLE STRIKES DOOR OF PARKED/STATIONARY VEHICLE      ,1,Day,2,2,0,1,0,1,2,T intersection,3,Other Injury,40,A,E ,Bicycle,E ,1,1,H,F,2,1,No control,9999,FLINDERS,STREET,DEGRAVES,STREET,3,E,310284,N,MELBOURNE,MELBOURNE,-37.81785,144.96606,3000
268610,T20160023196,26/10/2016,152712,23555,16.45.00,1,Collision with vehicle,4,Wednesday,163,VEHICLE STRIKES DOOR OF PARKED/STATIONARY VEHICLE      ,1,Day,2,2,0,1,0,1,2,T intersection,3,Other Injury,40,A,E ,Bicycle,E ,1,1,H,F,2,1,No control,9999,FLINDERS,STREET,DEGRAVES,STREET,3,E,310284,N,MELBOURNE,MELBOURNE,-37.81785,144.96606,3000
268625,T20160023214,26/10/2016,152712,23555,16.30.00,1,Collision with vehicle,4,Wednesday,110,CROSS TRAFFIC(INTERSECTIONS ONLY)              ,1,Day,2,2,1,0,0,1,1,Cross intersection,2,Hospitilisation,50,B,SW,Bicycle,SW,1,1,H,R,2,1,Roundabout,9999,COVENTRY,STREET,DODDS,STREET,0,W,66520,I,MELBOURNE,MELBOURNE,-37.82995,144.9668,3006
268700,T20160023310,28/10/2016,152712,23555,08.50.00,1,Collision with vehicle,5,Friday,142,LEAVING PARKING                       ,1,Day,2,2,0,1,0,1,1,Not at intersection,3,Other Injury,40,B,W ,Bicycle,W ,1,1,H,F,2,9,No control,9999,GIPPS,STREET,STURT,STREET,14,W,312429,N,YARRA,YARRA,-37.80474,144.98954,3066
269053,T20160023769,30/10/2016,152712,23555,01.30.00,8,No collision and no object struck,1,Sunday,174,OUT OF CONTROL ON CARRIAGEWAY (ON STRAIGHT)         ,3,Dark Street lights on,2,2,0,1,0,1,2,Not at intersection,3,Other Injury,40,A,N ,Bicycle,N ,1,1,H,N,1,1,No control,9999,BRUNSWICK,STREET,JOHNSTON,STREET,39,N,310182,N,YARRA,YARRA,-37.79799,144.97853,3065
269236,T20160024019,7/11/2016,152712,23555,12.37.00,1,Collision with vehicle,1,Monday,121,RIGHT THROUGH                        ,1,Day,2,2,0,1,0,1,1,Cross intersection,3,Other Injury,40,B,S ,Bicycle,S ,1,1,H,F,2,1,Stop-go lights,9999,CARDIGAN,STREET,ELGIN,STREET,0,S,35316,I,MELBOURNE,MELBOURNE,-37.797,144.96608,3053
269273,T20160024069,7/11/2016,152712,23555,08.45.00,1,Collision with vehicle,2,Monday,134,LANE CHANGE RIGHT (NOT OVERTAKING)             ,1,Day,2,2,0,1,0,1,1,Not at intersection,3,Other Injury,40,B,N ,Bicycle,N ,6,6,H,1,2,1,No control,9999,EXHIBITION,STREET,MALTHOUSE,LANE,12,S,75800,N,MELBOURNE,MELBOURNE,-37.81576,144.97226,3000
269398,T20160024215,8/11/2016,152712,23555,18.18.00,1,Collision with vehicle,3,Tuesday,121,RIGHT THROUGH                        ,1,Day,2,2,0,1,0,1,1,Cross intersection,3,Other Injury,60,B,N ,Bicycle,N ,1,1,H,F,2,2,Stop-go lights,5027,CURZON,STREET,ARDEN,STREET,0,S,36101,I,MELBOURNE,MELBOURNE,-37.80082,144.94851,3051
269716,T20160024633,9/11/2016,152712,23555,07.30.00,1,Collision with vehicle,4,Wednesday,137,LEFT TURN SIDESWIPE                     ,1,Day,2,2,0,1,0,1,2,Cross intersection,3,Other Injury,999,B,N ,Bicycle,N ,1,1,H,5,9,2,Stop-go lights,5127,TOORAK,ROAD,KINGS,WAY,0,NW,119,I,MELBOURNE,"PORT PHILLIP,MELBOURNE",-37.83622,144.97554,3004
269522,T20160024378,11/11/2016,152712,23555,16.10.00,1,Collision with vehicle,6,Friday,148,VEHICLE OFF FOOTPATH STRIKES VEH ON CARRIAGEWAY,1,Day,3,4,1,0,0,3,1,T intersection,2,Hospitilisation,60,C,S ,Bicycle,S ,1,1,H,1,2,5,Stop-go lights,2240,ALEXANDRA,AVENUE,LINLITHGOW,AVENUE,0,W,233985,I,MELBOURNE,MELBOURNE,-37.82163,144.97371,3004
269862,T20160024805,16/11/2016,152712,23555,17.10.00,1,Collision with vehicle,4,Wednesday,137,LEFT TURN SIDESWIPE                     ,1,Day,2,2,0,1,0,1,1,Cross intersection,3,Other Injury,60,B,S ,Bicycle,S ,1,1,H,1,2,1,Stop-go lights,5127,TOORAK,ROAD,KINGS,WAY,0,NW,119,I,MELBOURNE,"PORT PHILLIP,MELBOURNE",-37.83622,144.97554,3004
269841,T20160024778,17/11/2016,152712,23555,09.05.00,1,Collision with vehicle,5,Thursday,148,VEHICLE OFF FOOTPATH STRIKES VEH ON CARRIAGEWAY,1,Day,2,2,0,1,0,1,1,Multiple intersection,3,Other Injury,60,B,N ,Bicycle,N ,1,1,H,F,2,1,Stop-go lights,9999,PEARL RIVER,ROAD,OBSERVATION,DRIVE,208,N,278920,I,MELBOURNE,MELBOURNE,-37.80978,144.9359,3008
269848,T20160024787,17/11/2016,152712,23555,10.44.00,1,Collision with vehicle,5,Thursday,110,CROSS TRAFFIC(INTERSECTIONS ONLY)              ,1,Day,2,2,0,1,0,1,1,Cross intersection,3,Other Injury,50,B,W ,Bicycle,W ,1,1,H,1,2,1,Stop sign,9999,ARDEN,STREET,LEVESON,STREET,0,W,29380,I,MELBOURNE,MELBOURNE,-37.80114,144.95147,3051
269975,T20160024939,17/11/2016,152712,23555,18.00.00,1,Collision with vehicle,4,Thursday,163,VEHICLE STRIKES DOOR OF PARKED/STATIONARY VEHICLE      ,1,Day,2,2,0,1,0,1,2,Not at intersection,3,Other Injury,50,A,E ,Bicycle,E ,1,1,H,F,1,2,No control,9999,GRATTAN,STREET,ERSKINE,LANE,27,W,312882,N,MELBOURNE,MELBOURNE,-37.80095,144.96887,3053
269902,T20160024862,18/11/2016,152712,23555,00.54.00,1,Collision with vehicle,5,Friday,110,CROSS TRAFFIC(INTERSECTIONS ONLY)              ,3,Dark Street lights on,2,2,1,0,0,1,1,Cross intersection,2,Hospitilisation,60,B,N ,Bicycle,N ,1,1,H,F,2,4,Stop-go lights,5035,DYNON,ROAD,SPENCER,STREET,0,W,36090,I,MELBOURNE,MELBOURNE,-37.80544,144.94305,3003
269908,T20160024870,18/11/2016,152712,23555,08.25.00,1,Collision with vehicle,6,Friday,163,VEHICLE STRIKES DOOR OF PARKED/STATIONARY VEHICLE      ,1,Day,2,3,0,1,0,2,1,Not at intersection,3,Other Injury,60,B,W ,Bicycle,W ,1,1,H,F,2,2,Stop-go lights,5287,SWAN,STREET,ST CRISPIN,STREET,44,E,311169,N,YARRA,YARRA,-37.8258,144.99897,3121
269922,T20160024881,18/11/2016,152712,23555,12.23.00,1,Collision with vehicle,6,Friday,110,CROSS TRAFFIC(INTERSECTIONS ONLY)              ,1,Day,2,2,0,1,0,1,1,Cross intersection,3,Other Injury,40,B,SW,Bicycle,SW,1,1,H,F,2,1,Stop-go lights,9999,FLINDERS,STREET,WILLIAM,STREET,0,W,29420,I,MELBOURNE,MELBOURNE,-37.81961,144.96002,3000
269923,T20160024881,18/11/2016,152712,23555,12.23.00,1,Collision with vehicle,6,Friday,110,CROSS TRAFFIC(INTERSECTIONS ONLY)              ,1,Day,2,2,0,1,0,1,1,Cross intersection,3,Other Injury,40,B,SW,Bicycle,SW,1,1,H,F,2,1,Stop-go lights,9999,FLINDERS,STREET,WILLIAM,STREET,0,W,29420,I,MELBOURNE,MELBOURNE,-37.81961,144.96002,3000
270077,T20160025038,20/11/2016,152712,23555,13.00.00,1,Collision with vehicle,0,Sunday,121,RIGHT THROUGH                        ,1,Day,2,4,0,1,0,3,2,Cross intersection,3,Other Injury,50,A,W ,Bicycle,N ,2,2,H,F,2,3,Roundabout,9999,LEVESON,STREET,QUEENSBERRY,STREET,0,N,36122,I,MELBOURNE,MELBOURNE,-37.80322,144.9511,3051
270353,T20160025383,20/11/2016,152712,23555,18.57.00,1,Collision with vehicle,1,Sunday,137,LEFT TURN SIDESWIPE                     ,1,Day,2,3,0,1,0,2,2,Cross intersection,3,Other Injury,50,A,SW,Bicycle,S ,3,3,H,F,2,1,Giveway sign,5736,NICHOLSON,STREET,CARLTON,STREET,0,S,36432,I,MELBOURNE,"YARRA,MELBOURNE",-37.80122,144.97433,3065
270332,T20160025346,23/11/2016,152712,23555,22.04.00,1,Collision with vehicle,3,Wednesday,121,RIGHT THROUGH                        ,3,Dark Street lights on,2,3,0,1,0,2,1,Cross intersection,3,Other Injury,60,B,SE,Bicycle,S ,2,2,H,8,1,1,Stop-go lights,5082,VICTORIA,STREET,SWANSTON,STREET,0,W,36264,I,MELBOURNE,MELBOURNE,-37.80666,144.9629,3053
270436,T20160025502,24/11/2016,152712,23555,14.30.00,1,Collision with vehicle,4,Thursday,163,VEHICLE STRIKES DOOR OF PARKED/STATIONARY VEHICLE      ,1,Day,2,2,0,1,0,1,2,Not at intersection,3,Other Injury,60,A,W ,Bicycle,W ,1,1,H,5,2,6,No control,5853,JOHNSTON,STREET,FITZROY,STREET,56,W,311056,N,YARRA,YARRA,-37.79815,144.97676,3065
270614,T20160025747,29/11/2016,152712,23555,09.00.00,1,Collision with vehicle,3,Tuesday,143,ENTERING PARKING                      ,1,Day,2,3,0,1,0,2,1,Not at intersection,3,Other Injury,60,B,SE,Bicycle,SE,1,1,H,F,2,6,No control,5882,ST KILDA,ROAD,SLATER,STREET,76,S,311552,N,MELBOURNE,MELBOURNE,-37.83969,144.97702,3004
270619,T20160025751,29/11/2016,152712,23555,07.40.00,1,Collision with vehicle,2,Tuesday,137,LEFT TURN SIDESWIPE                     ,1,Day,2,2,1,0,0,1,1,Cross intersection,2,Hospitilisation,50,B,N ,Bicycle,N ,1,1,H,R,2,5,Stop-go lights,5082,VICTORIA,STREET,SWANSTON,STREET,0,W,36264,I,MELBOURNE,MELBOURNE,-37.80666,144.9629,3053
270661,T20160025789,29/11/2016,152712,23555,15.17.00,1,Collision with vehicle,3,Tuesday,143,ENTERING PARKING                      ,1,Day,2,2,0,1,0,1,1,Not at intersection,3,Other Injury,40,B,N ,Bicycle,N ,1,1,H,F,2,1,No control,9999,BRUNSWICK,STREET,VICTORIA,STREET,19,N,297166,N,YARRA,YARRA,-37.79889,144.97837,3065
270706,T20160025839,30/11/2016,152712,23555,11.40.00,2,Struck Pedestrian,4,Wednesday,100,PED NEAR SIDE. PED HIT BY VEHICLE FROM THE RIGHT.      ,1,Day,2,3,1,1,0,1,1,Cross intersection,2,Hospitilisation,40,B,N ,Bicycle,N ,1,1,H,F,2,3,No control,9999,WILLIAM,STREET,LONSDALE,STREET,15,S,85801,N,MELBOURNE,MELBOURNE,-37.81384,144.95738,3000
270862,T20160026082,3/12/2016,152712,23555,10.30.00,1,Collision with vehicle,7,Saturday,149,OTHER MANOEUVRING NOT INCLUDED IN DCAs 140-148       ,1,Day,3,4,1,0,0,3,1,T intersection,2,Hospitilisation,60,C,S ,Bicycle,S ,1,7,H,1,2,6,No control,5065,PEEL,STREET,HARBISON,LANE,10,S,142151,N,MELBOURNE,MELBOURNE,-37.80781,144.95567,3003
270939,T20160026155,4/12/2016,152712,23555,13.33.00,1,Collision with vehicle,1,Sunday,163,VEHICLE STRIKES DOOR OF PARKED/STATIONARY VEHICLE      ,1,Day,2,2,0,1,0,1,1,Not at intersection,3,Other Injury,60,A,S ,Bicycle,S ,1,1,H,F,0,1,No control,5882,ST KILDA,ROAD,DORCAS,STREET,30,N,313086,N,MELBOURNE,MELBOURNE,-37.82963,144.97153,3004
270998,T20160026259,5/12/2016,152712,23555,12.00.00,1,Collision with vehicle,1,Monday,143,ENTERING PARKING                      ,1,Day,2,2,1,0,0,1,2,Not at intersection,2,Hospitilisation,40,A,E ,Bicycle,E ,1,1,H,1,2,1,No control,5898,TOORAK,ROAD,CAROLINE S,STREET,14,W,313985,N,STONNINGTON,STONNINGTON,-37.83849,144.98784,3141
271121,T20160026396,5/12/2016,152712,23555,20.00.00,1,Collision with vehicle,2,Monday,163,VEHICLE STRIKES DOOR OF PARKED/STATIONARY VEHICLE      ,9,Unknown,2,2,0,2,0,0,2,Not at intersection,3,Other Injury,40,B,E ,Bicycle,E ,1,1,H,F,2,9,No control,9999,GERTRUDE,STREET,ROYAL,LANE,72,E,311545,N,YARRA,YARRA,-37.80555,144.97526,3065
271122,T20160026397,6/12/2016,152712,23555,12.30.00,2,Struck Pedestrian,3,Tuesday,100,PED NEAR SIDE. PED HIT BY VEHICLE FROM THE RIGHT.      ,1,Day,1,2,1,0,0,1,2,Not at intersection,2,Hospitilisation,40,A,S ,Bicycle,S ,1,1,H,F,2,9,No control,5041,KING,STREET,LITTLE BOURKE,STREET,27,N,311958,N,MELBOURNE,MELBOURNE,-37.81518,144.95517,3000
271207,T20160026520,6/12/2016,152712,23555,17.50.00,1,Collision with vehicle,2,Tuesday,121,RIGHT THROUGH                        ,1,Day,2,2,0,2,0,0,2,T intersection,3,Other Injury,60,B,N ,Bicycle,N ,1,1,H,1,2,1,Unknown,5499,CHURCH,STREET,GORDON,STREET,0,N,37714,I,YARRA,YARRA,-37.83112,144.99696,3121
271092,T20160026367,7/12/2016,152712,23555,08.50.00,1,Collision with vehicle,4,Wednesday,110,CROSS TRAFFIC(INTERSECTIONS ONLY)              ,1,Day,2,2,0,1,0,1,2,Cross intersection,3,Other Injury,40,B,W ,Bicycle,W ,1,1,H,F,2,1,Stop-go lights,9999,LA TROBE,STREET,WILLIAM,STREET,0,W,65799,I,MELBOURNE,MELBOURNE,-37.81175,144.95645,3003
271093,T20160026367,7/12/2016,152712,23555,08.50.00,1,Collision with vehicle,4,Wednesday,110,CROSS TRAFFIC(INTERSECTIONS ONLY)              ,1,Day,2,2,0,1,0,1,2,Cross intersection,3,Other Injury,40,B,W ,Bicycle,W ,1,1,H,F,2,1,Stop-go lights,9999,LA TROBE,STREET,WILLIAM,STREET,0,W,65799,I,MELBOURNE,MELBOURNE,-37.81175,144.95645,3003
271314,T20160026663,10/12/2016,152712,23555,18.50.00,1,Collision with vehicle,7,Saturday,116,LEFT NEAR (INTERSECTIONS ONLY)               ,1,Day,2,3,0,1,0,2,1,T intersection,3,Other Injury,50,B,E ,Bicycle,NE,3,3,H,1,2,1,No control,9999,LEVESON,STREET,LITTLE ERROL,STREET,0,N,65466,I,MELBOURNE,MELBOURNE,-37.8041,144.95094,3051
271450,T20160026867,13/12/2016,152712,23555,06.44.00,1,Collision with vehicle,3,Tuesday,133,LANE SIDE SWIPE (VEHICLES IN PARALLEL LANES)        ,1,Day,2,2,0,1,0,1,1,Not at intersection,3,Other Injury,60,A,N ,Bicycle,N ,1,1,H,1,2,1,No control,5882,ST KILDA,ROAD,DORCAS,STREET,120,S,311842,N,PORT PHILLIP,PORT PHILLIP,-37.83099,144.97116,3004
271491,T20160026906,13/12/2016,152712,23555,17.20.00,1,Collision with vehicle,3,Tuesday,121,RIGHT THROUGH                        ,1,Day,2,2,0,1,0,1,2,Cross intersection,3,Other Injury,40,B,E ,Bicycle,E ,1,1,H,F,9,1,No control,9999,GERTRUDE,STREET,GORE,STREET,0,W,36545,I,YARRA,YARRA,-37.80624,144.98181,3065
271631,T20160027062,13/12/2016,152712,23555,07.40.00,1,Collision with vehicle,2,Tuesday,149,OTHER MANOEUVRING NOT INCLUDED IN DCAs 140-148       ,1,Day,2,2,1,0,0,1,2,Not at intersection,2,Hospitilisation,50,A,E ,Bicycle,E ,1,1,H,R,2,9,No control,9999,ARDEN,STREET,ELIZABETH,STREET,39,E,311896,N,MELBOURNE,MELBOURNE,-37.79914,144.93393,3031
271683,T20160027137,13/12/2016,152712,23555,06.35.00,1,Collision with vehicle,3,Tuesday,139,OTHER SAME DIRECTION-MANOUEVRES NOT INCLUDED IN DCAs 130-137,2,Dusk/Dawn,2,2,0,1,0,1,2,Not at intersection,3,Other Injury,60,A,NW,Bicycle,NW,1,1,H,1,2,1,No control,5882,ST KILDA,ROAD,SLATER,STREET,66,S,313089,N,PORT PHILLIP,PORT PHILLIP,-37.83969,144.9766,3004
271634,T20160027066,15/12/2016,152712,23555,17.55.00,1,Collision with vehicle,5,Thursday,121,RIGHT THROUGH                        ,1,Day,2,2,0,1,0,1,1,Cross intersection,3,Other Injury,40,B,E ,Bicycle,E ,1,1,H,F,2,1,Stop-go lights,5853,JOHNSTON,STREET,NAPIER,STREET,0,W,36536,I,YARRA,YARRA,-37.79858,144.98071,3065
271681,T20160027136,15/12/2016,152712,23555,23.09.00,1,Collision with vehicle,4,Thursday,133,LANE SIDE SWIPE (VEHICLES IN PARALLEL LANES)        ,3,Dark Street lights on,2,2,1,0,0,1,1,T intersection,2,Hospitilisation,70,A,SE,Bicycle,SE,1,1,H,1,2,9,Stop-go lights,2510,KINGS,WAY,PARK,STREET,0,NW,31,I,PORT PHILLIP,PORT PHILLIP,-37.83339,144.96794,3205
271972,T20160027537,15/12/2016,152712,23555,17.30.00,1,Collision with vehicle,5,Thursday,163,VEHICLE STRIKES DOOR OF PARKED/STATIONARY VEHICLE      ,9,Unknown,2,3,0,1,0,2,2,Not at intersection,3,Other Injury,40,B,S ,Bicycle,S ,1,1,H,1,0,6,Unknown,9999,ST KILDA,ROAD,SOUTHBANK,PROMENADE BIKE,52,N,313709,N,MELBOURNE,MELBOURNE,-37.81927,144.96827,3006
271751,T20160027222,17/12/2016,152712,23555,19.50.00,1,Collision with vehicle,7,Saturday,148,VEHICLE OFF FOOTPATH STRIKES VEH ON CARRIAGEWAY,1,Day,2,2,0,1,0,1,1,Cross intersection,3,Other Injury,50,B,SE,Bicycle,SE,1,1,H,5,2,6,Unknown,5318,CLARENDON,STREET,THOMSON,STREET,0,N,37564,I,PORT PHILLIP,PORT PHILLIP,-37.83797,144.96286,3205
271839,T20160027348,19/12/2016,152712,23555,19.27.00,1,Collision with vehicle,1,Monday,120,HEAD ON (NOT OVERTAKING)                  ,1,Day,2,2,0,1,0,1,1,T intersection,3,Other Injury,40,B,E ,Bicycle,E ,1,1,H,F,2,2,No control,5285,BRIDGE,ROAD,PELUSO,PLACE,0,W,66062,I,YARRA,YARRA,-37.81824,144.99613,3121
272380,T20160028097,21/12/2016,152712,23555,19.45.00,1,Collision with vehicle,3,Wednesday,110,CROSS TRAFFIC(INTERSECTIONS ONLY)              ,1,Day,2,2,0,1,0,1,2,Cross intersection,3,Other Injury,40,B,N ,Bicycle,N ,1,6,H,8,2,3,Stop-go lights,9999,ELIZABETH,STREET,LENNOX,STREET,0,W,65784,I,YARRA,YARRA,-37.8114,144.99581,3121
271998,T20160027567,22/12/2016,152712,23555,06.45.00,1,Collision with vehicle,5,Thursday,149,OTHER MANOEUVRING NOT INCLUDED IN DCAs 140-148       ,9,Unknown,2,2,0,1,0,1,2,T intersection,3,Other Injury,40,B,W ,Bicycle,N ,2,2,H,5,9,1,Unknown,9999,FLINDERS,STREET,DEGRAVES,STREET,4,E,313142,N,MELBOURNE,MELBOURNE,-37.81785,144.96608,3000
271999,T20160027567,22/12/2016,152712,23555,06.45.00,1,Collision with vehicle,5,Thursday,149,OTHER MANOEUVRING NOT INCLUDED IN DCAs 140-148       ,9,Unknown,2,2,0,1,0,1,2,T intersection,3,Other Injury,40,B,W ,Bicycle,N ,2,2,H,5,9,1,Unknown,9999,FLINDERS,STREET,DEGRAVES,STREET,4,E,313142,N,MELBOURNE,MELBOURNE,-37.81785,144.96608,3000
272292,T20160028001,28/12/2016,152712,23555,23.40.00,1,Collision with vehicle,4,Wednesday,140,U TURN                           ,3,Dark Street lights on,2,3,0,1,0,2,1,Not at intersection,3,Other Injury,40,B,N ,Bicycle,N ,1,1,H,F,2,2,No control,9999,BRUNSWICK,STREET,ST DAVID,STREET,49,S,312305,N,YARRA,YARRA,-37.80104,144.978,3065